SOL 103
CEND
TITLE = MIDAS EIGEN-13 PLATE CHECK
SUBCASE 1
  METHOD = 1
  SPC = 1
BEGIN BULK
PARAM,POST,-1
PARAM,LANCMETH,FEAST
EIGRL,1,0.,700.,6
MAT1,1,2.06580000E+008,,0.300000,7.85699572E+000
PSHELL,1,1,3.04800000E-003,1
GRID,1,,-1.50808000E-001,0.00000000E+000,5.90651000E-001
GRID,2,,-1.43413000E-001,0.00000000E+000,5.92490000E-001
GRID,3,,-1.35996000E-001,0.00000000E+000,5.94237000E-001
GRID,4,,-1.28558000E-001,0.00000000E+000,5.95890000E-001
GRID,5,,-1.21099000E-001,0.00000000E+000,5.97450000E-001
GRID,6,,-1.13622000E-001,0.00000000E+000,5.98918000E-001
GRID,7,,-1.06127000E-001,0.00000000E+000,6.00291000E-001
GRID,8,,-9.86152000E-002,0.00000000E+000,6.01571000E-001
GRID,9,,-9.10880000E-002,0.00000000E+000,6.02756000E-001
GRID,10,,-8.35467000E-002,0.00000000E+000,6.03848000E-001
GRID,11,,-7.59922000E-002,0.00000000E+000,6.04845000E-001
GRID,12,,-6.84259000E-002,0.00000000E+000,6.05748000E-001
GRID,13,,-6.08489000E-002,0.00000000E+000,6.06555000E-001
GRID,14,,-5.32624000E-002,0.00000000E+000,6.07269000E-001
GRID,15,,-4.56676000E-002,0.00000000E+000,6.07887000E-001
GRID,16,,-3.80657000E-002,0.00000000E+000,6.08410000E-001
GRID,17,,-3.04577000E-002,0.00000000E+000,6.08839000E-001
GRID,18,,-2.28451000E-002,0.00000000E+000,6.09172000E-001
GRID,19,,-1.52288000E-002,0.00000000E+000,6.09410000E-001
GRID,20,,-7.61023000E-003,0.00000000E+000,6.09552000E-001
GRID,21,,9.57557000E-006,0.00000000E+000,6.09600000E-001
GRID,22,,7.62938000E-003,0.00000000E+000,6.09552000E-001
GRID,23,,1.52480000E-002,0.00000000E+000,6.09409000E-001
GRID,24,,2.28642000E-002,0.00000000E+000,6.09171000E-001
GRID,25,,3.04769000E-002,0.00000000E+000,6.08838000E-001
GRID,26,,3.80848000E-002,0.00000000E+000,6.08409000E-001
GRID,27,,4.56867000E-002,0.00000000E+000,6.07886000E-001
GRID,28,,5.32815000E-002,0.00000000E+000,6.07267000E-001
GRID,29,,6.08680000E-002,0.00000000E+000,6.06554000E-001
GRID,30,,6.84450000E-002,0.00000000E+000,6.05745000E-001
GRID,31,,7.60112000E-002,0.00000000E+000,6.04843000E-001
GRID,32,,8.35656000E-002,0.00000000E+000,6.03845000E-001
GRID,33,,9.11070000E-002,0.00000000E+000,6.02753000E-001
GRID,34,,9.86341000E-002,0.00000000E+000,6.01568000E-001
GRID,35,,1.06146000E-001,0.00000000E+000,6.00288000E-001
GRID,36,,1.13641000E-001,0.00000000E+000,5.98914000E-001
GRID,37,,1.21118000E-001,0.00000000E+000,5.97447000E-001
GRID,38,,1.28577000E-001,0.00000000E+000,5.95886000E-001
GRID,39,,1.36015000E-001,0.00000000E+000,5.94232000E-001
GRID,40,,1.43432000E-001,0.00000000E+000,5.92486000E-001
GRID,41,,1.50827000E-001,0.00000000E+000,5.90647000E-001
GRID,42,,-1.50808000E-001,7.62000000E-003,5.90651000E-001
GRID,43,,-1.43413000E-001,7.62000000E-003,5.92490000E-001
GRID,44,,-1.35996000E-001,7.62000000E-003,5.94237000E-001
GRID,45,,-1.28558000E-001,7.62000000E-003,5.95890000E-001
GRID,46,,-1.21099000E-001,7.62000000E-003,5.97450000E-001
GRID,47,,-1.13622000E-001,7.62000000E-003,5.98918000E-001
GRID,48,,-1.06127000E-001,7.62000000E-003,6.00291000E-001
GRID,49,,-9.86152000E-002,7.62000000E-003,6.01571000E-001
GRID,50,,-9.10880000E-002,7.62000000E-003,6.02756000E-001
GRID,51,,-8.35467000E-002,7.62000000E-003,6.03848000E-001
GRID,52,,-7.59922000E-002,7.62000000E-003,6.04845000E-001
GRID,53,,-6.84259000E-002,7.62000000E-003,6.05748000E-001
GRID,54,,-6.08489000E-002,7.62000000E-003,6.06555000E-001
GRID,55,,-5.32624000E-002,7.62000000E-003,6.07269000E-001
GRID,56,,-4.56676000E-002,7.62000000E-003,6.07887000E-001
GRID,57,,-3.80657000E-002,7.62000000E-003,6.08410000E-001
GRID,58,,-3.04577000E-002,7.62000000E-003,6.08839000E-001
GRID,59,,-2.28451000E-002,7.62000000E-003,6.09172000E-001
GRID,60,,-1.52288000E-002,7.62000000E-003,6.09410000E-001
GRID,61,,-7.61023000E-003,7.62000000E-003,6.09552000E-001
GRID,62,,9.57557000E-006,7.62000000E-003,6.09600000E-001
GRID,63,,7.62938000E-003,7.62000000E-003,6.09552000E-001
GRID,64,,1.52480000E-002,7.62000000E-003,6.09409000E-001
GRID,65,,2.28642000E-002,7.62000000E-003,6.09171000E-001
GRID,66,,3.04769000E-002,7.62000000E-003,6.08838000E-001
GRID,67,,3.80848000E-002,7.62000000E-003,6.08409000E-001
GRID,68,,4.56867000E-002,7.62000000E-003,6.07886000E-001
GRID,69,,5.32815000E-002,7.62000000E-003,6.07267000E-001
GRID,70,,6.08680000E-002,7.62000000E-003,6.06554000E-001
GRID,71,,6.84450000E-002,7.62000000E-003,6.05745000E-001
GRID,72,,7.60112000E-002,7.62000000E-003,6.04843000E-001
GRID,73,,8.35656000E-002,7.62000000E-003,6.03845000E-001
GRID,74,,9.11070000E-002,7.62000000E-003,6.02753000E-001
GRID,75,,9.86341000E-002,7.62000000E-003,6.01568000E-001
GRID,76,,1.06146000E-001,7.62000000E-003,6.00288000E-001
GRID,77,,1.13641000E-001,7.62000000E-003,5.98914000E-001
GRID,78,,1.21118000E-001,7.62000000E-003,5.97447000E-001
GRID,79,,1.28577000E-001,7.62000000E-003,5.95886000E-001
GRID,80,,1.36015000E-001,7.62000000E-003,5.94232000E-001
GRID,81,,1.43432000E-001,7.62000000E-003,5.92486000E-001
GRID,82,,1.50827000E-001,7.62000000E-003,5.90647000E-001
GRID,83,,-1.50808000E-001,1.52400000E-002,5.90651000E-001
GRID,84,,-1.43413000E-001,1.52400000E-002,5.92490000E-001
GRID,85,,-1.35996000E-001,1.52400000E-002,5.94237000E-001
GRID,86,,-1.28558000E-001,1.52400000E-002,5.95890000E-001
GRID,87,,-1.21099000E-001,1.52400000E-002,5.97450000E-001
GRID,88,,-1.13622000E-001,1.52400000E-002,5.98918000E-001
GRID,89,,-1.06127000E-001,1.52400000E-002,6.00291000E-001
GRID,90,,-9.86152000E-002,1.52400000E-002,6.01571000E-001
GRID,91,,-9.10880000E-002,1.52400000E-002,6.02756000E-001
GRID,92,,-8.35467000E-002,1.52400000E-002,6.03848000E-001
GRID,93,,-7.59922000E-002,1.52400000E-002,6.04845000E-001
GRID,94,,-6.84259000E-002,1.52400000E-002,6.05748000E-001
GRID,95,,-6.08489000E-002,1.52400000E-002,6.06555000E-001
GRID,96,,-5.32624000E-002,1.52400000E-002,6.07269000E-001
GRID,97,,-4.56676000E-002,1.52400000E-002,6.07887000E-001
GRID,98,,-3.80657000E-002,1.52400000E-002,6.08410000E-001
GRID,99,,-3.04577000E-002,1.52400000E-002,6.08839000E-001
GRID,100,,-2.28451000E-002,1.52400000E-002,6.09172000E-001
GRID,101,,-1.52288000E-002,1.52400000E-002,6.09410000E-001
GRID,102,,-7.61023000E-003,1.52400000E-002,6.09552000E-001
GRID,103,,9.57557000E-006,1.52400000E-002,6.09600000E-001
GRID,104,,7.62938000E-003,1.52400000E-002,6.09552000E-001
GRID,105,,1.52480000E-002,1.52400000E-002,6.09409000E-001
GRID,106,,2.28642000E-002,1.52400000E-002,6.09171000E-001
GRID,107,,3.04769000E-002,1.52400000E-002,6.08838000E-001
GRID,108,,3.80848000E-002,1.52400000E-002,6.08409000E-001
GRID,109,,4.56867000E-002,1.52400000E-002,6.07886000E-001
GRID,110,,5.32815000E-002,1.52400000E-002,6.07267000E-001
GRID,111,,6.08680000E-002,1.52400000E-002,6.06554000E-001
GRID,112,,6.84450000E-002,1.52400000E-002,6.05745000E-001
GRID,113,,7.60112000E-002,1.52400000E-002,6.04843000E-001
GRID,114,,8.35656000E-002,1.52400000E-002,6.03845000E-001
GRID,115,,9.11070000E-002,1.52400000E-002,6.02753000E-001
GRID,116,,9.86341000E-002,1.52400000E-002,6.01568000E-001
GRID,117,,1.06146000E-001,1.52400000E-002,6.00288000E-001
GRID,118,,1.13641000E-001,1.52400000E-002,5.98914000E-001
GRID,119,,1.21118000E-001,1.52400000E-002,5.97447000E-001
GRID,120,,1.28577000E-001,1.52400000E-002,5.95886000E-001
GRID,121,,1.36015000E-001,1.52400000E-002,5.94232000E-001
GRID,122,,1.43432000E-001,1.52400000E-002,5.92486000E-001
GRID,123,,1.50827000E-001,1.52400000E-002,5.90647000E-001
GRID,124,,-1.50808000E-001,2.28600000E-002,5.90651000E-001
GRID,125,,-1.43413000E-001,2.28600000E-002,5.92490000E-001
GRID,126,,-1.35996000E-001,2.28600000E-002,5.94237000E-001
GRID,127,,-1.28558000E-001,2.28600000E-002,5.95890000E-001
GRID,128,,-1.21099000E-001,2.28600000E-002,5.97450000E-001
GRID,129,,-1.13622000E-001,2.28600000E-002,5.98918000E-001
GRID,130,,-1.06127000E-001,2.28600000E-002,6.00291000E-001
GRID,131,,-9.86152000E-002,2.28600000E-002,6.01571000E-001
GRID,132,,-9.10880000E-002,2.28600000E-002,6.02756000E-001
GRID,133,,-8.35467000E-002,2.28600000E-002,6.03848000E-001
GRID,134,,-7.59922000E-002,2.28600000E-002,6.04845000E-001
GRID,135,,-6.84259000E-002,2.28600000E-002,6.05748000E-001
GRID,136,,-6.08489000E-002,2.28600000E-002,6.06555000E-001
GRID,137,,-5.32624000E-002,2.28600000E-002,6.07269000E-001
GRID,138,,-4.56676000E-002,2.28600000E-002,6.07887000E-001
GRID,139,,-3.80657000E-002,2.28600000E-002,6.08410000E-001
GRID,140,,-3.04577000E-002,2.28600000E-002,6.08839000E-001
GRID,141,,-2.28451000E-002,2.28600000E-002,6.09172000E-001
GRID,142,,-1.52288000E-002,2.28600000E-002,6.09410000E-001
GRID,143,,-7.61023000E-003,2.28600000E-002,6.09552000E-001
GRID,144,,9.57557000E-006,2.28600000E-002,6.09600000E-001
GRID,145,,7.62938000E-003,2.28600000E-002,6.09552000E-001
GRID,146,,1.52480000E-002,2.28600000E-002,6.09409000E-001
GRID,147,,2.28642000E-002,2.28600000E-002,6.09171000E-001
GRID,148,,3.04769000E-002,2.28600000E-002,6.08838000E-001
GRID,149,,3.80848000E-002,2.28600000E-002,6.08409000E-001
GRID,150,,4.56867000E-002,2.28600000E-002,6.07886000E-001
GRID,151,,5.32815000E-002,2.28600000E-002,6.07267000E-001
GRID,152,,6.08680000E-002,2.28600000E-002,6.06554000E-001
GRID,153,,6.84450000E-002,2.28600000E-002,6.05745000E-001
GRID,154,,7.60112000E-002,2.28600000E-002,6.04843000E-001
GRID,155,,8.35656000E-002,2.28600000E-002,6.03845000E-001
GRID,156,,9.11070000E-002,2.28600000E-002,6.02753000E-001
GRID,157,,9.86341000E-002,2.28600000E-002,6.01568000E-001
GRID,158,,1.06146000E-001,2.28600000E-002,6.00288000E-001
GRID,159,,1.13641000E-001,2.28600000E-002,5.98914000E-001
GRID,160,,1.21118000E-001,2.28600000E-002,5.97447000E-001
GRID,161,,1.28577000E-001,2.28600000E-002,5.95886000E-001
GRID,162,,1.36015000E-001,2.28600000E-002,5.94232000E-001
GRID,163,,1.43432000E-001,2.28600000E-002,5.92486000E-001
GRID,164,,1.50827000E-001,2.28600000E-002,5.90647000E-001
GRID,165,,-1.50808000E-001,3.04800000E-002,5.90651000E-001
GRID,166,,-1.43413000E-001,3.04800000E-002,5.92490000E-001
GRID,167,,-1.35996000E-001,3.04800000E-002,5.94237000E-001
GRID,168,,-1.28558000E-001,3.04800000E-002,5.95890000E-001
GRID,169,,-1.21099000E-001,3.04800000E-002,5.97450000E-001
GRID,170,,-1.13622000E-001,3.04800000E-002,5.98918000E-001
GRID,171,,-1.06127000E-001,3.04800000E-002,6.00291000E-001
GRID,172,,-9.86152000E-002,3.04800000E-002,6.01571000E-001
GRID,173,,-9.10880000E-002,3.04800000E-002,6.02756000E-001
GRID,174,,-8.35467000E-002,3.04800000E-002,6.03848000E-001
GRID,175,,-7.59922000E-002,3.04800000E-002,6.04845000E-001
GRID,176,,-6.84259000E-002,3.04800000E-002,6.05748000E-001
GRID,177,,-6.08489000E-002,3.04800000E-002,6.06555000E-001
GRID,178,,-5.32624000E-002,3.04800000E-002,6.07269000E-001
GRID,179,,-4.56676000E-002,3.04800000E-002,6.07887000E-001
GRID,180,,-3.80657000E-002,3.04800000E-002,6.08410000E-001
GRID,181,,-3.04577000E-002,3.04800000E-002,6.08839000E-001
GRID,182,,-2.28451000E-002,3.04800000E-002,6.09172000E-001
GRID,183,,-1.52288000E-002,3.04800000E-002,6.09410000E-001
GRID,184,,-7.61023000E-003,3.04800000E-002,6.09552000E-001
GRID,185,,9.57557000E-006,3.04800000E-002,6.09600000E-001
GRID,186,,7.62938000E-003,3.04800000E-002,6.09552000E-001
GRID,187,,1.52480000E-002,3.04800000E-002,6.09409000E-001
GRID,188,,2.28642000E-002,3.04800000E-002,6.09171000E-001
GRID,189,,3.04769000E-002,3.04800000E-002,6.08838000E-001
GRID,190,,3.80848000E-002,3.04800000E-002,6.08409000E-001
GRID,191,,4.56867000E-002,3.04800000E-002,6.07886000E-001
GRID,192,,5.32815000E-002,3.04800000E-002,6.07267000E-001
GRID,193,,6.08680000E-002,3.04800000E-002,6.06554000E-001
GRID,194,,6.84450000E-002,3.04800000E-002,6.05745000E-001
GRID,195,,7.60112000E-002,3.04800000E-002,6.04843000E-001
GRID,196,,8.35656000E-002,3.04800000E-002,6.03845000E-001
GRID,197,,9.11070000E-002,3.04800000E-002,6.02753000E-001
GRID,198,,9.86341000E-002,3.04800000E-002,6.01568000E-001
GRID,199,,1.06146000E-001,3.04800000E-002,6.00288000E-001
GRID,200,,1.13641000E-001,3.04800000E-002,5.98914000E-001
GRID,201,,1.21118000E-001,3.04800000E-002,5.97447000E-001
GRID,202,,1.28577000E-001,3.04800000E-002,5.95886000E-001
GRID,203,,1.36015000E-001,3.04800000E-002,5.94232000E-001
GRID,204,,1.43432000E-001,3.04800000E-002,5.92486000E-001
GRID,205,,1.50827000E-001,3.04800000E-002,5.90647000E-001
GRID,206,,-1.50808000E-001,3.81000000E-002,5.90651000E-001
GRID,207,,-1.43413000E-001,3.81000000E-002,5.92490000E-001
GRID,208,,-1.35996000E-001,3.81000000E-002,5.94237000E-001
GRID,209,,-1.28558000E-001,3.81000000E-002,5.95890000E-001
GRID,210,,-1.21099000E-001,3.81000000E-002,5.97450000E-001
GRID,211,,-1.13622000E-001,3.81000000E-002,5.98918000E-001
GRID,212,,-1.06127000E-001,3.81000000E-002,6.00291000E-001
GRID,213,,-9.86152000E-002,3.81000000E-002,6.01571000E-001
GRID,214,,-9.10880000E-002,3.81000000E-002,6.02756000E-001
GRID,215,,-8.35467000E-002,3.81000000E-002,6.03848000E-001
GRID,216,,-7.59922000E-002,3.81000000E-002,6.04845000E-001
GRID,217,,-6.84259000E-002,3.81000000E-002,6.05748000E-001
GRID,218,,-6.08489000E-002,3.81000000E-002,6.06555000E-001
GRID,219,,-5.32624000E-002,3.81000000E-002,6.07269000E-001
GRID,220,,-4.56676000E-002,3.81000000E-002,6.07887000E-001
GRID,221,,-3.80657000E-002,3.81000000E-002,6.08410000E-001
GRID,222,,-3.04577000E-002,3.81000000E-002,6.08839000E-001
GRID,223,,-2.28451000E-002,3.81000000E-002,6.09172000E-001
GRID,224,,-1.52288000E-002,3.81000000E-002,6.09410000E-001
GRID,225,,-7.61023000E-003,3.81000000E-002,6.09552000E-001
GRID,226,,9.57557000E-006,3.81000000E-002,6.09600000E-001
GRID,227,,7.62938000E-003,3.81000000E-002,6.09552000E-001
GRID,228,,1.52480000E-002,3.81000000E-002,6.09409000E-001
GRID,229,,2.28642000E-002,3.81000000E-002,6.09171000E-001
GRID,230,,3.04769000E-002,3.81000000E-002,6.08838000E-001
GRID,231,,3.80848000E-002,3.81000000E-002,6.08409000E-001
GRID,232,,4.56867000E-002,3.81000000E-002,6.07886000E-001
GRID,233,,5.32815000E-002,3.81000000E-002,6.07267000E-001
GRID,234,,6.08680000E-002,3.81000000E-002,6.06554000E-001
GRID,235,,6.84450000E-002,3.81000000E-002,6.05745000E-001
GRID,236,,7.60112000E-002,3.81000000E-002,6.04843000E-001
GRID,237,,8.35656000E-002,3.81000000E-002,6.03845000E-001
GRID,238,,9.11070000E-002,3.81000000E-002,6.02753000E-001
GRID,239,,9.86341000E-002,3.81000000E-002,6.01568000E-001
GRID,240,,1.06146000E-001,3.81000000E-002,6.00288000E-001
GRID,241,,1.13641000E-001,3.81000000E-002,5.98914000E-001
GRID,242,,1.21118000E-001,3.81000000E-002,5.97447000E-001
GRID,243,,1.28577000E-001,3.81000000E-002,5.95886000E-001
GRID,244,,1.36015000E-001,3.81000000E-002,5.94232000E-001
GRID,245,,1.43432000E-001,3.81000000E-002,5.92486000E-001
GRID,246,,1.50827000E-001,3.81000000E-002,5.90647000E-001
GRID,247,,-1.50808000E-001,4.57200000E-002,5.90651000E-001
GRID,248,,-1.43413000E-001,4.57200000E-002,5.92490000E-001
GRID,249,,-1.35996000E-001,4.57200000E-002,5.94237000E-001
GRID,250,,-1.28558000E-001,4.57200000E-002,5.95890000E-001
GRID,251,,-1.21099000E-001,4.57200000E-002,5.97450000E-001
GRID,252,,-1.13622000E-001,4.57200000E-002,5.98918000E-001
GRID,253,,-1.06127000E-001,4.57200000E-002,6.00291000E-001
GRID,254,,-9.86152000E-002,4.57200000E-002,6.01571000E-001
GRID,255,,-9.10880000E-002,4.57200000E-002,6.02756000E-001
GRID,256,,-8.35467000E-002,4.57200000E-002,6.03848000E-001
GRID,257,,-7.59922000E-002,4.57200000E-002,6.04845000E-001
GRID,258,,-6.84259000E-002,4.57200000E-002,6.05748000E-001
GRID,259,,-6.08489000E-002,4.57200000E-002,6.06555000E-001
GRID,260,,-5.32624000E-002,4.57200000E-002,6.07269000E-001
GRID,261,,-4.56676000E-002,4.57200000E-002,6.07887000E-001
GRID,262,,-3.80657000E-002,4.57200000E-002,6.08410000E-001
GRID,263,,-3.04577000E-002,4.57200000E-002,6.08839000E-001
GRID,264,,-2.28451000E-002,4.57200000E-002,6.09172000E-001
GRID,265,,-1.52288000E-002,4.57200000E-002,6.09410000E-001
GRID,266,,-7.61023000E-003,4.57200000E-002,6.09552000E-001
GRID,267,,9.57557000E-006,4.57200000E-002,6.09600000E-001
GRID,268,,7.62938000E-003,4.57200000E-002,6.09552000E-001
GRID,269,,1.52480000E-002,4.57200000E-002,6.09409000E-001
GRID,270,,2.28642000E-002,4.57200000E-002,6.09171000E-001
GRID,271,,3.04769000E-002,4.57200000E-002,6.08838000E-001
GRID,272,,3.80848000E-002,4.57200000E-002,6.08409000E-001
GRID,273,,4.56867000E-002,4.57200000E-002,6.07886000E-001
GRID,274,,5.32815000E-002,4.57200000E-002,6.07267000E-001
GRID,275,,6.08680000E-002,4.57200000E-002,6.06554000E-001
GRID,276,,6.84450000E-002,4.57200000E-002,6.05745000E-001
GRID,277,,7.60112000E-002,4.57200000E-002,6.04843000E-001
GRID,278,,8.35656000E-002,4.57200000E-002,6.03845000E-001
GRID,279,,9.11070000E-002,4.57200000E-002,6.02753000E-001
GRID,280,,9.86341000E-002,4.57200000E-002,6.01568000E-001
GRID,281,,1.06146000E-001,4.57200000E-002,6.00288000E-001
GRID,282,,1.13641000E-001,4.57200000E-002,5.98914000E-001
GRID,283,,1.21118000E-001,4.57200000E-002,5.97447000E-001
GRID,284,,1.28577000E-001,4.57200000E-002,5.95886000E-001
GRID,285,,1.36015000E-001,4.57200000E-002,5.94232000E-001
GRID,286,,1.43432000E-001,4.57200000E-002,5.92486000E-001
GRID,287,,1.50827000E-001,4.57200000E-002,5.90647000E-001
GRID,288,,-1.50808000E-001,5.33400000E-002,5.90651000E-001
GRID,289,,-1.43413000E-001,5.33400000E-002,5.92490000E-001
GRID,290,,-1.35996000E-001,5.33400000E-002,5.94237000E-001
GRID,291,,-1.28558000E-001,5.33400000E-002,5.95890000E-001
GRID,292,,-1.21099000E-001,5.33400000E-002,5.97450000E-001
GRID,293,,-1.13622000E-001,5.33400000E-002,5.98918000E-001
GRID,294,,-1.06127000E-001,5.33400000E-002,6.00291000E-001
GRID,295,,-9.86152000E-002,5.33400000E-002,6.01571000E-001
GRID,296,,-9.10880000E-002,5.33400000E-002,6.02756000E-001
GRID,297,,-8.35467000E-002,5.33400000E-002,6.03848000E-001
GRID,298,,-7.59922000E-002,5.33400000E-002,6.04845000E-001
GRID,299,,-6.84259000E-002,5.33400000E-002,6.05748000E-001
GRID,300,,-6.08489000E-002,5.33400000E-002,6.06555000E-001
GRID,301,,-5.32624000E-002,5.33400000E-002,6.07269000E-001
GRID,302,,-4.56676000E-002,5.33400000E-002,6.07887000E-001
GRID,303,,-3.80657000E-002,5.33400000E-002,6.08410000E-001
GRID,304,,-3.04577000E-002,5.33400000E-002,6.08839000E-001
GRID,305,,-2.28451000E-002,5.33400000E-002,6.09172000E-001
GRID,306,,-1.52288000E-002,5.33400000E-002,6.09410000E-001
GRID,307,,-7.61023000E-003,5.33400000E-002,6.09552000E-001
GRID,308,,9.57557000E-006,5.33400000E-002,6.09600000E-001
GRID,309,,7.62938000E-003,5.33400000E-002,6.09552000E-001
GRID,310,,1.52480000E-002,5.33400000E-002,6.09409000E-001
GRID,311,,2.28642000E-002,5.33400000E-002,6.09171000E-001
GRID,312,,3.04769000E-002,5.33400000E-002,6.08838000E-001
GRID,313,,3.80848000E-002,5.33400000E-002,6.08409000E-001
GRID,314,,4.56867000E-002,5.33400000E-002,6.07886000E-001
GRID,315,,5.32815000E-002,5.33400000E-002,6.07267000E-001
GRID,316,,6.08680000E-002,5.33400000E-002,6.06554000E-001
GRID,317,,6.84450000E-002,5.33400000E-002,6.05745000E-001
GRID,318,,7.60112000E-002,5.33400000E-002,6.04843000E-001
GRID,319,,8.35656000E-002,5.33400000E-002,6.03845000E-001
GRID,320,,9.11070000E-002,5.33400000E-002,6.02753000E-001
GRID,321,,9.86341000E-002,5.33400000E-002,6.01568000E-001
GRID,322,,1.06146000E-001,5.33400000E-002,6.00288000E-001
GRID,323,,1.13641000E-001,5.33400000E-002,5.98914000E-001
GRID,324,,1.21118000E-001,5.33400000E-002,5.97447000E-001
GRID,325,,1.28577000E-001,5.33400000E-002,5.95886000E-001
GRID,326,,1.36015000E-001,5.33400000E-002,5.94232000E-001
GRID,327,,1.43432000E-001,5.33400000E-002,5.92486000E-001
GRID,328,,1.50827000E-001,5.33400000E-002,5.90647000E-001
GRID,329,,-1.50808000E-001,6.09600000E-002,5.90651000E-001
GRID,330,,-1.43413000E-001,6.09600000E-002,5.92490000E-001
GRID,331,,-1.35996000E-001,6.09600000E-002,5.94237000E-001
GRID,332,,-1.28558000E-001,6.09600000E-002,5.95890000E-001
GRID,333,,-1.21099000E-001,6.09600000E-002,5.97450000E-001
GRID,334,,-1.13622000E-001,6.09600000E-002,5.98918000E-001
GRID,335,,-1.06127000E-001,6.09600000E-002,6.00291000E-001
GRID,336,,-9.86152000E-002,6.09600000E-002,6.01571000E-001
GRID,337,,-9.10880000E-002,6.09600000E-002,6.02756000E-001
GRID,338,,-8.35467000E-002,6.09600000E-002,6.03848000E-001
GRID,339,,-7.59922000E-002,6.09600000E-002,6.04845000E-001
GRID,340,,-6.84259000E-002,6.09600000E-002,6.05748000E-001
GRID,341,,-6.08489000E-002,6.09600000E-002,6.06555000E-001
GRID,342,,-5.32624000E-002,6.09600000E-002,6.07269000E-001
GRID,343,,-4.56676000E-002,6.09600000E-002,6.07887000E-001
GRID,344,,-3.80657000E-002,6.09600000E-002,6.08410000E-001
GRID,345,,-3.04577000E-002,6.09600000E-002,6.08839000E-001
GRID,346,,-2.28451000E-002,6.09600000E-002,6.09172000E-001
GRID,347,,-1.52288000E-002,6.09600000E-002,6.09410000E-001
GRID,348,,-7.61023000E-003,6.09600000E-002,6.09552000E-001
GRID,349,,9.57557000E-006,6.09600000E-002,6.09600000E-001
GRID,350,,7.62938000E-003,6.09600000E-002,6.09552000E-001
GRID,351,,1.52480000E-002,6.09600000E-002,6.09409000E-001
GRID,352,,2.28642000E-002,6.09600000E-002,6.09171000E-001
GRID,353,,3.04769000E-002,6.09600000E-002,6.08838000E-001
GRID,354,,3.80848000E-002,6.09600000E-002,6.08409000E-001
GRID,355,,4.56867000E-002,6.09600000E-002,6.07886000E-001
GRID,356,,5.32815000E-002,6.09600000E-002,6.07267000E-001
GRID,357,,6.08680000E-002,6.09600000E-002,6.06554000E-001
GRID,358,,6.84450000E-002,6.09600000E-002,6.05745000E-001
GRID,359,,7.60112000E-002,6.09600000E-002,6.04843000E-001
GRID,360,,8.35656000E-002,6.09600000E-002,6.03845000E-001
GRID,361,,9.11070000E-002,6.09600000E-002,6.02753000E-001
GRID,362,,9.86341000E-002,6.09600000E-002,6.01568000E-001
GRID,363,,1.06146000E-001,6.09600000E-002,6.00288000E-001
GRID,364,,1.13641000E-001,6.09600000E-002,5.98914000E-001
GRID,365,,1.21118000E-001,6.09600000E-002,5.97447000E-001
GRID,366,,1.28577000E-001,6.09600000E-002,5.95886000E-001
GRID,367,,1.36015000E-001,6.09600000E-002,5.94232000E-001
GRID,368,,1.43432000E-001,6.09600000E-002,5.92486000E-001
GRID,369,,1.50827000E-001,6.09600000E-002,5.90647000E-001
GRID,370,,-1.50808000E-001,6.85800000E-002,5.90651000E-001
GRID,371,,-1.43413000E-001,6.85800000E-002,5.92490000E-001
GRID,372,,-1.35996000E-001,6.85800000E-002,5.94237000E-001
GRID,373,,-1.28558000E-001,6.85800000E-002,5.95890000E-001
GRID,374,,-1.21099000E-001,6.85800000E-002,5.97450000E-001
GRID,375,,-1.13622000E-001,6.85800000E-002,5.98918000E-001
GRID,376,,-1.06127000E-001,6.85800000E-002,6.00291000E-001
GRID,377,,-9.86152000E-002,6.85800000E-002,6.01571000E-001
GRID,378,,-9.10880000E-002,6.85800000E-002,6.02756000E-001
GRID,379,,-8.35467000E-002,6.85800000E-002,6.03848000E-001
GRID,380,,-7.59922000E-002,6.85800000E-002,6.04845000E-001
GRID,381,,-6.84259000E-002,6.85800000E-002,6.05748000E-001
GRID,382,,-6.08489000E-002,6.85800000E-002,6.06555000E-001
GRID,383,,-5.32624000E-002,6.85800000E-002,6.07269000E-001
GRID,384,,-4.56676000E-002,6.85800000E-002,6.07887000E-001
GRID,385,,-3.80657000E-002,6.85800000E-002,6.08410000E-001
GRID,386,,-3.04577000E-002,6.85800000E-002,6.08839000E-001
GRID,387,,-2.28451000E-002,6.85800000E-002,6.09172000E-001
GRID,388,,-1.52288000E-002,6.85800000E-002,6.09410000E-001
GRID,389,,-7.61023000E-003,6.85800000E-002,6.09552000E-001
GRID,390,,9.57557000E-006,6.85800000E-002,6.09600000E-001
GRID,391,,7.62938000E-003,6.85800000E-002,6.09552000E-001
GRID,392,,1.52480000E-002,6.85800000E-002,6.09409000E-001
GRID,393,,2.28642000E-002,6.85800000E-002,6.09171000E-001
GRID,394,,3.04769000E-002,6.85800000E-002,6.08838000E-001
GRID,395,,3.80848000E-002,6.85800000E-002,6.08409000E-001
GRID,396,,4.56867000E-002,6.85800000E-002,6.07886000E-001
GRID,397,,5.32815000E-002,6.85800000E-002,6.07267000E-001
GRID,398,,6.08680000E-002,6.85800000E-002,6.06554000E-001
GRID,399,,6.84450000E-002,6.85800000E-002,6.05745000E-001
GRID,400,,7.60112000E-002,6.85800000E-002,6.04843000E-001
GRID,401,,8.35656000E-002,6.85800000E-002,6.03845000E-001
GRID,402,,9.11070000E-002,6.85800000E-002,6.02753000E-001
GRID,403,,9.86341000E-002,6.85800000E-002,6.01568000E-001
GRID,404,,1.06146000E-001,6.85800000E-002,6.00288000E-001
GRID,405,,1.13641000E-001,6.85800000E-002,5.98914000E-001
GRID,406,,1.21118000E-001,6.85800000E-002,5.97447000E-001
GRID,407,,1.28577000E-001,6.85800000E-002,5.95886000E-001
GRID,408,,1.36015000E-001,6.85800000E-002,5.94232000E-001
GRID,409,,1.43432000E-001,6.85800000E-002,5.92486000E-001
GRID,410,,1.50827000E-001,6.85800000E-002,5.90647000E-001
GRID,411,,-1.50808000E-001,7.62000000E-002,5.90651000E-001
GRID,412,,-1.43413000E-001,7.62000000E-002,5.92490000E-001
GRID,413,,-1.35996000E-001,7.62000000E-002,5.94237000E-001
GRID,414,,-1.28558000E-001,7.62000000E-002,5.95890000E-001
GRID,415,,-1.21099000E-001,7.62000000E-002,5.97450000E-001
GRID,416,,-1.13622000E-001,7.62000000E-002,5.98918000E-001
GRID,417,,-1.06127000E-001,7.62000000E-002,6.00291000E-001
GRID,418,,-9.86152000E-002,7.62000000E-002,6.01571000E-001
GRID,419,,-9.10880000E-002,7.62000000E-002,6.02756000E-001
GRID,420,,-8.35467000E-002,7.62000000E-002,6.03848000E-001
GRID,421,,-7.59922000E-002,7.62000000E-002,6.04845000E-001
GRID,422,,-6.84259000E-002,7.62000000E-002,6.05748000E-001
GRID,423,,-6.08489000E-002,7.62000000E-002,6.06555000E-001
GRID,424,,-5.32624000E-002,7.62000000E-002,6.07269000E-001
GRID,425,,-4.56676000E-002,7.62000000E-002,6.07887000E-001
GRID,426,,-3.80657000E-002,7.62000000E-002,6.08410000E-001
GRID,427,,-3.04577000E-002,7.62000000E-002,6.08839000E-001
GRID,428,,-2.28451000E-002,7.62000000E-002,6.09172000E-001
GRID,429,,-1.52288000E-002,7.62000000E-002,6.09410000E-001
GRID,430,,-7.61023000E-003,7.62000000E-002,6.09552000E-001
GRID,431,,9.57557000E-006,7.62000000E-002,6.09600000E-001
GRID,432,,7.62938000E-003,7.62000000E-002,6.09552000E-001
GRID,433,,1.52480000E-002,7.62000000E-002,6.09409000E-001
GRID,434,,2.28642000E-002,7.62000000E-002,6.09171000E-001
GRID,435,,3.04769000E-002,7.62000000E-002,6.08838000E-001
GRID,436,,3.80848000E-002,7.62000000E-002,6.08409000E-001
GRID,437,,4.56867000E-002,7.62000000E-002,6.07886000E-001
GRID,438,,5.32815000E-002,7.62000000E-002,6.07267000E-001
GRID,439,,6.08680000E-002,7.62000000E-002,6.06554000E-001
GRID,440,,6.84450000E-002,7.62000000E-002,6.05745000E-001
GRID,441,,7.60112000E-002,7.62000000E-002,6.04843000E-001
GRID,442,,8.35656000E-002,7.62000000E-002,6.03845000E-001
GRID,443,,9.11070000E-002,7.62000000E-002,6.02753000E-001
GRID,444,,9.86341000E-002,7.62000000E-002,6.01568000E-001
GRID,445,,1.06146000E-001,7.62000000E-002,6.00288000E-001
GRID,446,,1.13641000E-001,7.62000000E-002,5.98914000E-001
GRID,447,,1.21118000E-001,7.62000000E-002,5.97447000E-001
GRID,448,,1.28577000E-001,7.62000000E-002,5.95886000E-001
GRID,449,,1.36015000E-001,7.62000000E-002,5.94232000E-001
GRID,450,,1.43432000E-001,7.62000000E-002,5.92486000E-001
GRID,451,,1.50827000E-001,7.62000000E-002,5.90647000E-001
GRID,452,,-1.50808000E-001,8.38200000E-002,5.90651000E-001
GRID,453,,-1.43413000E-001,8.38200000E-002,5.92490000E-001
GRID,454,,-1.35996000E-001,8.38200000E-002,5.94237000E-001
GRID,455,,-1.28558000E-001,8.38200000E-002,5.95890000E-001
GRID,456,,-1.21099000E-001,8.38200000E-002,5.97450000E-001
GRID,457,,-1.13622000E-001,8.38200000E-002,5.98918000E-001
GRID,458,,-1.06127000E-001,8.38200000E-002,6.00291000E-001
GRID,459,,-9.86152000E-002,8.38200000E-002,6.01571000E-001
GRID,460,,-9.10880000E-002,8.38200000E-002,6.02756000E-001
GRID,461,,-8.35467000E-002,8.38200000E-002,6.03848000E-001
GRID,462,,-7.59922000E-002,8.38200000E-002,6.04845000E-001
GRID,463,,-6.84259000E-002,8.38200000E-002,6.05748000E-001
GRID,464,,-6.08489000E-002,8.38200000E-002,6.06555000E-001
GRID,465,,-5.32624000E-002,8.38200000E-002,6.07269000E-001
GRID,466,,-4.56676000E-002,8.38200000E-002,6.07887000E-001
GRID,467,,-3.80657000E-002,8.38200000E-002,6.08410000E-001
GRID,468,,-3.04577000E-002,8.38200000E-002,6.08839000E-001
GRID,469,,-2.28451000E-002,8.38200000E-002,6.09172000E-001
GRID,470,,-1.52288000E-002,8.38200000E-002,6.09410000E-001
GRID,471,,-7.61023000E-003,8.38200000E-002,6.09552000E-001
GRID,472,,9.57557000E-006,8.38200000E-002,6.09600000E-001
GRID,473,,7.62938000E-003,8.38200000E-002,6.09552000E-001
GRID,474,,1.52480000E-002,8.38200000E-002,6.09409000E-001
GRID,475,,2.28642000E-002,8.38200000E-002,6.09171000E-001
GRID,476,,3.04769000E-002,8.38200000E-002,6.08838000E-001
GRID,477,,3.80848000E-002,8.38200000E-002,6.08409000E-001
GRID,478,,4.56867000E-002,8.38200000E-002,6.07886000E-001
GRID,479,,5.32815000E-002,8.38200000E-002,6.07267000E-001
GRID,480,,6.08680000E-002,8.38200000E-002,6.06554000E-001
GRID,481,,6.84450000E-002,8.38200000E-002,6.05745000E-001
GRID,482,,7.60112000E-002,8.38200000E-002,6.04843000E-001
GRID,483,,8.35656000E-002,8.38200000E-002,6.03845000E-001
GRID,484,,9.11070000E-002,8.38200000E-002,6.02753000E-001
GRID,485,,9.86341000E-002,8.38200000E-002,6.01568000E-001
GRID,486,,1.06146000E-001,8.38200000E-002,6.00288000E-001
GRID,487,,1.13641000E-001,8.38200000E-002,5.98914000E-001
GRID,488,,1.21118000E-001,8.38200000E-002,5.97447000E-001
GRID,489,,1.28577000E-001,8.38200000E-002,5.95886000E-001
GRID,490,,1.36015000E-001,8.38200000E-002,5.94232000E-001
GRID,491,,1.43432000E-001,8.38200000E-002,5.92486000E-001
GRID,492,,1.50827000E-001,8.38200000E-002,5.90647000E-001
GRID,493,,-1.50808000E-001,9.14400000E-002,5.90651000E-001
GRID,494,,-1.43413000E-001,9.14400000E-002,5.92490000E-001
GRID,495,,-1.35996000E-001,9.14400000E-002,5.94237000E-001
GRID,496,,-1.28558000E-001,9.14400000E-002,5.95890000E-001
GRID,497,,-1.21099000E-001,9.14400000E-002,5.97450000E-001
GRID,498,,-1.13622000E-001,9.14400000E-002,5.98918000E-001
GRID,499,,-1.06127000E-001,9.14400000E-002,6.00291000E-001
GRID,500,,-9.86152000E-002,9.14400000E-002,6.01571000E-001
GRID,501,,-9.10880000E-002,9.14400000E-002,6.02756000E-001
GRID,502,,-8.35467000E-002,9.14400000E-002,6.03848000E-001
GRID,503,,-7.59922000E-002,9.14400000E-002,6.04845000E-001
GRID,504,,-6.84259000E-002,9.14400000E-002,6.05748000E-001
GRID,505,,-6.08489000E-002,9.14400000E-002,6.06555000E-001
GRID,506,,-5.32624000E-002,9.14400000E-002,6.07269000E-001
GRID,507,,-4.56676000E-002,9.14400000E-002,6.07887000E-001
GRID,508,,-3.80657000E-002,9.14400000E-002,6.08410000E-001
GRID,509,,-3.04577000E-002,9.14400000E-002,6.08839000E-001
GRID,510,,-2.28451000E-002,9.14400000E-002,6.09172000E-001
GRID,511,,-1.52288000E-002,9.14400000E-002,6.09410000E-001
GRID,512,,-7.61023000E-003,9.14400000E-002,6.09552000E-001
GRID,513,,9.57557000E-006,9.14400000E-002,6.09600000E-001
GRID,514,,7.62938000E-003,9.14400000E-002,6.09552000E-001
GRID,515,,1.52480000E-002,9.14400000E-002,6.09409000E-001
GRID,516,,2.28642000E-002,9.14400000E-002,6.09171000E-001
GRID,517,,3.04769000E-002,9.14400000E-002,6.08838000E-001
GRID,518,,3.80848000E-002,9.14400000E-002,6.08409000E-001
GRID,519,,4.56867000E-002,9.14400000E-002,6.07886000E-001
GRID,520,,5.32815000E-002,9.14400000E-002,6.07267000E-001
GRID,521,,6.08680000E-002,9.14400000E-002,6.06554000E-001
GRID,522,,6.84450000E-002,9.14400000E-002,6.05745000E-001
GRID,523,,7.60112000E-002,9.14400000E-002,6.04843000E-001
GRID,524,,8.35656000E-002,9.14400000E-002,6.03845000E-001
GRID,525,,9.11070000E-002,9.14400000E-002,6.02753000E-001
GRID,526,,9.86341000E-002,9.14400000E-002,6.01568000E-001
GRID,527,,1.06146000E-001,9.14400000E-002,6.00288000E-001
GRID,528,,1.13641000E-001,9.14400000E-002,5.98914000E-001
GRID,529,,1.21118000E-001,9.14400000E-002,5.97447000E-001
GRID,530,,1.28577000E-001,9.14400000E-002,5.95886000E-001
GRID,531,,1.36015000E-001,9.14400000E-002,5.94232000E-001
GRID,532,,1.43432000E-001,9.14400000E-002,5.92486000E-001
GRID,533,,1.50827000E-001,9.14400000E-002,5.90647000E-001
GRID,534,,-1.50808000E-001,9.90600000E-002,5.90651000E-001
GRID,535,,-1.43413000E-001,9.90600000E-002,5.92490000E-001
GRID,536,,-1.35996000E-001,9.90600000E-002,5.94237000E-001
GRID,537,,-1.28558000E-001,9.90600000E-002,5.95890000E-001
GRID,538,,-1.21099000E-001,9.90600000E-002,5.97450000E-001
GRID,539,,-1.13622000E-001,9.90600000E-002,5.98918000E-001
GRID,540,,-1.06127000E-001,9.90600000E-002,6.00291000E-001
GRID,541,,-9.86152000E-002,9.90600000E-002,6.01571000E-001
GRID,542,,-9.10880000E-002,9.90600000E-002,6.02756000E-001
GRID,543,,-8.35467000E-002,9.90600000E-002,6.03848000E-001
GRID,544,,-7.59922000E-002,9.90600000E-002,6.04845000E-001
GRID,545,,-6.84259000E-002,9.90600000E-002,6.05748000E-001
GRID,546,,-6.08489000E-002,9.90600000E-002,6.06555000E-001
GRID,547,,-5.32624000E-002,9.90600000E-002,6.07269000E-001
GRID,548,,-4.56676000E-002,9.90600000E-002,6.07887000E-001
GRID,549,,-3.80657000E-002,9.90600000E-002,6.08410000E-001
GRID,550,,-3.04577000E-002,9.90600000E-002,6.08839000E-001
GRID,551,,-2.28451000E-002,9.90600000E-002,6.09172000E-001
GRID,552,,-1.52288000E-002,9.90600000E-002,6.09410000E-001
GRID,553,,-7.61023000E-003,9.90600000E-002,6.09552000E-001
GRID,554,,9.57557000E-006,9.90600000E-002,6.09600000E-001
GRID,555,,7.62938000E-003,9.90600000E-002,6.09552000E-001
GRID,556,,1.52480000E-002,9.90600000E-002,6.09409000E-001
GRID,557,,2.28642000E-002,9.90600000E-002,6.09171000E-001
GRID,558,,3.04769000E-002,9.90600000E-002,6.08838000E-001
GRID,559,,3.80848000E-002,9.90600000E-002,6.08409000E-001
GRID,560,,4.56867000E-002,9.90600000E-002,6.07886000E-001
GRID,561,,5.32815000E-002,9.90600000E-002,6.07267000E-001
GRID,562,,6.08680000E-002,9.90600000E-002,6.06554000E-001
GRID,563,,6.84450000E-002,9.90600000E-002,6.05745000E-001
GRID,564,,7.60112000E-002,9.90600000E-002,6.04843000E-001
GRID,565,,8.35656000E-002,9.90600000E-002,6.03845000E-001
GRID,566,,9.11070000E-002,9.90600000E-002,6.02753000E-001
GRID,567,,9.86341000E-002,9.90600000E-002,6.01568000E-001
GRID,568,,1.06146000E-001,9.90600000E-002,6.00288000E-001
GRID,569,,1.13641000E-001,9.90600000E-002,5.98914000E-001
GRID,570,,1.21118000E-001,9.90600000E-002,5.97447000E-001
GRID,571,,1.28577000E-001,9.90600000E-002,5.95886000E-001
GRID,572,,1.36015000E-001,9.90600000E-002,5.94232000E-001
GRID,573,,1.43432000E-001,9.90600000E-002,5.92486000E-001
GRID,574,,1.50827000E-001,9.90600000E-002,5.90647000E-001
GRID,575,,-1.50808000E-001,1.06680000E-001,5.90651000E-001
GRID,576,,-1.43413000E-001,1.06680000E-001,5.92490000E-001
GRID,577,,-1.35996000E-001,1.06680000E-001,5.94237000E-001
GRID,578,,-1.28558000E-001,1.06680000E-001,5.95890000E-001
GRID,579,,-1.21099000E-001,1.06680000E-001,5.97450000E-001
GRID,580,,-1.13622000E-001,1.06680000E-001,5.98918000E-001
GRID,581,,-1.06127000E-001,1.06680000E-001,6.00291000E-001
GRID,582,,-9.86152000E-002,1.06680000E-001,6.01571000E-001
GRID,583,,-9.10880000E-002,1.06680000E-001,6.02756000E-001
GRID,584,,-8.35467000E-002,1.06680000E-001,6.03848000E-001
GRID,585,,-7.59922000E-002,1.06680000E-001,6.04845000E-001
GRID,586,,-6.84259000E-002,1.06680000E-001,6.05748000E-001
GRID,587,,-6.08489000E-002,1.06680000E-001,6.06555000E-001
GRID,588,,-5.32624000E-002,1.06680000E-001,6.07269000E-001
GRID,589,,-4.56676000E-002,1.06680000E-001,6.07887000E-001
GRID,590,,-3.80657000E-002,1.06680000E-001,6.08410000E-001
GRID,591,,-3.04577000E-002,1.06680000E-001,6.08839000E-001
GRID,592,,-2.28451000E-002,1.06680000E-001,6.09172000E-001
GRID,593,,-1.52288000E-002,1.06680000E-001,6.09410000E-001
GRID,594,,-7.61023000E-003,1.06680000E-001,6.09552000E-001
GRID,595,,9.57557000E-006,1.06680000E-001,6.09600000E-001
GRID,596,,7.62938000E-003,1.06680000E-001,6.09552000E-001
GRID,597,,1.52480000E-002,1.06680000E-001,6.09409000E-001
GRID,598,,2.28642000E-002,1.06680000E-001,6.09171000E-001
GRID,599,,3.04769000E-002,1.06680000E-001,6.08838000E-001
GRID,600,,3.80848000E-002,1.06680000E-001,6.08409000E-001
GRID,601,,4.56867000E-002,1.06680000E-001,6.07886000E-001
GRID,602,,5.32815000E-002,1.06680000E-001,6.07267000E-001
GRID,603,,6.08680000E-002,1.06680000E-001,6.06554000E-001
GRID,604,,6.84450000E-002,1.06680000E-001,6.05745000E-001
GRID,605,,7.60112000E-002,1.06680000E-001,6.04843000E-001
GRID,606,,8.35656000E-002,1.06680000E-001,6.03845000E-001
GRID,607,,9.11070000E-002,1.06680000E-001,6.02753000E-001
GRID,608,,9.86341000E-002,1.06680000E-001,6.01568000E-001
GRID,609,,1.06146000E-001,1.06680000E-001,6.00288000E-001
GRID,610,,1.13641000E-001,1.06680000E-001,5.98914000E-001
GRID,611,,1.21118000E-001,1.06680000E-001,5.97447000E-001
GRID,612,,1.28577000E-001,1.06680000E-001,5.95886000E-001
GRID,613,,1.36015000E-001,1.06680000E-001,5.94232000E-001
GRID,614,,1.43432000E-001,1.06680000E-001,5.92486000E-001
GRID,615,,1.50827000E-001,1.06680000E-001,5.90647000E-001
GRID,616,,-1.50808000E-001,1.14300000E-001,5.90651000E-001
GRID,617,,-1.43413000E-001,1.14300000E-001,5.92490000E-001
GRID,618,,-1.35996000E-001,1.14300000E-001,5.94237000E-001
GRID,619,,-1.28558000E-001,1.14300000E-001,5.95890000E-001
GRID,620,,-1.21099000E-001,1.14300000E-001,5.97450000E-001
GRID,621,,-1.13622000E-001,1.14300000E-001,5.98918000E-001
GRID,622,,-1.06127000E-001,1.14300000E-001,6.00291000E-001
GRID,623,,-9.86152000E-002,1.14300000E-001,6.01571000E-001
GRID,624,,-9.10880000E-002,1.14300000E-001,6.02756000E-001
GRID,625,,-8.35467000E-002,1.14300000E-001,6.03848000E-001
GRID,626,,-7.59922000E-002,1.14300000E-001,6.04845000E-001
GRID,627,,-6.84259000E-002,1.14300000E-001,6.05748000E-001
GRID,628,,-6.08489000E-002,1.14300000E-001,6.06555000E-001
GRID,629,,-5.32624000E-002,1.14300000E-001,6.07269000E-001
GRID,630,,-4.56676000E-002,1.14300000E-001,6.07887000E-001
GRID,631,,-3.80657000E-002,1.14300000E-001,6.08410000E-001
GRID,632,,-3.04577000E-002,1.14300000E-001,6.08839000E-001
GRID,633,,-2.28451000E-002,1.14300000E-001,6.09172000E-001
GRID,634,,-1.52288000E-002,1.14300000E-001,6.09410000E-001
GRID,635,,-7.61023000E-003,1.14300000E-001,6.09552000E-001
GRID,636,,9.57557000E-006,1.14300000E-001,6.09600000E-001
GRID,637,,7.62938000E-003,1.14300000E-001,6.09552000E-001
GRID,638,,1.52480000E-002,1.14300000E-001,6.09409000E-001
GRID,639,,2.28642000E-002,1.14300000E-001,6.09171000E-001
GRID,640,,3.04769000E-002,1.14300000E-001,6.08838000E-001
GRID,641,,3.80848000E-002,1.14300000E-001,6.08409000E-001
GRID,642,,4.56867000E-002,1.14300000E-001,6.07886000E-001
GRID,643,,5.32815000E-002,1.14300000E-001,6.07267000E-001
GRID,644,,6.08680000E-002,1.14300000E-001,6.06554000E-001
GRID,645,,6.84450000E-002,1.14300000E-001,6.05745000E-001
GRID,646,,7.60112000E-002,1.14300000E-001,6.04843000E-001
GRID,647,,8.35656000E-002,1.14300000E-001,6.03845000E-001
GRID,648,,9.11070000E-002,1.14300000E-001,6.02753000E-001
GRID,649,,9.86341000E-002,1.14300000E-001,6.01568000E-001
GRID,650,,1.06146000E-001,1.14300000E-001,6.00288000E-001
GRID,651,,1.13641000E-001,1.14300000E-001,5.98914000E-001
GRID,652,,1.21118000E-001,1.14300000E-001,5.97447000E-001
GRID,653,,1.28577000E-001,1.14300000E-001,5.95886000E-001
GRID,654,,1.36015000E-001,1.14300000E-001,5.94232000E-001
GRID,655,,1.43432000E-001,1.14300000E-001,5.92486000E-001
GRID,656,,1.50827000E-001,1.14300000E-001,5.90647000E-001
GRID,657,,-1.50808000E-001,1.21920000E-001,5.90651000E-001
GRID,658,,-1.43413000E-001,1.21920000E-001,5.92490000E-001
GRID,659,,-1.35996000E-001,1.21920000E-001,5.94237000E-001
GRID,660,,-1.28558000E-001,1.21920000E-001,5.95890000E-001
GRID,661,,-1.21099000E-001,1.21920000E-001,5.97450000E-001
GRID,662,,-1.13622000E-001,1.21920000E-001,5.98918000E-001
GRID,663,,-1.06127000E-001,1.21920000E-001,6.00291000E-001
GRID,664,,-9.86152000E-002,1.21920000E-001,6.01571000E-001
GRID,665,,-9.10880000E-002,1.21920000E-001,6.02756000E-001
GRID,666,,-8.35467000E-002,1.21920000E-001,6.03848000E-001
GRID,667,,-7.59922000E-002,1.21920000E-001,6.04845000E-001
GRID,668,,-6.84259000E-002,1.21920000E-001,6.05748000E-001
GRID,669,,-6.08489000E-002,1.21920000E-001,6.06555000E-001
GRID,670,,-5.32624000E-002,1.21920000E-001,6.07269000E-001
GRID,671,,-4.56676000E-002,1.21920000E-001,6.07887000E-001
GRID,672,,-3.80657000E-002,1.21920000E-001,6.08410000E-001
GRID,673,,-3.04577000E-002,1.21920000E-001,6.08839000E-001
GRID,674,,-2.28451000E-002,1.21920000E-001,6.09172000E-001
GRID,675,,-1.52288000E-002,1.21920000E-001,6.09410000E-001
GRID,676,,-7.61023000E-003,1.21920000E-001,6.09552000E-001
GRID,677,,9.57557000E-006,1.21920000E-001,6.09600000E-001
GRID,678,,7.62938000E-003,1.21920000E-001,6.09552000E-001
GRID,679,,1.52480000E-002,1.21920000E-001,6.09409000E-001
GRID,680,,2.28642000E-002,1.21920000E-001,6.09171000E-001
GRID,681,,3.04769000E-002,1.21920000E-001,6.08838000E-001
GRID,682,,3.80848000E-002,1.21920000E-001,6.08409000E-001
GRID,683,,4.56867000E-002,1.21920000E-001,6.07886000E-001
GRID,684,,5.32815000E-002,1.21920000E-001,6.07267000E-001
GRID,685,,6.08680000E-002,1.21920000E-001,6.06554000E-001
GRID,686,,6.84450000E-002,1.21920000E-001,6.05745000E-001
GRID,687,,7.60112000E-002,1.21920000E-001,6.04843000E-001
GRID,688,,8.35656000E-002,1.21920000E-001,6.03845000E-001
GRID,689,,9.11070000E-002,1.21920000E-001,6.02753000E-001
GRID,690,,9.86341000E-002,1.21920000E-001,6.01568000E-001
GRID,691,,1.06146000E-001,1.21920000E-001,6.00288000E-001
GRID,692,,1.13641000E-001,1.21920000E-001,5.98914000E-001
GRID,693,,1.21118000E-001,1.21920000E-001,5.97447000E-001
GRID,694,,1.28577000E-001,1.21920000E-001,5.95886000E-001
GRID,695,,1.36015000E-001,1.21920000E-001,5.94232000E-001
GRID,696,,1.43432000E-001,1.21920000E-001,5.92486000E-001
GRID,697,,1.50827000E-001,1.21920000E-001,5.90647000E-001
GRID,698,,-1.50808000E-001,1.29540000E-001,5.90651000E-001
GRID,699,,-1.43413000E-001,1.29540000E-001,5.92490000E-001
GRID,700,,-1.35996000E-001,1.29540000E-001,5.94237000E-001
GRID,701,,-1.28558000E-001,1.29540000E-001,5.95890000E-001
GRID,702,,-1.21099000E-001,1.29540000E-001,5.97450000E-001
GRID,703,,-1.13622000E-001,1.29540000E-001,5.98918000E-001
GRID,704,,-1.06127000E-001,1.29540000E-001,6.00291000E-001
GRID,705,,-9.86152000E-002,1.29540000E-001,6.01571000E-001
GRID,706,,-9.10880000E-002,1.29540000E-001,6.02756000E-001
GRID,707,,-8.35467000E-002,1.29540000E-001,6.03848000E-001
GRID,708,,-7.59922000E-002,1.29540000E-001,6.04845000E-001
GRID,709,,-6.84259000E-002,1.29540000E-001,6.05748000E-001
GRID,710,,-6.08489000E-002,1.29540000E-001,6.06555000E-001
GRID,711,,-5.32624000E-002,1.29540000E-001,6.07269000E-001
GRID,712,,-4.56676000E-002,1.29540000E-001,6.07887000E-001
GRID,713,,-3.80657000E-002,1.29540000E-001,6.08410000E-001
GRID,714,,-3.04577000E-002,1.29540000E-001,6.08839000E-001
GRID,715,,-2.28451000E-002,1.29540000E-001,6.09172000E-001
GRID,716,,-1.52288000E-002,1.29540000E-001,6.09410000E-001
GRID,717,,-7.61023000E-003,1.29540000E-001,6.09552000E-001
GRID,718,,9.57557000E-006,1.29540000E-001,6.09600000E-001
GRID,719,,7.62938000E-003,1.29540000E-001,6.09552000E-001
GRID,720,,1.52480000E-002,1.29540000E-001,6.09409000E-001
GRID,721,,2.28642000E-002,1.29540000E-001,6.09171000E-001
GRID,722,,3.04769000E-002,1.29540000E-001,6.08838000E-001
GRID,723,,3.80848000E-002,1.29540000E-001,6.08409000E-001
GRID,724,,4.56867000E-002,1.29540000E-001,6.07886000E-001
GRID,725,,5.32815000E-002,1.29540000E-001,6.07267000E-001
GRID,726,,6.08680000E-002,1.29540000E-001,6.06554000E-001
GRID,727,,6.84450000E-002,1.29540000E-001,6.05745000E-001
GRID,728,,7.60112000E-002,1.29540000E-001,6.04843000E-001
GRID,729,,8.35656000E-002,1.29540000E-001,6.03845000E-001
GRID,730,,9.11070000E-002,1.29540000E-001,6.02753000E-001
GRID,731,,9.86341000E-002,1.29540000E-001,6.01568000E-001
GRID,732,,1.06146000E-001,1.29540000E-001,6.00288000E-001
GRID,733,,1.13641000E-001,1.29540000E-001,5.98914000E-001
GRID,734,,1.21118000E-001,1.29540000E-001,5.97447000E-001
GRID,735,,1.28577000E-001,1.29540000E-001,5.95886000E-001
GRID,736,,1.36015000E-001,1.29540000E-001,5.94232000E-001
GRID,737,,1.43432000E-001,1.29540000E-001,5.92486000E-001
GRID,738,,1.50827000E-001,1.29540000E-001,5.90647000E-001
GRID,739,,-1.50808000E-001,1.37160000E-001,5.90651000E-001
GRID,740,,-1.43413000E-001,1.37160000E-001,5.92490000E-001
GRID,741,,-1.35996000E-001,1.37160000E-001,5.94237000E-001
GRID,742,,-1.28558000E-001,1.37160000E-001,5.95890000E-001
GRID,743,,-1.21099000E-001,1.37160000E-001,5.97450000E-001
GRID,744,,-1.13622000E-001,1.37160000E-001,5.98918000E-001
GRID,745,,-1.06127000E-001,1.37160000E-001,6.00291000E-001
GRID,746,,-9.86152000E-002,1.37160000E-001,6.01571000E-001
GRID,747,,-9.10880000E-002,1.37160000E-001,6.02756000E-001
GRID,748,,-8.35467000E-002,1.37160000E-001,6.03848000E-001
GRID,749,,-7.59922000E-002,1.37160000E-001,6.04845000E-001
GRID,750,,-6.84259000E-002,1.37160000E-001,6.05748000E-001
GRID,751,,-6.08489000E-002,1.37160000E-001,6.06555000E-001
GRID,752,,-5.32624000E-002,1.37160000E-001,6.07269000E-001
GRID,753,,-4.56676000E-002,1.37160000E-001,6.07887000E-001
GRID,754,,-3.80657000E-002,1.37160000E-001,6.08410000E-001
GRID,755,,-3.04577000E-002,1.37160000E-001,6.08839000E-001
GRID,756,,-2.28451000E-002,1.37160000E-001,6.09172000E-001
GRID,757,,-1.52288000E-002,1.37160000E-001,6.09410000E-001
GRID,758,,-7.61023000E-003,1.37160000E-001,6.09552000E-001
GRID,759,,9.57557000E-006,1.37160000E-001,6.09600000E-001
GRID,760,,7.62938000E-003,1.37160000E-001,6.09552000E-001
GRID,761,,1.52480000E-002,1.37160000E-001,6.09409000E-001
GRID,762,,2.28642000E-002,1.37160000E-001,6.09171000E-001
GRID,763,,3.04769000E-002,1.37160000E-001,6.08838000E-001
GRID,764,,3.80848000E-002,1.37160000E-001,6.08409000E-001
GRID,765,,4.56867000E-002,1.37160000E-001,6.07886000E-001
GRID,766,,5.32815000E-002,1.37160000E-001,6.07267000E-001
GRID,767,,6.08680000E-002,1.37160000E-001,6.06554000E-001
GRID,768,,6.84450000E-002,1.37160000E-001,6.05745000E-001
GRID,769,,7.60112000E-002,1.37160000E-001,6.04843000E-001
GRID,770,,8.35656000E-002,1.37160000E-001,6.03845000E-001
GRID,771,,9.11070000E-002,1.37160000E-001,6.02753000E-001
GRID,772,,9.86341000E-002,1.37160000E-001,6.01568000E-001
GRID,773,,1.06146000E-001,1.37160000E-001,6.00288000E-001
GRID,774,,1.13641000E-001,1.37160000E-001,5.98914000E-001
GRID,775,,1.21118000E-001,1.37160000E-001,5.97447000E-001
GRID,776,,1.28577000E-001,1.37160000E-001,5.95886000E-001
GRID,777,,1.36015000E-001,1.37160000E-001,5.94232000E-001
GRID,778,,1.43432000E-001,1.37160000E-001,5.92486000E-001
GRID,779,,1.50827000E-001,1.37160000E-001,5.90647000E-001
GRID,780,,-1.50808000E-001,1.44780000E-001,5.90651000E-001
GRID,781,,-1.43413000E-001,1.44780000E-001,5.92490000E-001
GRID,782,,-1.35996000E-001,1.44780000E-001,5.94237000E-001
GRID,783,,-1.28558000E-001,1.44780000E-001,5.95890000E-001
GRID,784,,-1.21099000E-001,1.44780000E-001,5.97450000E-001
GRID,785,,-1.13622000E-001,1.44780000E-001,5.98918000E-001
GRID,786,,-1.06127000E-001,1.44780000E-001,6.00291000E-001
GRID,787,,-9.86152000E-002,1.44780000E-001,6.01571000E-001
GRID,788,,-9.10880000E-002,1.44780000E-001,6.02756000E-001
GRID,789,,-8.35467000E-002,1.44780000E-001,6.03848000E-001
GRID,790,,-7.59922000E-002,1.44780000E-001,6.04845000E-001
GRID,791,,-6.84259000E-002,1.44780000E-001,6.05748000E-001
GRID,792,,-6.08489000E-002,1.44780000E-001,6.06555000E-001
GRID,793,,-5.32624000E-002,1.44780000E-001,6.07269000E-001
GRID,794,,-4.56676000E-002,1.44780000E-001,6.07887000E-001
GRID,795,,-3.80657000E-002,1.44780000E-001,6.08410000E-001
GRID,796,,-3.04577000E-002,1.44780000E-001,6.08839000E-001
GRID,797,,-2.28451000E-002,1.44780000E-001,6.09172000E-001
GRID,798,,-1.52288000E-002,1.44780000E-001,6.09410000E-001
GRID,799,,-7.61023000E-003,1.44780000E-001,6.09552000E-001
GRID,800,,9.57557000E-006,1.44780000E-001,6.09600000E-001
GRID,801,,7.62938000E-003,1.44780000E-001,6.09552000E-001
GRID,802,,1.52480000E-002,1.44780000E-001,6.09409000E-001
GRID,803,,2.28642000E-002,1.44780000E-001,6.09171000E-001
GRID,804,,3.04769000E-002,1.44780000E-001,6.08838000E-001
GRID,805,,3.80848000E-002,1.44780000E-001,6.08409000E-001
GRID,806,,4.56867000E-002,1.44780000E-001,6.07886000E-001
GRID,807,,5.32815000E-002,1.44780000E-001,6.07267000E-001
GRID,808,,6.08680000E-002,1.44780000E-001,6.06554000E-001
GRID,809,,6.84450000E-002,1.44780000E-001,6.05745000E-001
GRID,810,,7.60112000E-002,1.44780000E-001,6.04843000E-001
GRID,811,,8.35656000E-002,1.44780000E-001,6.03845000E-001
GRID,812,,9.11070000E-002,1.44780000E-001,6.02753000E-001
GRID,813,,9.86341000E-002,1.44780000E-001,6.01568000E-001
GRID,814,,1.06146000E-001,1.44780000E-001,6.00288000E-001
GRID,815,,1.13641000E-001,1.44780000E-001,5.98914000E-001
GRID,816,,1.21118000E-001,1.44780000E-001,5.97447000E-001
GRID,817,,1.28577000E-001,1.44780000E-001,5.95886000E-001
GRID,818,,1.36015000E-001,1.44780000E-001,5.94232000E-001
GRID,819,,1.43432000E-001,1.44780000E-001,5.92486000E-001
GRID,820,,1.50827000E-001,1.44780000E-001,5.90647000E-001
GRID,821,,-1.50808000E-001,1.52400000E-001,5.90651000E-001
GRID,822,,-1.43413000E-001,1.52400000E-001,5.92490000E-001
GRID,823,,-1.35996000E-001,1.52400000E-001,5.94237000E-001
GRID,824,,-1.28558000E-001,1.52400000E-001,5.95890000E-001
GRID,825,,-1.21099000E-001,1.52400000E-001,5.97450000E-001
GRID,826,,-1.13622000E-001,1.52400000E-001,5.98918000E-001
GRID,827,,-1.06127000E-001,1.52400000E-001,6.00291000E-001
GRID,828,,-9.86152000E-002,1.52400000E-001,6.01571000E-001
GRID,829,,-9.10880000E-002,1.52400000E-001,6.02756000E-001
GRID,830,,-8.35467000E-002,1.52400000E-001,6.03848000E-001
GRID,831,,-7.59922000E-002,1.52400000E-001,6.04845000E-001
GRID,832,,-6.84259000E-002,1.52400000E-001,6.05748000E-001
GRID,833,,-6.08489000E-002,1.52400000E-001,6.06555000E-001
GRID,834,,-5.32624000E-002,1.52400000E-001,6.07269000E-001
GRID,835,,-4.56676000E-002,1.52400000E-001,6.07887000E-001
GRID,836,,-3.80657000E-002,1.52400000E-001,6.08410000E-001
GRID,837,,-3.04577000E-002,1.52400000E-001,6.08839000E-001
GRID,838,,-2.28451000E-002,1.52400000E-001,6.09172000E-001
GRID,839,,-1.52288000E-002,1.52400000E-001,6.09410000E-001
GRID,840,,-7.61023000E-003,1.52400000E-001,6.09552000E-001
GRID,841,,9.57557000E-006,1.52400000E-001,6.09600000E-001
GRID,842,,7.62938000E-003,1.52400000E-001,6.09552000E-001
GRID,843,,1.52480000E-002,1.52400000E-001,6.09409000E-001
GRID,844,,2.28642000E-002,1.52400000E-001,6.09171000E-001
GRID,845,,3.04769000E-002,1.52400000E-001,6.08838000E-001
GRID,846,,3.80848000E-002,1.52400000E-001,6.08409000E-001
GRID,847,,4.56867000E-002,1.52400000E-001,6.07886000E-001
GRID,848,,5.32815000E-002,1.52400000E-001,6.07267000E-001
GRID,849,,6.08680000E-002,1.52400000E-001,6.06554000E-001
GRID,850,,6.84450000E-002,1.52400000E-001,6.05745000E-001
GRID,851,,7.60112000E-002,1.52400000E-001,6.04843000E-001
GRID,852,,8.35656000E-002,1.52400000E-001,6.03845000E-001
GRID,853,,9.11070000E-002,1.52400000E-001,6.02753000E-001
GRID,854,,9.86341000E-002,1.52400000E-001,6.01568000E-001
GRID,855,,1.06146000E-001,1.52400000E-001,6.00288000E-001
GRID,856,,1.13641000E-001,1.52400000E-001,5.98914000E-001
GRID,857,,1.21118000E-001,1.52400000E-001,5.97447000E-001
GRID,858,,1.28577000E-001,1.52400000E-001,5.95886000E-001
GRID,859,,1.36015000E-001,1.52400000E-001,5.94232000E-001
GRID,860,,1.43432000E-001,1.52400000E-001,5.92486000E-001
GRID,861,,1.50827000E-001,1.52400000E-001,5.90647000E-001
GRID,862,,-1.50808000E-001,1.60020000E-001,5.90651000E-001
GRID,863,,-1.43413000E-001,1.60020000E-001,5.92490000E-001
GRID,864,,-1.35996000E-001,1.60020000E-001,5.94237000E-001
GRID,865,,-1.28558000E-001,1.60020000E-001,5.95890000E-001
GRID,866,,-1.21099000E-001,1.60020000E-001,5.97450000E-001
GRID,867,,-1.13622000E-001,1.60020000E-001,5.98918000E-001
GRID,868,,-1.06127000E-001,1.60020000E-001,6.00291000E-001
GRID,869,,-9.86152000E-002,1.60020000E-001,6.01571000E-001
GRID,870,,-9.10880000E-002,1.60020000E-001,6.02756000E-001
GRID,871,,-8.35467000E-002,1.60020000E-001,6.03848000E-001
GRID,872,,-7.59922000E-002,1.60020000E-001,6.04845000E-001
GRID,873,,-6.84259000E-002,1.60020000E-001,6.05748000E-001
GRID,874,,-6.08489000E-002,1.60020000E-001,6.06555000E-001
GRID,875,,-5.32624000E-002,1.60020000E-001,6.07269000E-001
GRID,876,,-4.56676000E-002,1.60020000E-001,6.07887000E-001
GRID,877,,-3.80657000E-002,1.60020000E-001,6.08410000E-001
GRID,878,,-3.04577000E-002,1.60020000E-001,6.08839000E-001
GRID,879,,-2.28451000E-002,1.60020000E-001,6.09172000E-001
GRID,880,,-1.52288000E-002,1.60020000E-001,6.09410000E-001
GRID,881,,-7.61023000E-003,1.60020000E-001,6.09552000E-001
GRID,882,,9.57557000E-006,1.60020000E-001,6.09600000E-001
GRID,883,,7.62938000E-003,1.60020000E-001,6.09552000E-001
GRID,884,,1.52480000E-002,1.60020000E-001,6.09409000E-001
GRID,885,,2.28642000E-002,1.60020000E-001,6.09171000E-001
GRID,886,,3.04769000E-002,1.60020000E-001,6.08838000E-001
GRID,887,,3.80848000E-002,1.60020000E-001,6.08409000E-001
GRID,888,,4.56867000E-002,1.60020000E-001,6.07886000E-001
GRID,889,,5.32815000E-002,1.60020000E-001,6.07267000E-001
GRID,890,,6.08680000E-002,1.60020000E-001,6.06554000E-001
GRID,891,,6.84450000E-002,1.60020000E-001,6.05745000E-001
GRID,892,,7.60112000E-002,1.60020000E-001,6.04843000E-001
GRID,893,,8.35656000E-002,1.60020000E-001,6.03845000E-001
GRID,894,,9.11070000E-002,1.60020000E-001,6.02753000E-001
GRID,895,,9.86341000E-002,1.60020000E-001,6.01568000E-001
GRID,896,,1.06146000E-001,1.60020000E-001,6.00288000E-001
GRID,897,,1.13641000E-001,1.60020000E-001,5.98914000E-001
GRID,898,,1.21118000E-001,1.60020000E-001,5.97447000E-001
GRID,899,,1.28577000E-001,1.60020000E-001,5.95886000E-001
GRID,900,,1.36015000E-001,1.60020000E-001,5.94232000E-001
GRID,901,,1.43432000E-001,1.60020000E-001,5.92486000E-001
GRID,902,,1.50827000E-001,1.60020000E-001,5.90647000E-001
GRID,903,,-1.50808000E-001,1.67640000E-001,5.90651000E-001
GRID,904,,-1.43413000E-001,1.67640000E-001,5.92490000E-001
GRID,905,,-1.35996000E-001,1.67640000E-001,5.94237000E-001
GRID,906,,-1.28558000E-001,1.67640000E-001,5.95890000E-001
GRID,907,,-1.21099000E-001,1.67640000E-001,5.97450000E-001
GRID,908,,-1.13622000E-001,1.67640000E-001,5.98918000E-001
GRID,909,,-1.06127000E-001,1.67640000E-001,6.00291000E-001
GRID,910,,-9.86152000E-002,1.67640000E-001,6.01571000E-001
GRID,911,,-9.10880000E-002,1.67640000E-001,6.02756000E-001
GRID,912,,-8.35467000E-002,1.67640000E-001,6.03848000E-001
GRID,913,,-7.59922000E-002,1.67640000E-001,6.04845000E-001
GRID,914,,-6.84259000E-002,1.67640000E-001,6.05748000E-001
GRID,915,,-6.08489000E-002,1.67640000E-001,6.06555000E-001
GRID,916,,-5.32624000E-002,1.67640000E-001,6.07269000E-001
GRID,917,,-4.56676000E-002,1.67640000E-001,6.07887000E-001
GRID,918,,-3.80657000E-002,1.67640000E-001,6.08410000E-001
GRID,919,,-3.04577000E-002,1.67640000E-001,6.08839000E-001
GRID,920,,-2.28451000E-002,1.67640000E-001,6.09172000E-001
GRID,921,,-1.52288000E-002,1.67640000E-001,6.09410000E-001
GRID,922,,-7.61023000E-003,1.67640000E-001,6.09552000E-001
GRID,923,,9.57557000E-006,1.67640000E-001,6.09600000E-001
GRID,924,,7.62938000E-003,1.67640000E-001,6.09552000E-001
GRID,925,,1.52480000E-002,1.67640000E-001,6.09409000E-001
GRID,926,,2.28642000E-002,1.67640000E-001,6.09171000E-001
GRID,927,,3.04769000E-002,1.67640000E-001,6.08838000E-001
GRID,928,,3.80848000E-002,1.67640000E-001,6.08409000E-001
GRID,929,,4.56867000E-002,1.67640000E-001,6.07886000E-001
GRID,930,,5.32815000E-002,1.67640000E-001,6.07267000E-001
GRID,931,,6.08680000E-002,1.67640000E-001,6.06554000E-001
GRID,932,,6.84450000E-002,1.67640000E-001,6.05745000E-001
GRID,933,,7.60112000E-002,1.67640000E-001,6.04843000E-001
GRID,934,,8.35656000E-002,1.67640000E-001,6.03845000E-001
GRID,935,,9.11070000E-002,1.67640000E-001,6.02753000E-001
GRID,936,,9.86341000E-002,1.67640000E-001,6.01568000E-001
GRID,937,,1.06146000E-001,1.67640000E-001,6.00288000E-001
GRID,938,,1.13641000E-001,1.67640000E-001,5.98914000E-001
GRID,939,,1.21118000E-001,1.67640000E-001,5.97447000E-001
GRID,940,,1.28577000E-001,1.67640000E-001,5.95886000E-001
GRID,941,,1.36015000E-001,1.67640000E-001,5.94232000E-001
GRID,942,,1.43432000E-001,1.67640000E-001,5.92486000E-001
GRID,943,,1.50827000E-001,1.67640000E-001,5.90647000E-001
GRID,944,,-1.50808000E-001,1.75260000E-001,5.90651000E-001
GRID,945,,-1.43413000E-001,1.75260000E-001,5.92490000E-001
GRID,946,,-1.35996000E-001,1.75260000E-001,5.94237000E-001
GRID,947,,-1.28558000E-001,1.75260000E-001,5.95890000E-001
GRID,948,,-1.21099000E-001,1.75260000E-001,5.97450000E-001
GRID,949,,-1.13622000E-001,1.75260000E-001,5.98918000E-001
GRID,950,,-1.06127000E-001,1.75260000E-001,6.00291000E-001
GRID,951,,-9.86152000E-002,1.75260000E-001,6.01571000E-001
GRID,952,,-9.10880000E-002,1.75260000E-001,6.02756000E-001
GRID,953,,-8.35467000E-002,1.75260000E-001,6.03848000E-001
GRID,954,,-7.59922000E-002,1.75260000E-001,6.04845000E-001
GRID,955,,-6.84259000E-002,1.75260000E-001,6.05748000E-001
GRID,956,,-6.08489000E-002,1.75260000E-001,6.06555000E-001
GRID,957,,-5.32624000E-002,1.75260000E-001,6.07269000E-001
GRID,958,,-4.56676000E-002,1.75260000E-001,6.07887000E-001
GRID,959,,-3.80657000E-002,1.75260000E-001,6.08410000E-001
GRID,960,,-3.04577000E-002,1.75260000E-001,6.08839000E-001
GRID,961,,-2.28451000E-002,1.75260000E-001,6.09172000E-001
GRID,962,,-1.52288000E-002,1.75260000E-001,6.09410000E-001
GRID,963,,-7.61023000E-003,1.75260000E-001,6.09552000E-001
GRID,964,,9.57557000E-006,1.75260000E-001,6.09600000E-001
GRID,965,,7.62938000E-003,1.75260000E-001,6.09552000E-001
GRID,966,,1.52480000E-002,1.75260000E-001,6.09409000E-001
GRID,967,,2.28642000E-002,1.75260000E-001,6.09171000E-001
GRID,968,,3.04769000E-002,1.75260000E-001,6.08838000E-001
GRID,969,,3.80848000E-002,1.75260000E-001,6.08409000E-001
GRID,970,,4.56867000E-002,1.75260000E-001,6.07886000E-001
GRID,971,,5.32815000E-002,1.75260000E-001,6.07267000E-001
GRID,972,,6.08680000E-002,1.75260000E-001,6.06554000E-001
GRID,973,,6.84450000E-002,1.75260000E-001,6.05745000E-001
GRID,974,,7.60112000E-002,1.75260000E-001,6.04843000E-001
GRID,975,,8.35656000E-002,1.75260000E-001,6.03845000E-001
GRID,976,,9.11070000E-002,1.75260000E-001,6.02753000E-001
GRID,977,,9.86341000E-002,1.75260000E-001,6.01568000E-001
GRID,978,,1.06146000E-001,1.75260000E-001,6.00288000E-001
GRID,979,,1.13641000E-001,1.75260000E-001,5.98914000E-001
GRID,980,,1.21118000E-001,1.75260000E-001,5.97447000E-001
GRID,981,,1.28577000E-001,1.75260000E-001,5.95886000E-001
GRID,982,,1.36015000E-001,1.75260000E-001,5.94232000E-001
GRID,983,,1.43432000E-001,1.75260000E-001,5.92486000E-001
GRID,984,,1.50827000E-001,1.75260000E-001,5.90647000E-001
GRID,985,,-1.50808000E-001,1.82880000E-001,5.90651000E-001
GRID,986,,-1.43413000E-001,1.82880000E-001,5.92490000E-001
GRID,987,,-1.35996000E-001,1.82880000E-001,5.94237000E-001
GRID,988,,-1.28558000E-001,1.82880000E-001,5.95890000E-001
GRID,989,,-1.21099000E-001,1.82880000E-001,5.97450000E-001
GRID,990,,-1.13622000E-001,1.82880000E-001,5.98918000E-001
GRID,991,,-1.06127000E-001,1.82880000E-001,6.00291000E-001
GRID,992,,-9.86152000E-002,1.82880000E-001,6.01571000E-001
GRID,993,,-9.10880000E-002,1.82880000E-001,6.02756000E-001
GRID,994,,-8.35467000E-002,1.82880000E-001,6.03848000E-001
GRID,995,,-7.59922000E-002,1.82880000E-001,6.04845000E-001
GRID,996,,-6.84259000E-002,1.82880000E-001,6.05748000E-001
GRID,997,,-6.08489000E-002,1.82880000E-001,6.06555000E-001
GRID,998,,-5.32624000E-002,1.82880000E-001,6.07269000E-001
GRID,999,,-4.56676000E-002,1.82880000E-001,6.07887000E-001
GRID,1000,,-3.80657000E-002,1.82880000E-001,6.08410000E-001
GRID,1001,,-3.04577000E-002,1.82880000E-001,6.08839000E-001
GRID,1002,,-2.28451000E-002,1.82880000E-001,6.09172000E-001
GRID,1003,,-1.52288000E-002,1.82880000E-001,6.09410000E-001
GRID,1004,,-7.61023000E-003,1.82880000E-001,6.09552000E-001
GRID,1005,,9.57557000E-006,1.82880000E-001,6.09600000E-001
GRID,1006,,7.62938000E-003,1.82880000E-001,6.09552000E-001
GRID,1007,,1.52480000E-002,1.82880000E-001,6.09409000E-001
GRID,1008,,2.28642000E-002,1.82880000E-001,6.09171000E-001
GRID,1009,,3.04769000E-002,1.82880000E-001,6.08838000E-001
GRID,1010,,3.80848000E-002,1.82880000E-001,6.08409000E-001
GRID,1011,,4.56867000E-002,1.82880000E-001,6.07886000E-001
GRID,1012,,5.32815000E-002,1.82880000E-001,6.07267000E-001
GRID,1013,,6.08680000E-002,1.82880000E-001,6.06554000E-001
GRID,1014,,6.84450000E-002,1.82880000E-001,6.05745000E-001
GRID,1015,,7.60112000E-002,1.82880000E-001,6.04843000E-001
GRID,1016,,8.35656000E-002,1.82880000E-001,6.03845000E-001
GRID,1017,,9.11070000E-002,1.82880000E-001,6.02753000E-001
GRID,1018,,9.86341000E-002,1.82880000E-001,6.01568000E-001
GRID,1019,,1.06146000E-001,1.82880000E-001,6.00288000E-001
GRID,1020,,1.13641000E-001,1.82880000E-001,5.98914000E-001
GRID,1021,,1.21118000E-001,1.82880000E-001,5.97447000E-001
GRID,1022,,1.28577000E-001,1.82880000E-001,5.95886000E-001
GRID,1023,,1.36015000E-001,1.82880000E-001,5.94232000E-001
GRID,1024,,1.43432000E-001,1.82880000E-001,5.92486000E-001
GRID,1025,,1.50827000E-001,1.82880000E-001,5.90647000E-001
GRID,1026,,-1.50808000E-001,1.90500000E-001,5.90651000E-001
GRID,1027,,-1.43413000E-001,1.90500000E-001,5.92490000E-001
GRID,1028,,-1.35996000E-001,1.90500000E-001,5.94237000E-001
GRID,1029,,-1.28558000E-001,1.90500000E-001,5.95890000E-001
GRID,1030,,-1.21099000E-001,1.90500000E-001,5.97450000E-001
GRID,1031,,-1.13622000E-001,1.90500000E-001,5.98918000E-001
GRID,1032,,-1.06127000E-001,1.90500000E-001,6.00291000E-001
GRID,1033,,-9.86152000E-002,1.90500000E-001,6.01571000E-001
GRID,1034,,-9.10880000E-002,1.90500000E-001,6.02756000E-001
GRID,1035,,-8.35467000E-002,1.90500000E-001,6.03848000E-001
GRID,1036,,-7.59922000E-002,1.90500000E-001,6.04845000E-001
GRID,1037,,-6.84259000E-002,1.90500000E-001,6.05748000E-001
GRID,1038,,-6.08489000E-002,1.90500000E-001,6.06555000E-001
GRID,1039,,-5.32624000E-002,1.90500000E-001,6.07269000E-001
GRID,1040,,-4.56676000E-002,1.90500000E-001,6.07887000E-001
GRID,1041,,-3.80657000E-002,1.90500000E-001,6.08410000E-001
GRID,1042,,-3.04577000E-002,1.90500000E-001,6.08839000E-001
GRID,1043,,-2.28451000E-002,1.90500000E-001,6.09172000E-001
GRID,1044,,-1.52288000E-002,1.90500000E-001,6.09410000E-001
GRID,1045,,-7.61023000E-003,1.90500000E-001,6.09552000E-001
GRID,1046,,9.57557000E-006,1.90500000E-001,6.09600000E-001
GRID,1047,,7.62938000E-003,1.90500000E-001,6.09552000E-001
GRID,1048,,1.52480000E-002,1.90500000E-001,6.09409000E-001
GRID,1049,,2.28642000E-002,1.90500000E-001,6.09171000E-001
GRID,1050,,3.04769000E-002,1.90500000E-001,6.08838000E-001
GRID,1051,,3.80848000E-002,1.90500000E-001,6.08409000E-001
GRID,1052,,4.56867000E-002,1.90500000E-001,6.07886000E-001
GRID,1053,,5.32815000E-002,1.90500000E-001,6.07267000E-001
GRID,1054,,6.08680000E-002,1.90500000E-001,6.06554000E-001
GRID,1055,,6.84450000E-002,1.90500000E-001,6.05745000E-001
GRID,1056,,7.60112000E-002,1.90500000E-001,6.04843000E-001
GRID,1057,,8.35656000E-002,1.90500000E-001,6.03845000E-001
GRID,1058,,9.11070000E-002,1.90500000E-001,6.02753000E-001
GRID,1059,,9.86341000E-002,1.90500000E-001,6.01568000E-001
GRID,1060,,1.06146000E-001,1.90500000E-001,6.00288000E-001
GRID,1061,,1.13641000E-001,1.90500000E-001,5.98914000E-001
GRID,1062,,1.21118000E-001,1.90500000E-001,5.97447000E-001
GRID,1063,,1.28577000E-001,1.90500000E-001,5.95886000E-001
GRID,1064,,1.36015000E-001,1.90500000E-001,5.94232000E-001
GRID,1065,,1.43432000E-001,1.90500000E-001,5.92486000E-001
GRID,1066,,1.50827000E-001,1.90500000E-001,5.90647000E-001
GRID,1067,,-1.50808000E-001,1.98120000E-001,5.90651000E-001
GRID,1068,,-1.43413000E-001,1.98120000E-001,5.92490000E-001
GRID,1069,,-1.35996000E-001,1.98120000E-001,5.94237000E-001
GRID,1070,,-1.28558000E-001,1.98120000E-001,5.95890000E-001
GRID,1071,,-1.21099000E-001,1.98120000E-001,5.97450000E-001
GRID,1072,,-1.13622000E-001,1.98120000E-001,5.98918000E-001
GRID,1073,,-1.06127000E-001,1.98120000E-001,6.00291000E-001
GRID,1074,,-9.86152000E-002,1.98120000E-001,6.01571000E-001
GRID,1075,,-9.10880000E-002,1.98120000E-001,6.02756000E-001
GRID,1076,,-8.35467000E-002,1.98120000E-001,6.03848000E-001
GRID,1077,,-7.59922000E-002,1.98120000E-001,6.04845000E-001
GRID,1078,,-6.84259000E-002,1.98120000E-001,6.05748000E-001
GRID,1079,,-6.08489000E-002,1.98120000E-001,6.06555000E-001
GRID,1080,,-5.32624000E-002,1.98120000E-001,6.07269000E-001
GRID,1081,,-4.56676000E-002,1.98120000E-001,6.07887000E-001
GRID,1082,,-3.80657000E-002,1.98120000E-001,6.08410000E-001
GRID,1083,,-3.04577000E-002,1.98120000E-001,6.08839000E-001
GRID,1084,,-2.28451000E-002,1.98120000E-001,6.09172000E-001
GRID,1085,,-1.52288000E-002,1.98120000E-001,6.09410000E-001
GRID,1086,,-7.61023000E-003,1.98120000E-001,6.09552000E-001
GRID,1087,,9.57557000E-006,1.98120000E-001,6.09600000E-001
GRID,1088,,7.62938000E-003,1.98120000E-001,6.09552000E-001
GRID,1089,,1.52480000E-002,1.98120000E-001,6.09409000E-001
GRID,1090,,2.28642000E-002,1.98120000E-001,6.09171000E-001
GRID,1091,,3.04769000E-002,1.98120000E-001,6.08838000E-001
GRID,1092,,3.80848000E-002,1.98120000E-001,6.08409000E-001
GRID,1093,,4.56867000E-002,1.98120000E-001,6.07886000E-001
GRID,1094,,5.32815000E-002,1.98120000E-001,6.07267000E-001
GRID,1095,,6.08680000E-002,1.98120000E-001,6.06554000E-001
GRID,1096,,6.84450000E-002,1.98120000E-001,6.05745000E-001
GRID,1097,,7.60112000E-002,1.98120000E-001,6.04843000E-001
GRID,1098,,8.35656000E-002,1.98120000E-001,6.03845000E-001
GRID,1099,,9.11070000E-002,1.98120000E-001,6.02753000E-001
GRID,1100,,9.86341000E-002,1.98120000E-001,6.01568000E-001
GRID,1101,,1.06146000E-001,1.98120000E-001,6.00288000E-001
GRID,1102,,1.13641000E-001,1.98120000E-001,5.98914000E-001
GRID,1103,,1.21118000E-001,1.98120000E-001,5.97447000E-001
GRID,1104,,1.28577000E-001,1.98120000E-001,5.95886000E-001
GRID,1105,,1.36015000E-001,1.98120000E-001,5.94232000E-001
GRID,1106,,1.43432000E-001,1.98120000E-001,5.92486000E-001
GRID,1107,,1.50827000E-001,1.98120000E-001,5.90647000E-001
GRID,1108,,-1.50808000E-001,2.05740000E-001,5.90651000E-001
GRID,1109,,-1.43413000E-001,2.05740000E-001,5.92490000E-001
GRID,1110,,-1.35996000E-001,2.05740000E-001,5.94237000E-001
GRID,1111,,-1.28558000E-001,2.05740000E-001,5.95890000E-001
GRID,1112,,-1.21099000E-001,2.05740000E-001,5.97450000E-001
GRID,1113,,-1.13622000E-001,2.05740000E-001,5.98918000E-001
GRID,1114,,-1.06127000E-001,2.05740000E-001,6.00291000E-001
GRID,1115,,-9.86152000E-002,2.05740000E-001,6.01571000E-001
GRID,1116,,-9.10880000E-002,2.05740000E-001,6.02756000E-001
GRID,1117,,-8.35467000E-002,2.05740000E-001,6.03848000E-001
GRID,1118,,-7.59922000E-002,2.05740000E-001,6.04845000E-001
GRID,1119,,-6.84259000E-002,2.05740000E-001,6.05748000E-001
GRID,1120,,-6.08489000E-002,2.05740000E-001,6.06555000E-001
GRID,1121,,-5.32624000E-002,2.05740000E-001,6.07269000E-001
GRID,1122,,-4.56676000E-002,2.05740000E-001,6.07887000E-001
GRID,1123,,-3.80657000E-002,2.05740000E-001,6.08410000E-001
GRID,1124,,-3.04577000E-002,2.05740000E-001,6.08839000E-001
GRID,1125,,-2.28451000E-002,2.05740000E-001,6.09172000E-001
GRID,1126,,-1.52288000E-002,2.05740000E-001,6.09410000E-001
GRID,1127,,-7.61023000E-003,2.05740000E-001,6.09552000E-001
GRID,1128,,9.57557000E-006,2.05740000E-001,6.09600000E-001
GRID,1129,,7.62938000E-003,2.05740000E-001,6.09552000E-001
GRID,1130,,1.52480000E-002,2.05740000E-001,6.09409000E-001
GRID,1131,,2.28642000E-002,2.05740000E-001,6.09171000E-001
GRID,1132,,3.04769000E-002,2.05740000E-001,6.08838000E-001
GRID,1133,,3.80848000E-002,2.05740000E-001,6.08409000E-001
GRID,1134,,4.56867000E-002,2.05740000E-001,6.07886000E-001
GRID,1135,,5.32815000E-002,2.05740000E-001,6.07267000E-001
GRID,1136,,6.08680000E-002,2.05740000E-001,6.06554000E-001
GRID,1137,,6.84450000E-002,2.05740000E-001,6.05745000E-001
GRID,1138,,7.60112000E-002,2.05740000E-001,6.04843000E-001
GRID,1139,,8.35656000E-002,2.05740000E-001,6.03845000E-001
GRID,1140,,9.11070000E-002,2.05740000E-001,6.02753000E-001
GRID,1141,,9.86341000E-002,2.05740000E-001,6.01568000E-001
GRID,1142,,1.06146000E-001,2.05740000E-001,6.00288000E-001
GRID,1143,,1.13641000E-001,2.05740000E-001,5.98914000E-001
GRID,1144,,1.21118000E-001,2.05740000E-001,5.97447000E-001
GRID,1145,,1.28577000E-001,2.05740000E-001,5.95886000E-001
GRID,1146,,1.36015000E-001,2.05740000E-001,5.94232000E-001
GRID,1147,,1.43432000E-001,2.05740000E-001,5.92486000E-001
GRID,1148,,1.50827000E-001,2.05740000E-001,5.90647000E-001
GRID,1149,,-1.50808000E-001,2.13360000E-001,5.90651000E-001
GRID,1150,,-1.43413000E-001,2.13360000E-001,5.92490000E-001
GRID,1151,,-1.35996000E-001,2.13360000E-001,5.94237000E-001
GRID,1152,,-1.28558000E-001,2.13360000E-001,5.95890000E-001
GRID,1153,,-1.21099000E-001,2.13360000E-001,5.97450000E-001
GRID,1154,,-1.13622000E-001,2.13360000E-001,5.98918000E-001
GRID,1155,,-1.06127000E-001,2.13360000E-001,6.00291000E-001
GRID,1156,,-9.86152000E-002,2.13360000E-001,6.01571000E-001
GRID,1157,,-9.10880000E-002,2.13360000E-001,6.02756000E-001
GRID,1158,,-8.35467000E-002,2.13360000E-001,6.03848000E-001
GRID,1159,,-7.59922000E-002,2.13360000E-001,6.04845000E-001
GRID,1160,,-6.84259000E-002,2.13360000E-001,6.05748000E-001
GRID,1161,,-6.08489000E-002,2.13360000E-001,6.06555000E-001
GRID,1162,,-5.32624000E-002,2.13360000E-001,6.07269000E-001
GRID,1163,,-4.56676000E-002,2.13360000E-001,6.07887000E-001
GRID,1164,,-3.80657000E-002,2.13360000E-001,6.08410000E-001
GRID,1165,,-3.04577000E-002,2.13360000E-001,6.08839000E-001
GRID,1166,,-2.28451000E-002,2.13360000E-001,6.09172000E-001
GRID,1167,,-1.52288000E-002,2.13360000E-001,6.09410000E-001
GRID,1168,,-7.61023000E-003,2.13360000E-001,6.09552000E-001
GRID,1169,,9.57557000E-006,2.13360000E-001,6.09600000E-001
GRID,1170,,7.62938000E-003,2.13360000E-001,6.09552000E-001
GRID,1171,,1.52480000E-002,2.13360000E-001,6.09409000E-001
GRID,1172,,2.28642000E-002,2.13360000E-001,6.09171000E-001
GRID,1173,,3.04769000E-002,2.13360000E-001,6.08838000E-001
GRID,1174,,3.80848000E-002,2.13360000E-001,6.08409000E-001
GRID,1175,,4.56867000E-002,2.13360000E-001,6.07886000E-001
GRID,1176,,5.32815000E-002,2.13360000E-001,6.07267000E-001
GRID,1177,,6.08680000E-002,2.13360000E-001,6.06554000E-001
GRID,1178,,6.84450000E-002,2.13360000E-001,6.05745000E-001
GRID,1179,,7.60112000E-002,2.13360000E-001,6.04843000E-001
GRID,1180,,8.35656000E-002,2.13360000E-001,6.03845000E-001
GRID,1181,,9.11070000E-002,2.13360000E-001,6.02753000E-001
GRID,1182,,9.86341000E-002,2.13360000E-001,6.01568000E-001
GRID,1183,,1.06146000E-001,2.13360000E-001,6.00288000E-001
GRID,1184,,1.13641000E-001,2.13360000E-001,5.98914000E-001
GRID,1185,,1.21118000E-001,2.13360000E-001,5.97447000E-001
GRID,1186,,1.28577000E-001,2.13360000E-001,5.95886000E-001
GRID,1187,,1.36015000E-001,2.13360000E-001,5.94232000E-001
GRID,1188,,1.43432000E-001,2.13360000E-001,5.92486000E-001
GRID,1189,,1.50827000E-001,2.13360000E-001,5.90647000E-001
GRID,1190,,-1.50808000E-001,2.20980000E-001,5.90651000E-001
GRID,1191,,-1.43413000E-001,2.20980000E-001,5.92490000E-001
GRID,1192,,-1.35996000E-001,2.20980000E-001,5.94237000E-001
GRID,1193,,-1.28558000E-001,2.20980000E-001,5.95890000E-001
GRID,1194,,-1.21099000E-001,2.20980000E-001,5.97450000E-001
GRID,1195,,-1.13622000E-001,2.20980000E-001,5.98918000E-001
GRID,1196,,-1.06127000E-001,2.20980000E-001,6.00291000E-001
GRID,1197,,-9.86152000E-002,2.20980000E-001,6.01571000E-001
GRID,1198,,-9.10880000E-002,2.20980000E-001,6.02756000E-001
GRID,1199,,-8.35467000E-002,2.20980000E-001,6.03848000E-001
GRID,1200,,-7.59922000E-002,2.20980000E-001,6.04845000E-001
GRID,1201,,-6.84259000E-002,2.20980000E-001,6.05748000E-001
GRID,1202,,-6.08489000E-002,2.20980000E-001,6.06555000E-001
GRID,1203,,-5.32624000E-002,2.20980000E-001,6.07269000E-001
GRID,1204,,-4.56676000E-002,2.20980000E-001,6.07887000E-001
GRID,1205,,-3.80657000E-002,2.20980000E-001,6.08410000E-001
GRID,1206,,-3.04577000E-002,2.20980000E-001,6.08839000E-001
GRID,1207,,-2.28451000E-002,2.20980000E-001,6.09172000E-001
GRID,1208,,-1.52288000E-002,2.20980000E-001,6.09410000E-001
GRID,1209,,-7.61023000E-003,2.20980000E-001,6.09552000E-001
GRID,1210,,9.57557000E-006,2.20980000E-001,6.09600000E-001
GRID,1211,,7.62938000E-003,2.20980000E-001,6.09552000E-001
GRID,1212,,1.52480000E-002,2.20980000E-001,6.09409000E-001
GRID,1213,,2.28642000E-002,2.20980000E-001,6.09171000E-001
GRID,1214,,3.04769000E-002,2.20980000E-001,6.08838000E-001
GRID,1215,,3.80848000E-002,2.20980000E-001,6.08409000E-001
GRID,1216,,4.56867000E-002,2.20980000E-001,6.07886000E-001
GRID,1217,,5.32815000E-002,2.20980000E-001,6.07267000E-001
GRID,1218,,6.08680000E-002,2.20980000E-001,6.06554000E-001
GRID,1219,,6.84450000E-002,2.20980000E-001,6.05745000E-001
GRID,1220,,7.60112000E-002,2.20980000E-001,6.04843000E-001
GRID,1221,,8.35656000E-002,2.20980000E-001,6.03845000E-001
GRID,1222,,9.11070000E-002,2.20980000E-001,6.02753000E-001
GRID,1223,,9.86341000E-002,2.20980000E-001,6.01568000E-001
GRID,1224,,1.06146000E-001,2.20980000E-001,6.00288000E-001
GRID,1225,,1.13641000E-001,2.20980000E-001,5.98914000E-001
GRID,1226,,1.21118000E-001,2.20980000E-001,5.97447000E-001
GRID,1227,,1.28577000E-001,2.20980000E-001,5.95886000E-001
GRID,1228,,1.36015000E-001,2.20980000E-001,5.94232000E-001
GRID,1229,,1.43432000E-001,2.20980000E-001,5.92486000E-001
GRID,1230,,1.50827000E-001,2.20980000E-001,5.90647000E-001
GRID,1231,,-1.50808000E-001,2.28600000E-001,5.90651000E-001
GRID,1232,,-1.43413000E-001,2.28600000E-001,5.92490000E-001
GRID,1233,,-1.35996000E-001,2.28600000E-001,5.94237000E-001
GRID,1234,,-1.28558000E-001,2.28600000E-001,5.95890000E-001
GRID,1235,,-1.21099000E-001,2.28600000E-001,5.97450000E-001
GRID,1236,,-1.13622000E-001,2.28600000E-001,5.98918000E-001
GRID,1237,,-1.06127000E-001,2.28600000E-001,6.00291000E-001
GRID,1238,,-9.86152000E-002,2.28600000E-001,6.01571000E-001
GRID,1239,,-9.10880000E-002,2.28600000E-001,6.02756000E-001
GRID,1240,,-8.35467000E-002,2.28600000E-001,6.03848000E-001
GRID,1241,,-7.59922000E-002,2.28600000E-001,6.04845000E-001
GRID,1242,,-6.84259000E-002,2.28600000E-001,6.05748000E-001
GRID,1243,,-6.08489000E-002,2.28600000E-001,6.06555000E-001
GRID,1244,,-5.32624000E-002,2.28600000E-001,6.07269000E-001
GRID,1245,,-4.56676000E-002,2.28600000E-001,6.07887000E-001
GRID,1246,,-3.80657000E-002,2.28600000E-001,6.08410000E-001
GRID,1247,,-3.04577000E-002,2.28600000E-001,6.08839000E-001
GRID,1248,,-2.28451000E-002,2.28600000E-001,6.09172000E-001
GRID,1249,,-1.52288000E-002,2.28600000E-001,6.09410000E-001
GRID,1250,,-7.61023000E-003,2.28600000E-001,6.09552000E-001
GRID,1251,,9.57557000E-006,2.28600000E-001,6.09600000E-001
GRID,1252,,7.62938000E-003,2.28600000E-001,6.09552000E-001
GRID,1253,,1.52480000E-002,2.28600000E-001,6.09409000E-001
GRID,1254,,2.28642000E-002,2.28600000E-001,6.09171000E-001
GRID,1255,,3.04769000E-002,2.28600000E-001,6.08838000E-001
GRID,1256,,3.80848000E-002,2.28600000E-001,6.08409000E-001
GRID,1257,,4.56867000E-002,2.28600000E-001,6.07886000E-001
GRID,1258,,5.32815000E-002,2.28600000E-001,6.07267000E-001
GRID,1259,,6.08680000E-002,2.28600000E-001,6.06554000E-001
GRID,1260,,6.84450000E-002,2.28600000E-001,6.05745000E-001
GRID,1261,,7.60112000E-002,2.28600000E-001,6.04843000E-001
GRID,1262,,8.35656000E-002,2.28600000E-001,6.03845000E-001
GRID,1263,,9.11070000E-002,2.28600000E-001,6.02753000E-001
GRID,1264,,9.86341000E-002,2.28600000E-001,6.01568000E-001
GRID,1265,,1.06146000E-001,2.28600000E-001,6.00288000E-001
GRID,1266,,1.13641000E-001,2.28600000E-001,5.98914000E-001
GRID,1267,,1.21118000E-001,2.28600000E-001,5.97447000E-001
GRID,1268,,1.28577000E-001,2.28600000E-001,5.95886000E-001
GRID,1269,,1.36015000E-001,2.28600000E-001,5.94232000E-001
GRID,1270,,1.43432000E-001,2.28600000E-001,5.92486000E-001
GRID,1271,,1.50827000E-001,2.28600000E-001,5.90647000E-001
GRID,1272,,-1.50808000E-001,2.36220000E-001,5.90651000E-001
GRID,1273,,-1.43413000E-001,2.36220000E-001,5.92490000E-001
GRID,1274,,-1.35996000E-001,2.36220000E-001,5.94237000E-001
GRID,1275,,-1.28558000E-001,2.36220000E-001,5.95890000E-001
GRID,1276,,-1.21099000E-001,2.36220000E-001,5.97450000E-001
GRID,1277,,-1.13622000E-001,2.36220000E-001,5.98918000E-001
GRID,1278,,-1.06127000E-001,2.36220000E-001,6.00291000E-001
GRID,1279,,-9.86152000E-002,2.36220000E-001,6.01571000E-001
GRID,1280,,-9.10880000E-002,2.36220000E-001,6.02756000E-001
GRID,1281,,-8.35467000E-002,2.36220000E-001,6.03848000E-001
GRID,1282,,-7.59922000E-002,2.36220000E-001,6.04845000E-001
GRID,1283,,-6.84259000E-002,2.36220000E-001,6.05748000E-001
GRID,1284,,-6.08489000E-002,2.36220000E-001,6.06555000E-001
GRID,1285,,-5.32624000E-002,2.36220000E-001,6.07269000E-001
GRID,1286,,-4.56676000E-002,2.36220000E-001,6.07887000E-001
GRID,1287,,-3.80657000E-002,2.36220000E-001,6.08410000E-001
GRID,1288,,-3.04577000E-002,2.36220000E-001,6.08839000E-001
GRID,1289,,-2.28451000E-002,2.36220000E-001,6.09172000E-001
GRID,1290,,-1.52288000E-002,2.36220000E-001,6.09410000E-001
GRID,1291,,-7.61023000E-003,2.36220000E-001,6.09552000E-001
GRID,1292,,9.57557000E-006,2.36220000E-001,6.09600000E-001
GRID,1293,,7.62938000E-003,2.36220000E-001,6.09552000E-001
GRID,1294,,1.52480000E-002,2.36220000E-001,6.09409000E-001
GRID,1295,,2.28642000E-002,2.36220000E-001,6.09171000E-001
GRID,1296,,3.04769000E-002,2.36220000E-001,6.08838000E-001
GRID,1297,,3.80848000E-002,2.36220000E-001,6.08409000E-001
GRID,1298,,4.56867000E-002,2.36220000E-001,6.07886000E-001
GRID,1299,,5.32815000E-002,2.36220000E-001,6.07267000E-001
GRID,1300,,6.08680000E-002,2.36220000E-001,6.06554000E-001
GRID,1301,,6.84450000E-002,2.36220000E-001,6.05745000E-001
GRID,1302,,7.60112000E-002,2.36220000E-001,6.04843000E-001
GRID,1303,,8.35656000E-002,2.36220000E-001,6.03845000E-001
GRID,1304,,9.11070000E-002,2.36220000E-001,6.02753000E-001
GRID,1305,,9.86341000E-002,2.36220000E-001,6.01568000E-001
GRID,1306,,1.06146000E-001,2.36220000E-001,6.00288000E-001
GRID,1307,,1.13641000E-001,2.36220000E-001,5.98914000E-001
GRID,1308,,1.21118000E-001,2.36220000E-001,5.97447000E-001
GRID,1309,,1.28577000E-001,2.36220000E-001,5.95886000E-001
GRID,1310,,1.36015000E-001,2.36220000E-001,5.94232000E-001
GRID,1311,,1.43432000E-001,2.36220000E-001,5.92486000E-001
GRID,1312,,1.50827000E-001,2.36220000E-001,5.90647000E-001
GRID,1313,,-1.50808000E-001,2.43840000E-001,5.90651000E-001
GRID,1314,,-1.43413000E-001,2.43840000E-001,5.92490000E-001
GRID,1315,,-1.35996000E-001,2.43840000E-001,5.94237000E-001
GRID,1316,,-1.28558000E-001,2.43840000E-001,5.95890000E-001
GRID,1317,,-1.21099000E-001,2.43840000E-001,5.97450000E-001
GRID,1318,,-1.13622000E-001,2.43840000E-001,5.98918000E-001
GRID,1319,,-1.06127000E-001,2.43840000E-001,6.00291000E-001
GRID,1320,,-9.86152000E-002,2.43840000E-001,6.01571000E-001
GRID,1321,,-9.10880000E-002,2.43840000E-001,6.02756000E-001
GRID,1322,,-8.35467000E-002,2.43840000E-001,6.03848000E-001
GRID,1323,,-7.59922000E-002,2.43840000E-001,6.04845000E-001
GRID,1324,,-6.84259000E-002,2.43840000E-001,6.05748000E-001
GRID,1325,,-6.08489000E-002,2.43840000E-001,6.06555000E-001
GRID,1326,,-5.32624000E-002,2.43840000E-001,6.07269000E-001
GRID,1327,,-4.56676000E-002,2.43840000E-001,6.07887000E-001
GRID,1328,,-3.80657000E-002,2.43840000E-001,6.08410000E-001
GRID,1329,,-3.04577000E-002,2.43840000E-001,6.08839000E-001
GRID,1330,,-2.28451000E-002,2.43840000E-001,6.09172000E-001
GRID,1331,,-1.52288000E-002,2.43840000E-001,6.09410000E-001
GRID,1332,,-7.61023000E-003,2.43840000E-001,6.09552000E-001
GRID,1333,,9.57557000E-006,2.43840000E-001,6.09600000E-001
GRID,1334,,7.62938000E-003,2.43840000E-001,6.09552000E-001
GRID,1335,,1.52480000E-002,2.43840000E-001,6.09409000E-001
GRID,1336,,2.28642000E-002,2.43840000E-001,6.09171000E-001
GRID,1337,,3.04769000E-002,2.43840000E-001,6.08838000E-001
GRID,1338,,3.80848000E-002,2.43840000E-001,6.08409000E-001
GRID,1339,,4.56867000E-002,2.43840000E-001,6.07886000E-001
GRID,1340,,5.32815000E-002,2.43840000E-001,6.07267000E-001
GRID,1341,,6.08680000E-002,2.43840000E-001,6.06554000E-001
GRID,1342,,6.84450000E-002,2.43840000E-001,6.05745000E-001
GRID,1343,,7.60112000E-002,2.43840000E-001,6.04843000E-001
GRID,1344,,8.35656000E-002,2.43840000E-001,6.03845000E-001
GRID,1345,,9.11070000E-002,2.43840000E-001,6.02753000E-001
GRID,1346,,9.86341000E-002,2.43840000E-001,6.01568000E-001
GRID,1347,,1.06146000E-001,2.43840000E-001,6.00288000E-001
GRID,1348,,1.13641000E-001,2.43840000E-001,5.98914000E-001
GRID,1349,,1.21118000E-001,2.43840000E-001,5.97447000E-001
GRID,1350,,1.28577000E-001,2.43840000E-001,5.95886000E-001
GRID,1351,,1.36015000E-001,2.43840000E-001,5.94232000E-001
GRID,1352,,1.43432000E-001,2.43840000E-001,5.92486000E-001
GRID,1353,,1.50827000E-001,2.43840000E-001,5.90647000E-001
GRID,1354,,-1.50808000E-001,2.51460000E-001,5.90651000E-001
GRID,1355,,-1.43413000E-001,2.51460000E-001,5.92490000E-001
GRID,1356,,-1.35996000E-001,2.51460000E-001,5.94237000E-001
GRID,1357,,-1.28558000E-001,2.51460000E-001,5.95890000E-001
GRID,1358,,-1.21099000E-001,2.51460000E-001,5.97450000E-001
GRID,1359,,-1.13622000E-001,2.51460000E-001,5.98918000E-001
GRID,1360,,-1.06127000E-001,2.51460000E-001,6.00291000E-001
GRID,1361,,-9.86152000E-002,2.51460000E-001,6.01571000E-001
GRID,1362,,-9.10880000E-002,2.51460000E-001,6.02756000E-001
GRID,1363,,-8.35467000E-002,2.51460000E-001,6.03848000E-001
GRID,1364,,-7.59922000E-002,2.51460000E-001,6.04845000E-001
GRID,1365,,-6.84259000E-002,2.51460000E-001,6.05748000E-001
GRID,1366,,-6.08489000E-002,2.51460000E-001,6.06555000E-001
GRID,1367,,-5.32624000E-002,2.51460000E-001,6.07269000E-001
GRID,1368,,-4.56676000E-002,2.51460000E-001,6.07887000E-001
GRID,1369,,-3.80657000E-002,2.51460000E-001,6.08410000E-001
GRID,1370,,-3.04577000E-002,2.51460000E-001,6.08839000E-001
GRID,1371,,-2.28451000E-002,2.51460000E-001,6.09172000E-001
GRID,1372,,-1.52288000E-002,2.51460000E-001,6.09410000E-001
GRID,1373,,-7.61023000E-003,2.51460000E-001,6.09552000E-001
GRID,1374,,9.57557000E-006,2.51460000E-001,6.09600000E-001
GRID,1375,,7.62938000E-003,2.51460000E-001,6.09552000E-001
GRID,1376,,1.52480000E-002,2.51460000E-001,6.09409000E-001
GRID,1377,,2.28642000E-002,2.51460000E-001,6.09171000E-001
GRID,1378,,3.04769000E-002,2.51460000E-001,6.08838000E-001
GRID,1379,,3.80848000E-002,2.51460000E-001,6.08409000E-001
GRID,1380,,4.56867000E-002,2.51460000E-001,6.07886000E-001
GRID,1381,,5.32815000E-002,2.51460000E-001,6.07267000E-001
GRID,1382,,6.08680000E-002,2.51460000E-001,6.06554000E-001
GRID,1383,,6.84450000E-002,2.51460000E-001,6.05745000E-001
GRID,1384,,7.60112000E-002,2.51460000E-001,6.04843000E-001
GRID,1385,,8.35656000E-002,2.51460000E-001,6.03845000E-001
GRID,1386,,9.11070000E-002,2.51460000E-001,6.02753000E-001
GRID,1387,,9.86341000E-002,2.51460000E-001,6.01568000E-001
GRID,1388,,1.06146000E-001,2.51460000E-001,6.00288000E-001
GRID,1389,,1.13641000E-001,2.51460000E-001,5.98914000E-001
GRID,1390,,1.21118000E-001,2.51460000E-001,5.97447000E-001
GRID,1391,,1.28577000E-001,2.51460000E-001,5.95886000E-001
GRID,1392,,1.36015000E-001,2.51460000E-001,5.94232000E-001
GRID,1393,,1.43432000E-001,2.51460000E-001,5.92486000E-001
GRID,1394,,1.50827000E-001,2.51460000E-001,5.90647000E-001
GRID,1395,,-1.50808000E-001,2.59080000E-001,5.90651000E-001
GRID,1396,,-1.43413000E-001,2.59080000E-001,5.92490000E-001
GRID,1397,,-1.35996000E-001,2.59080000E-001,5.94237000E-001
GRID,1398,,-1.28558000E-001,2.59080000E-001,5.95890000E-001
GRID,1399,,-1.21099000E-001,2.59080000E-001,5.97450000E-001
GRID,1400,,-1.13622000E-001,2.59080000E-001,5.98918000E-001
GRID,1401,,-1.06127000E-001,2.59080000E-001,6.00291000E-001
GRID,1402,,-9.86152000E-002,2.59080000E-001,6.01571000E-001
GRID,1403,,-9.10880000E-002,2.59080000E-001,6.02756000E-001
GRID,1404,,-8.35467000E-002,2.59080000E-001,6.03848000E-001
GRID,1405,,-7.59922000E-002,2.59080000E-001,6.04845000E-001
GRID,1406,,-6.84259000E-002,2.59080000E-001,6.05748000E-001
GRID,1407,,-6.08489000E-002,2.59080000E-001,6.06555000E-001
GRID,1408,,-5.32624000E-002,2.59080000E-001,6.07269000E-001
GRID,1409,,-4.56676000E-002,2.59080000E-001,6.07887000E-001
GRID,1410,,-3.80657000E-002,2.59080000E-001,6.08410000E-001
GRID,1411,,-3.04577000E-002,2.59080000E-001,6.08839000E-001
GRID,1412,,-2.28451000E-002,2.59080000E-001,6.09172000E-001
GRID,1413,,-1.52288000E-002,2.59080000E-001,6.09410000E-001
GRID,1414,,-7.61023000E-003,2.59080000E-001,6.09552000E-001
GRID,1415,,9.57557000E-006,2.59080000E-001,6.09600000E-001
GRID,1416,,7.62938000E-003,2.59080000E-001,6.09552000E-001
GRID,1417,,1.52480000E-002,2.59080000E-001,6.09409000E-001
GRID,1418,,2.28642000E-002,2.59080000E-001,6.09171000E-001
GRID,1419,,3.04769000E-002,2.59080000E-001,6.08838000E-001
GRID,1420,,3.80848000E-002,2.59080000E-001,6.08409000E-001
GRID,1421,,4.56867000E-002,2.59080000E-001,6.07886000E-001
GRID,1422,,5.32815000E-002,2.59080000E-001,6.07267000E-001
GRID,1423,,6.08680000E-002,2.59080000E-001,6.06554000E-001
GRID,1424,,6.84450000E-002,2.59080000E-001,6.05745000E-001
GRID,1425,,7.60112000E-002,2.59080000E-001,6.04843000E-001
GRID,1426,,8.35656000E-002,2.59080000E-001,6.03845000E-001
GRID,1427,,9.11070000E-002,2.59080000E-001,6.02753000E-001
GRID,1428,,9.86341000E-002,2.59080000E-001,6.01568000E-001
GRID,1429,,1.06146000E-001,2.59080000E-001,6.00288000E-001
GRID,1430,,1.13641000E-001,2.59080000E-001,5.98914000E-001
GRID,1431,,1.21118000E-001,2.59080000E-001,5.97447000E-001
GRID,1432,,1.28577000E-001,2.59080000E-001,5.95886000E-001
GRID,1433,,1.36015000E-001,2.59080000E-001,5.94232000E-001
GRID,1434,,1.43432000E-001,2.59080000E-001,5.92486000E-001
GRID,1435,,1.50827000E-001,2.59080000E-001,5.90647000E-001
GRID,1436,,-1.50808000E-001,2.66700000E-001,5.90651000E-001
GRID,1437,,-1.43413000E-001,2.66700000E-001,5.92490000E-001
GRID,1438,,-1.35996000E-001,2.66700000E-001,5.94237000E-001
GRID,1439,,-1.28558000E-001,2.66700000E-001,5.95890000E-001
GRID,1440,,-1.21099000E-001,2.66700000E-001,5.97450000E-001
GRID,1441,,-1.13622000E-001,2.66700000E-001,5.98918000E-001
GRID,1442,,-1.06127000E-001,2.66700000E-001,6.00291000E-001
GRID,1443,,-9.86152000E-002,2.66700000E-001,6.01571000E-001
GRID,1444,,-9.10880000E-002,2.66700000E-001,6.02756000E-001
GRID,1445,,-8.35467000E-002,2.66700000E-001,6.03848000E-001
GRID,1446,,-7.59922000E-002,2.66700000E-001,6.04845000E-001
GRID,1447,,-6.84259000E-002,2.66700000E-001,6.05748000E-001
GRID,1448,,-6.08489000E-002,2.66700000E-001,6.06555000E-001
GRID,1449,,-5.32624000E-002,2.66700000E-001,6.07269000E-001
GRID,1450,,-4.56676000E-002,2.66700000E-001,6.07887000E-001
GRID,1451,,-3.80657000E-002,2.66700000E-001,6.08410000E-001
GRID,1452,,-3.04577000E-002,2.66700000E-001,6.08839000E-001
GRID,1453,,-2.28451000E-002,2.66700000E-001,6.09172000E-001
GRID,1454,,-1.52288000E-002,2.66700000E-001,6.09410000E-001
GRID,1455,,-7.61023000E-003,2.66700000E-001,6.09552000E-001
GRID,1456,,9.57557000E-006,2.66700000E-001,6.09600000E-001
GRID,1457,,7.62938000E-003,2.66700000E-001,6.09552000E-001
GRID,1458,,1.52480000E-002,2.66700000E-001,6.09409000E-001
GRID,1459,,2.28642000E-002,2.66700000E-001,6.09171000E-001
GRID,1460,,3.04769000E-002,2.66700000E-001,6.08838000E-001
GRID,1461,,3.80848000E-002,2.66700000E-001,6.08409000E-001
GRID,1462,,4.56867000E-002,2.66700000E-001,6.07886000E-001
GRID,1463,,5.32815000E-002,2.66700000E-001,6.07267000E-001
GRID,1464,,6.08680000E-002,2.66700000E-001,6.06554000E-001
GRID,1465,,6.84450000E-002,2.66700000E-001,6.05745000E-001
GRID,1466,,7.60112000E-002,2.66700000E-001,6.04843000E-001
GRID,1467,,8.35656000E-002,2.66700000E-001,6.03845000E-001
GRID,1468,,9.11070000E-002,2.66700000E-001,6.02753000E-001
GRID,1469,,9.86341000E-002,2.66700000E-001,6.01568000E-001
GRID,1470,,1.06146000E-001,2.66700000E-001,6.00288000E-001
GRID,1471,,1.13641000E-001,2.66700000E-001,5.98914000E-001
GRID,1472,,1.21118000E-001,2.66700000E-001,5.97447000E-001
GRID,1473,,1.28577000E-001,2.66700000E-001,5.95886000E-001
GRID,1474,,1.36015000E-001,2.66700000E-001,5.94232000E-001
GRID,1475,,1.43432000E-001,2.66700000E-001,5.92486000E-001
GRID,1476,,1.50827000E-001,2.66700000E-001,5.90647000E-001
GRID,1477,,-1.50808000E-001,2.74320000E-001,5.90651000E-001
GRID,1478,,-1.43413000E-001,2.74320000E-001,5.92490000E-001
GRID,1479,,-1.35996000E-001,2.74320000E-001,5.94237000E-001
GRID,1480,,-1.28558000E-001,2.74320000E-001,5.95890000E-001
GRID,1481,,-1.21099000E-001,2.74320000E-001,5.97450000E-001
GRID,1482,,-1.13622000E-001,2.74320000E-001,5.98918000E-001
GRID,1483,,-1.06127000E-001,2.74320000E-001,6.00291000E-001
GRID,1484,,-9.86152000E-002,2.74320000E-001,6.01571000E-001
GRID,1485,,-9.10880000E-002,2.74320000E-001,6.02756000E-001
GRID,1486,,-8.35467000E-002,2.74320000E-001,6.03848000E-001
GRID,1487,,-7.59922000E-002,2.74320000E-001,6.04845000E-001
GRID,1488,,-6.84259000E-002,2.74320000E-001,6.05748000E-001
GRID,1489,,-6.08489000E-002,2.74320000E-001,6.06555000E-001
GRID,1490,,-5.32624000E-002,2.74320000E-001,6.07269000E-001
GRID,1491,,-4.56676000E-002,2.74320000E-001,6.07887000E-001
GRID,1492,,-3.80657000E-002,2.74320000E-001,6.08410000E-001
GRID,1493,,-3.04577000E-002,2.74320000E-001,6.08839000E-001
GRID,1494,,-2.28451000E-002,2.74320000E-001,6.09172000E-001
GRID,1495,,-1.52288000E-002,2.74320000E-001,6.09410000E-001
GRID,1496,,-7.61023000E-003,2.74320000E-001,6.09552000E-001
GRID,1497,,9.57557000E-006,2.74320000E-001,6.09600000E-001
GRID,1498,,7.62938000E-003,2.74320000E-001,6.09552000E-001
GRID,1499,,1.52480000E-002,2.74320000E-001,6.09409000E-001
GRID,1500,,2.28642000E-002,2.74320000E-001,6.09171000E-001
GRID,1501,,3.04769000E-002,2.74320000E-001,6.08838000E-001
GRID,1502,,3.80848000E-002,2.74320000E-001,6.08409000E-001
GRID,1503,,4.56867000E-002,2.74320000E-001,6.07886000E-001
GRID,1504,,5.32815000E-002,2.74320000E-001,6.07267000E-001
GRID,1505,,6.08680000E-002,2.74320000E-001,6.06554000E-001
GRID,1506,,6.84450000E-002,2.74320000E-001,6.05745000E-001
GRID,1507,,7.60112000E-002,2.74320000E-001,6.04843000E-001
GRID,1508,,8.35656000E-002,2.74320000E-001,6.03845000E-001
GRID,1509,,9.11070000E-002,2.74320000E-001,6.02753000E-001
GRID,1510,,9.86341000E-002,2.74320000E-001,6.01568000E-001
GRID,1511,,1.06146000E-001,2.74320000E-001,6.00288000E-001
GRID,1512,,1.13641000E-001,2.74320000E-001,5.98914000E-001
GRID,1513,,1.21118000E-001,2.74320000E-001,5.97447000E-001
GRID,1514,,1.28577000E-001,2.74320000E-001,5.95886000E-001
GRID,1515,,1.36015000E-001,2.74320000E-001,5.94232000E-001
GRID,1516,,1.43432000E-001,2.74320000E-001,5.92486000E-001
GRID,1517,,1.50827000E-001,2.74320000E-001,5.90647000E-001
GRID,1518,,-1.50808000E-001,2.81940000E-001,5.90651000E-001
GRID,1519,,-1.43413000E-001,2.81940000E-001,5.92490000E-001
GRID,1520,,-1.35996000E-001,2.81940000E-001,5.94237000E-001
GRID,1521,,-1.28558000E-001,2.81940000E-001,5.95890000E-001
GRID,1522,,-1.21099000E-001,2.81940000E-001,5.97450000E-001
GRID,1523,,-1.13622000E-001,2.81940000E-001,5.98918000E-001
GRID,1524,,-1.06127000E-001,2.81940000E-001,6.00291000E-001
GRID,1525,,-9.86152000E-002,2.81940000E-001,6.01571000E-001
GRID,1526,,-9.10880000E-002,2.81940000E-001,6.02756000E-001
GRID,1527,,-8.35467000E-002,2.81940000E-001,6.03848000E-001
GRID,1528,,-7.59922000E-002,2.81940000E-001,6.04845000E-001
GRID,1529,,-6.84259000E-002,2.81940000E-001,6.05748000E-001
GRID,1530,,-6.08489000E-002,2.81940000E-001,6.06555000E-001
GRID,1531,,-5.32624000E-002,2.81940000E-001,6.07269000E-001
GRID,1532,,-4.56676000E-002,2.81940000E-001,6.07887000E-001
GRID,1533,,-3.80657000E-002,2.81940000E-001,6.08410000E-001
GRID,1534,,-3.04577000E-002,2.81940000E-001,6.08839000E-001
GRID,1535,,-2.28451000E-002,2.81940000E-001,6.09172000E-001
GRID,1536,,-1.52288000E-002,2.81940000E-001,6.09410000E-001
GRID,1537,,-7.61023000E-003,2.81940000E-001,6.09552000E-001
GRID,1538,,9.57557000E-006,2.81940000E-001,6.09600000E-001
GRID,1539,,7.62938000E-003,2.81940000E-001,6.09552000E-001
GRID,1540,,1.52480000E-002,2.81940000E-001,6.09409000E-001
GRID,1541,,2.28642000E-002,2.81940000E-001,6.09171000E-001
GRID,1542,,3.04769000E-002,2.81940000E-001,6.08838000E-001
GRID,1543,,3.80848000E-002,2.81940000E-001,6.08409000E-001
GRID,1544,,4.56867000E-002,2.81940000E-001,6.07886000E-001
GRID,1545,,5.32815000E-002,2.81940000E-001,6.07267000E-001
GRID,1546,,6.08680000E-002,2.81940000E-001,6.06554000E-001
GRID,1547,,6.84450000E-002,2.81940000E-001,6.05745000E-001
GRID,1548,,7.60112000E-002,2.81940000E-001,6.04843000E-001
GRID,1549,,8.35656000E-002,2.81940000E-001,6.03845000E-001
GRID,1550,,9.11070000E-002,2.81940000E-001,6.02753000E-001
GRID,1551,,9.86341000E-002,2.81940000E-001,6.01568000E-001
GRID,1552,,1.06146000E-001,2.81940000E-001,6.00288000E-001
GRID,1553,,1.13641000E-001,2.81940000E-001,5.98914000E-001
GRID,1554,,1.21118000E-001,2.81940000E-001,5.97447000E-001
GRID,1555,,1.28577000E-001,2.81940000E-001,5.95886000E-001
GRID,1556,,1.36015000E-001,2.81940000E-001,5.94232000E-001
GRID,1557,,1.43432000E-001,2.81940000E-001,5.92486000E-001
GRID,1558,,1.50827000E-001,2.81940000E-001,5.90647000E-001
GRID,1559,,-1.50808000E-001,2.89560000E-001,5.90651000E-001
GRID,1560,,-1.43413000E-001,2.89560000E-001,5.92490000E-001
GRID,1561,,-1.35996000E-001,2.89560000E-001,5.94237000E-001
GRID,1562,,-1.28558000E-001,2.89560000E-001,5.95890000E-001
GRID,1563,,-1.21099000E-001,2.89560000E-001,5.97450000E-001
GRID,1564,,-1.13622000E-001,2.89560000E-001,5.98918000E-001
GRID,1565,,-1.06127000E-001,2.89560000E-001,6.00291000E-001
GRID,1566,,-9.86152000E-002,2.89560000E-001,6.01571000E-001
GRID,1567,,-9.10880000E-002,2.89560000E-001,6.02756000E-001
GRID,1568,,-8.35467000E-002,2.89560000E-001,6.03848000E-001
GRID,1569,,-7.59922000E-002,2.89560000E-001,6.04845000E-001
GRID,1570,,-6.84259000E-002,2.89560000E-001,6.05748000E-001
GRID,1571,,-6.08489000E-002,2.89560000E-001,6.06555000E-001
GRID,1572,,-5.32624000E-002,2.89560000E-001,6.07269000E-001
GRID,1573,,-4.56676000E-002,2.89560000E-001,6.07887000E-001
GRID,1574,,-3.80657000E-002,2.89560000E-001,6.08410000E-001
GRID,1575,,-3.04577000E-002,2.89560000E-001,6.08839000E-001
GRID,1576,,-2.28451000E-002,2.89560000E-001,6.09172000E-001
GRID,1577,,-1.52288000E-002,2.89560000E-001,6.09410000E-001
GRID,1578,,-7.61023000E-003,2.89560000E-001,6.09552000E-001
GRID,1579,,9.57557000E-006,2.89560000E-001,6.09600000E-001
GRID,1580,,7.62938000E-003,2.89560000E-001,6.09552000E-001
GRID,1581,,1.52480000E-002,2.89560000E-001,6.09409000E-001
GRID,1582,,2.28642000E-002,2.89560000E-001,6.09171000E-001
GRID,1583,,3.04769000E-002,2.89560000E-001,6.08838000E-001
GRID,1584,,3.80848000E-002,2.89560000E-001,6.08409000E-001
GRID,1585,,4.56867000E-002,2.89560000E-001,6.07886000E-001
GRID,1586,,5.32815000E-002,2.89560000E-001,6.07267000E-001
GRID,1587,,6.08680000E-002,2.89560000E-001,6.06554000E-001
GRID,1588,,6.84450000E-002,2.89560000E-001,6.05745000E-001
GRID,1589,,7.60112000E-002,2.89560000E-001,6.04843000E-001
GRID,1590,,8.35656000E-002,2.89560000E-001,6.03845000E-001
GRID,1591,,9.11070000E-002,2.89560000E-001,6.02753000E-001
GRID,1592,,9.86341000E-002,2.89560000E-001,6.01568000E-001
GRID,1593,,1.06146000E-001,2.89560000E-001,6.00288000E-001
GRID,1594,,1.13641000E-001,2.89560000E-001,5.98914000E-001
GRID,1595,,1.21118000E-001,2.89560000E-001,5.97447000E-001
GRID,1596,,1.28577000E-001,2.89560000E-001,5.95886000E-001
GRID,1597,,1.36015000E-001,2.89560000E-001,5.94232000E-001
GRID,1598,,1.43432000E-001,2.89560000E-001,5.92486000E-001
GRID,1599,,1.50827000E-001,2.89560000E-001,5.90647000E-001
GRID,1600,,-1.50808000E-001,2.97180000E-001,5.90651000E-001
GRID,1601,,-1.43413000E-001,2.97180000E-001,5.92490000E-001
GRID,1602,,-1.35996000E-001,2.97180000E-001,5.94237000E-001
GRID,1603,,-1.28558000E-001,2.97180000E-001,5.95890000E-001
GRID,1604,,-1.21099000E-001,2.97180000E-001,5.97450000E-001
GRID,1605,,-1.13622000E-001,2.97180000E-001,5.98918000E-001
GRID,1606,,-1.06127000E-001,2.97180000E-001,6.00291000E-001
GRID,1607,,-9.86152000E-002,2.97180000E-001,6.01571000E-001
GRID,1608,,-9.10880000E-002,2.97180000E-001,6.02756000E-001
GRID,1609,,-8.35467000E-002,2.97180000E-001,6.03848000E-001
GRID,1610,,-7.59922000E-002,2.97180000E-001,6.04845000E-001
GRID,1611,,-6.84259000E-002,2.97180000E-001,6.05748000E-001
GRID,1612,,-6.08489000E-002,2.97180000E-001,6.06555000E-001
GRID,1613,,-5.32624000E-002,2.97180000E-001,6.07269000E-001
GRID,1614,,-4.56676000E-002,2.97180000E-001,6.07887000E-001
GRID,1615,,-3.80657000E-002,2.97180000E-001,6.08410000E-001
GRID,1616,,-3.04577000E-002,2.97180000E-001,6.08839000E-001
GRID,1617,,-2.28451000E-002,2.97180000E-001,6.09172000E-001
GRID,1618,,-1.52288000E-002,2.97180000E-001,6.09410000E-001
GRID,1619,,-7.61023000E-003,2.97180000E-001,6.09552000E-001
GRID,1620,,9.57557000E-006,2.97180000E-001,6.09600000E-001
GRID,1621,,7.62938000E-003,2.97180000E-001,6.09552000E-001
GRID,1622,,1.52480000E-002,2.97180000E-001,6.09409000E-001
GRID,1623,,2.28642000E-002,2.97180000E-001,6.09171000E-001
GRID,1624,,3.04769000E-002,2.97180000E-001,6.08838000E-001
GRID,1625,,3.80848000E-002,2.97180000E-001,6.08409000E-001
GRID,1626,,4.56867000E-002,2.97180000E-001,6.07886000E-001
GRID,1627,,5.32815000E-002,2.97180000E-001,6.07267000E-001
GRID,1628,,6.08680000E-002,2.97180000E-001,6.06554000E-001
GRID,1629,,6.84450000E-002,2.97180000E-001,6.05745000E-001
GRID,1630,,7.60112000E-002,2.97180000E-001,6.04843000E-001
GRID,1631,,8.35656000E-002,2.97180000E-001,6.03845000E-001
GRID,1632,,9.11070000E-002,2.97180000E-001,6.02753000E-001
GRID,1633,,9.86341000E-002,2.97180000E-001,6.01568000E-001
GRID,1634,,1.06146000E-001,2.97180000E-001,6.00288000E-001
GRID,1635,,1.13641000E-001,2.97180000E-001,5.98914000E-001
GRID,1636,,1.21118000E-001,2.97180000E-001,5.97447000E-001
GRID,1637,,1.28577000E-001,2.97180000E-001,5.95886000E-001
GRID,1638,,1.36015000E-001,2.97180000E-001,5.94232000E-001
GRID,1639,,1.43432000E-001,2.97180000E-001,5.92486000E-001
GRID,1640,,1.50827000E-001,2.97180000E-001,5.90647000E-001
GRID,1641,,-1.50808000E-001,3.04800000E-001,5.90651000E-001
GRID,1642,,-1.43413000E-001,3.04800000E-001,5.92490000E-001
GRID,1643,,-1.35996000E-001,3.04800000E-001,5.94237000E-001
GRID,1644,,-1.28558000E-001,3.04800000E-001,5.95890000E-001
GRID,1645,,-1.21099000E-001,3.04800000E-001,5.97450000E-001
GRID,1646,,-1.13622000E-001,3.04800000E-001,5.98918000E-001
GRID,1647,,-1.06127000E-001,3.04800000E-001,6.00291000E-001
GRID,1648,,-9.86152000E-002,3.04800000E-001,6.01571000E-001
GRID,1649,,-9.10880000E-002,3.04800000E-001,6.02756000E-001
GRID,1650,,-8.35467000E-002,3.04800000E-001,6.03848000E-001
GRID,1651,,-7.59922000E-002,3.04800000E-001,6.04845000E-001
GRID,1652,,-6.84259000E-002,3.04800000E-001,6.05748000E-001
GRID,1653,,-6.08489000E-002,3.04800000E-001,6.06555000E-001
GRID,1654,,-5.32624000E-002,3.04800000E-001,6.07269000E-001
GRID,1655,,-4.56676000E-002,3.04800000E-001,6.07887000E-001
GRID,1656,,-3.80657000E-002,3.04800000E-001,6.08410000E-001
GRID,1657,,-3.04577000E-002,3.04800000E-001,6.08839000E-001
GRID,1658,,-2.28451000E-002,3.04800000E-001,6.09172000E-001
GRID,1659,,-1.52288000E-002,3.04800000E-001,6.09410000E-001
GRID,1660,,-7.61023000E-003,3.04800000E-001,6.09552000E-001
GRID,1661,,9.57557000E-006,3.04800000E-001,6.09600000E-001
GRID,1662,,7.62938000E-003,3.04800000E-001,6.09552000E-001
GRID,1663,,1.52480000E-002,3.04800000E-001,6.09409000E-001
GRID,1664,,2.28642000E-002,3.04800000E-001,6.09171000E-001
GRID,1665,,3.04769000E-002,3.04800000E-001,6.08838000E-001
GRID,1666,,3.80848000E-002,3.04800000E-001,6.08409000E-001
GRID,1667,,4.56867000E-002,3.04800000E-001,6.07886000E-001
GRID,1668,,5.32815000E-002,3.04800000E-001,6.07267000E-001
GRID,1669,,6.08680000E-002,3.04800000E-001,6.06554000E-001
GRID,1670,,6.84450000E-002,3.04800000E-001,6.05745000E-001
GRID,1671,,7.60112000E-002,3.04800000E-001,6.04843000E-001
GRID,1672,,8.35656000E-002,3.04800000E-001,6.03845000E-001
GRID,1673,,9.11070000E-002,3.04800000E-001,6.02753000E-001
GRID,1674,,9.86341000E-002,3.04800000E-001,6.01568000E-001
GRID,1675,,1.06146000E-001,3.04800000E-001,6.00288000E-001
GRID,1676,,1.13641000E-001,3.04800000E-001,5.98914000E-001
GRID,1677,,1.21118000E-001,3.04800000E-001,5.97447000E-001
GRID,1678,,1.28577000E-001,3.04800000E-001,5.95886000E-001
GRID,1679,,1.36015000E-001,3.04800000E-001,5.94232000E-001
GRID,1680,,1.43432000E-001,3.04800000E-001,5.92486000E-001
GRID,1681,,1.50827000E-001,3.04800000E-001,5.90647000E-001
CQUAD4,1,1,2,1,42,43
CQUAD4,2,1,3,2,43,44
CQUAD4,3,1,4,3,44,45
CQUAD4,4,1,5,4,45,46
CQUAD4,5,1,6,5,46,47
CQUAD4,6,1,7,6,47,48
CQUAD4,7,1,8,7,48,49
CQUAD4,8,1,9,8,49,50
CQUAD4,9,1,10,9,50,51
CQUAD4,10,1,11,10,51,52
CQUAD4,11,1,12,11,52,53
CQUAD4,12,1,13,12,53,54
CQUAD4,13,1,14,13,54,55
CQUAD4,14,1,15,14,55,56
CQUAD4,15,1,16,15,56,57
CQUAD4,16,1,17,16,57,58
CQUAD4,17,1,18,17,58,59
CQUAD4,18,1,19,18,59,60
CQUAD4,19,1,20,19,60,61
CQUAD4,20,1,21,20,61,62
CQUAD4,21,1,22,21,62,63
CQUAD4,22,1,23,22,63,64
CQUAD4,23,1,24,23,64,65
CQUAD4,24,1,25,24,65,66
CQUAD4,25,1,26,25,66,67
CQUAD4,26,1,27,26,67,68
CQUAD4,27,1,28,27,68,69
CQUAD4,28,1,29,28,69,70
CQUAD4,29,1,30,29,70,71
CQUAD4,30,1,31,30,71,72
CQUAD4,31,1,32,31,72,73
CQUAD4,32,1,33,32,73,74
CQUAD4,33,1,34,33,74,75
CQUAD4,34,1,35,34,75,76
CQUAD4,35,1,36,35,76,77
CQUAD4,36,1,37,36,77,78
CQUAD4,37,1,38,37,78,79
CQUAD4,38,1,39,38,79,80
CQUAD4,39,1,40,39,80,81
CQUAD4,40,1,41,40,81,82
CQUAD4,41,1,43,42,83,84
CQUAD4,42,1,44,43,84,85
CQUAD4,43,1,45,44,85,86
CQUAD4,44,1,46,45,86,87
CQUAD4,45,1,47,46,87,88
CQUAD4,46,1,48,47,88,89
CQUAD4,47,1,49,48,89,90
CQUAD4,48,1,50,49,90,91
CQUAD4,49,1,51,50,91,92
CQUAD4,50,1,52,51,92,93
CQUAD4,51,1,53,52,93,94
CQUAD4,52,1,54,53,94,95
CQUAD4,53,1,55,54,95,96
CQUAD4,54,1,56,55,96,97
CQUAD4,55,1,57,56,97,98
CQUAD4,56,1,58,57,98,99
CQUAD4,57,1,59,58,99,100
CQUAD4,58,1,60,59,100,101
CQUAD4,59,1,61,60,101,102
CQUAD4,60,1,62,61,102,103
CQUAD4,61,1,63,62,103,104
CQUAD4,62,1,64,63,104,105
CQUAD4,63,1,65,64,105,106
CQUAD4,64,1,66,65,106,107
CQUAD4,65,1,67,66,107,108
CQUAD4,66,1,68,67,108,109
CQUAD4,67,1,69,68,109,110
CQUAD4,68,1,70,69,110,111
CQUAD4,69,1,71,70,111,112
CQUAD4,70,1,72,71,112,113
CQUAD4,71,1,73,72,113,114
CQUAD4,72,1,74,73,114,115
CQUAD4,73,1,75,74,115,116
CQUAD4,74,1,76,75,116,117
CQUAD4,75,1,77,76,117,118
CQUAD4,76,1,78,77,118,119
CQUAD4,77,1,79,78,119,120
CQUAD4,78,1,80,79,120,121
CQUAD4,79,1,81,80,121,122
CQUAD4,80,1,82,81,122,123
CQUAD4,81,1,84,83,124,125
CQUAD4,82,1,85,84,125,126
CQUAD4,83,1,86,85,126,127
CQUAD4,84,1,87,86,127,128
CQUAD4,85,1,88,87,128,129
CQUAD4,86,1,89,88,129,130
CQUAD4,87,1,90,89,130,131
CQUAD4,88,1,91,90,131,132
CQUAD4,89,1,92,91,132,133
CQUAD4,90,1,93,92,133,134
CQUAD4,91,1,94,93,134,135
CQUAD4,92,1,95,94,135,136
CQUAD4,93,1,96,95,136,137
CQUAD4,94,1,97,96,137,138
CQUAD4,95,1,98,97,138,139
CQUAD4,96,1,99,98,139,140
CQUAD4,97,1,100,99,140,141
CQUAD4,98,1,101,100,141,142
CQUAD4,99,1,102,101,142,143
CQUAD4,100,1,103,102,143,144
CQUAD4,101,1,104,103,144,145
CQUAD4,102,1,105,104,145,146
CQUAD4,103,1,106,105,146,147
CQUAD4,104,1,107,106,147,148
CQUAD4,105,1,108,107,148,149
CQUAD4,106,1,109,108,149,150
CQUAD4,107,1,110,109,150,151
CQUAD4,108,1,111,110,151,152
CQUAD4,109,1,112,111,152,153
CQUAD4,110,1,113,112,153,154
CQUAD4,111,1,114,113,154,155
CQUAD4,112,1,115,114,155,156
CQUAD4,113,1,116,115,156,157
CQUAD4,114,1,117,116,157,158
CQUAD4,115,1,118,117,158,159
CQUAD4,116,1,119,118,159,160
CQUAD4,117,1,120,119,160,161
CQUAD4,118,1,121,120,161,162
CQUAD4,119,1,122,121,162,163
CQUAD4,120,1,123,122,163,164
CQUAD4,121,1,125,124,165,166
CQUAD4,122,1,126,125,166,167
CQUAD4,123,1,127,126,167,168
CQUAD4,124,1,128,127,168,169
CQUAD4,125,1,129,128,169,170
CQUAD4,126,1,130,129,170,171
CQUAD4,127,1,131,130,171,172
CQUAD4,128,1,132,131,172,173
CQUAD4,129,1,133,132,173,174
CQUAD4,130,1,134,133,174,175
CQUAD4,131,1,135,134,175,176
CQUAD4,132,1,136,135,176,177
CQUAD4,133,1,137,136,177,178
CQUAD4,134,1,138,137,178,179
CQUAD4,135,1,139,138,179,180
CQUAD4,136,1,140,139,180,181
CQUAD4,137,1,141,140,181,182
CQUAD4,138,1,142,141,182,183
CQUAD4,139,1,143,142,183,184
CQUAD4,140,1,144,143,184,185
CQUAD4,141,1,145,144,185,186
CQUAD4,142,1,146,145,186,187
CQUAD4,143,1,147,146,187,188
CQUAD4,144,1,148,147,188,189
CQUAD4,145,1,149,148,189,190
CQUAD4,146,1,150,149,190,191
CQUAD4,147,1,151,150,191,192
CQUAD4,148,1,152,151,192,193
CQUAD4,149,1,153,152,193,194
CQUAD4,150,1,154,153,194,195
CQUAD4,151,1,155,154,195,196
CQUAD4,152,1,156,155,196,197
CQUAD4,153,1,157,156,197,198
CQUAD4,154,1,158,157,198,199
CQUAD4,155,1,159,158,199,200
CQUAD4,156,1,160,159,200,201
CQUAD4,157,1,161,160,201,202
CQUAD4,158,1,162,161,202,203
CQUAD4,159,1,163,162,203,204
CQUAD4,160,1,164,163,204,205
CQUAD4,161,1,166,165,206,207
CQUAD4,162,1,167,166,207,208
CQUAD4,163,1,168,167,208,209
CQUAD4,164,1,169,168,209,210
CQUAD4,165,1,170,169,210,211
CQUAD4,166,1,171,170,211,212
CQUAD4,167,1,172,171,212,213
CQUAD4,168,1,173,172,213,214
CQUAD4,169,1,174,173,214,215
CQUAD4,170,1,175,174,215,216
CQUAD4,171,1,176,175,216,217
CQUAD4,172,1,177,176,217,218
CQUAD4,173,1,178,177,218,219
CQUAD4,174,1,179,178,219,220
CQUAD4,175,1,180,179,220,221
CQUAD4,176,1,181,180,221,222
CQUAD4,177,1,182,181,222,223
CQUAD4,178,1,183,182,223,224
CQUAD4,179,1,184,183,224,225
CQUAD4,180,1,185,184,225,226
CQUAD4,181,1,186,185,226,227
CQUAD4,182,1,187,186,227,228
CQUAD4,183,1,188,187,228,229
CQUAD4,184,1,189,188,229,230
CQUAD4,185,1,190,189,230,231
CQUAD4,186,1,191,190,231,232
CQUAD4,187,1,192,191,232,233
CQUAD4,188,1,193,192,233,234
CQUAD4,189,1,194,193,234,235
CQUAD4,190,1,195,194,235,236
CQUAD4,191,1,196,195,236,237
CQUAD4,192,1,197,196,237,238
CQUAD4,193,1,198,197,238,239
CQUAD4,194,1,199,198,239,240
CQUAD4,195,1,200,199,240,241
CQUAD4,196,1,201,200,241,242
CQUAD4,197,1,202,201,242,243
CQUAD4,198,1,203,202,243,244
CQUAD4,199,1,204,203,244,245
CQUAD4,200,1,205,204,245,246
CQUAD4,201,1,207,206,247,248
CQUAD4,202,1,208,207,248,249
CQUAD4,203,1,209,208,249,250
CQUAD4,204,1,210,209,250,251
CQUAD4,205,1,211,210,251,252
CQUAD4,206,1,212,211,252,253
CQUAD4,207,1,213,212,253,254
CQUAD4,208,1,214,213,254,255
CQUAD4,209,1,215,214,255,256
CQUAD4,210,1,216,215,256,257
CQUAD4,211,1,217,216,257,258
CQUAD4,212,1,218,217,258,259
CQUAD4,213,1,219,218,259,260
CQUAD4,214,1,220,219,260,261
CQUAD4,215,1,221,220,261,262
CQUAD4,216,1,222,221,262,263
CQUAD4,217,1,223,222,263,264
CQUAD4,218,1,224,223,264,265
CQUAD4,219,1,225,224,265,266
CQUAD4,220,1,226,225,266,267
CQUAD4,221,1,227,226,267,268
CQUAD4,222,1,228,227,268,269
CQUAD4,223,1,229,228,269,270
CQUAD4,224,1,230,229,270,271
CQUAD4,225,1,231,230,271,272
CQUAD4,226,1,232,231,272,273
CQUAD4,227,1,233,232,273,274
CQUAD4,228,1,234,233,274,275
CQUAD4,229,1,235,234,275,276
CQUAD4,230,1,236,235,276,277
CQUAD4,231,1,237,236,277,278
CQUAD4,232,1,238,237,278,279
CQUAD4,233,1,239,238,279,280
CQUAD4,234,1,240,239,280,281
CQUAD4,235,1,241,240,281,282
CQUAD4,236,1,242,241,282,283
CQUAD4,237,1,243,242,283,284
CQUAD4,238,1,244,243,284,285
CQUAD4,239,1,245,244,285,286
CQUAD4,240,1,246,245,286,287
CQUAD4,241,1,248,247,288,289
CQUAD4,242,1,249,248,289,290
CQUAD4,243,1,250,249,290,291
CQUAD4,244,1,251,250,291,292
CQUAD4,245,1,252,251,292,293
CQUAD4,246,1,253,252,293,294
CQUAD4,247,1,254,253,294,295
CQUAD4,248,1,255,254,295,296
CQUAD4,249,1,256,255,296,297
CQUAD4,250,1,257,256,297,298
CQUAD4,251,1,258,257,298,299
CQUAD4,252,1,259,258,299,300
CQUAD4,253,1,260,259,300,301
CQUAD4,254,1,261,260,301,302
CQUAD4,255,1,262,261,302,303
CQUAD4,256,1,263,262,303,304
CQUAD4,257,1,264,263,304,305
CQUAD4,258,1,265,264,305,306
CQUAD4,259,1,266,265,306,307
CQUAD4,260,1,267,266,307,308
CQUAD4,261,1,268,267,308,309
CQUAD4,262,1,269,268,309,310
CQUAD4,263,1,270,269,310,311
CQUAD4,264,1,271,270,311,312
CQUAD4,265,1,272,271,312,313
CQUAD4,266,1,273,272,313,314
CQUAD4,267,1,274,273,314,315
CQUAD4,268,1,275,274,315,316
CQUAD4,269,1,276,275,316,317
CQUAD4,270,1,277,276,317,318
CQUAD4,271,1,278,277,318,319
CQUAD4,272,1,279,278,319,320
CQUAD4,273,1,280,279,320,321
CQUAD4,274,1,281,280,321,322
CQUAD4,275,1,282,281,322,323
CQUAD4,276,1,283,282,323,324
CQUAD4,277,1,284,283,324,325
CQUAD4,278,1,285,284,325,326
CQUAD4,279,1,286,285,326,327
CQUAD4,280,1,287,286,327,328
CQUAD4,281,1,289,288,329,330
CQUAD4,282,1,290,289,330,331
CQUAD4,283,1,291,290,331,332
CQUAD4,284,1,292,291,332,333
CQUAD4,285,1,293,292,333,334
CQUAD4,286,1,294,293,334,335
CQUAD4,287,1,295,294,335,336
CQUAD4,288,1,296,295,336,337
CQUAD4,289,1,297,296,337,338
CQUAD4,290,1,298,297,338,339
CQUAD4,291,1,299,298,339,340
CQUAD4,292,1,300,299,340,341
CQUAD4,293,1,301,300,341,342
CQUAD4,294,1,302,301,342,343
CQUAD4,295,1,303,302,343,344
CQUAD4,296,1,304,303,344,345
CQUAD4,297,1,305,304,345,346
CQUAD4,298,1,306,305,346,347
CQUAD4,299,1,307,306,347,348
CQUAD4,300,1,308,307,348,349
CQUAD4,301,1,309,308,349,350
CQUAD4,302,1,310,309,350,351
CQUAD4,303,1,311,310,351,352
CQUAD4,304,1,312,311,352,353
CQUAD4,305,1,313,312,353,354
CQUAD4,306,1,314,313,354,355
CQUAD4,307,1,315,314,355,356
CQUAD4,308,1,316,315,356,357
CQUAD4,309,1,317,316,357,358
CQUAD4,310,1,318,317,358,359
CQUAD4,311,1,319,318,359,360
CQUAD4,312,1,320,319,360,361
CQUAD4,313,1,321,320,361,362
CQUAD4,314,1,322,321,362,363
CQUAD4,315,1,323,322,363,364
CQUAD4,316,1,324,323,364,365
CQUAD4,317,1,325,324,365,366
CQUAD4,318,1,326,325,366,367
CQUAD4,319,1,327,326,367,368
CQUAD4,320,1,328,327,368,369
CQUAD4,321,1,330,329,370,371
CQUAD4,322,1,331,330,371,372
CQUAD4,323,1,332,331,372,373
CQUAD4,324,1,333,332,373,374
CQUAD4,325,1,334,333,374,375
CQUAD4,326,1,335,334,375,376
CQUAD4,327,1,336,335,376,377
CQUAD4,328,1,337,336,377,378
CQUAD4,329,1,338,337,378,379
CQUAD4,330,1,339,338,379,380
CQUAD4,331,1,340,339,380,381
CQUAD4,332,1,341,340,381,382
CQUAD4,333,1,342,341,382,383
CQUAD4,334,1,343,342,383,384
CQUAD4,335,1,344,343,384,385
CQUAD4,336,1,345,344,385,386
CQUAD4,337,1,346,345,386,387
CQUAD4,338,1,347,346,387,388
CQUAD4,339,1,348,347,388,389
CQUAD4,340,1,349,348,389,390
CQUAD4,341,1,350,349,390,391
CQUAD4,342,1,351,350,391,392
CQUAD4,343,1,352,351,392,393
CQUAD4,344,1,353,352,393,394
CQUAD4,345,1,354,353,394,395
CQUAD4,346,1,355,354,395,396
CQUAD4,347,1,356,355,396,397
CQUAD4,348,1,357,356,397,398
CQUAD4,349,1,358,357,398,399
CQUAD4,350,1,359,358,399,400
CQUAD4,351,1,360,359,400,401
CQUAD4,352,1,361,360,401,402
CQUAD4,353,1,362,361,402,403
CQUAD4,354,1,363,362,403,404
CQUAD4,355,1,364,363,404,405
CQUAD4,356,1,365,364,405,406
CQUAD4,357,1,366,365,406,407
CQUAD4,358,1,367,366,407,408
CQUAD4,359,1,368,367,408,409
CQUAD4,360,1,369,368,409,410
CQUAD4,361,1,371,370,411,412
CQUAD4,362,1,372,371,412,413
CQUAD4,363,1,373,372,413,414
CQUAD4,364,1,374,373,414,415
CQUAD4,365,1,375,374,415,416
CQUAD4,366,1,376,375,416,417
CQUAD4,367,1,377,376,417,418
CQUAD4,368,1,378,377,418,419
CQUAD4,369,1,379,378,419,420
CQUAD4,370,1,380,379,420,421
CQUAD4,371,1,381,380,421,422
CQUAD4,372,1,382,381,422,423
CQUAD4,373,1,383,382,423,424
CQUAD4,374,1,384,383,424,425
CQUAD4,375,1,385,384,425,426
CQUAD4,376,1,386,385,426,427
CQUAD4,377,1,387,386,427,428
CQUAD4,378,1,388,387,428,429
CQUAD4,379,1,389,388,429,430
CQUAD4,380,1,390,389,430,431
CQUAD4,381,1,391,390,431,432
CQUAD4,382,1,392,391,432,433
CQUAD4,383,1,393,392,433,434
CQUAD4,384,1,394,393,434,435
CQUAD4,385,1,395,394,435,436
CQUAD4,386,1,396,395,436,437
CQUAD4,387,1,397,396,437,438
CQUAD4,388,1,398,397,438,439
CQUAD4,389,1,399,398,439,440
CQUAD4,390,1,400,399,440,441
CQUAD4,391,1,401,400,441,442
CQUAD4,392,1,402,401,442,443
CQUAD4,393,1,403,402,443,444
CQUAD4,394,1,404,403,444,445
CQUAD4,395,1,405,404,445,446
CQUAD4,396,1,406,405,446,447
CQUAD4,397,1,407,406,447,448
CQUAD4,398,1,408,407,448,449
CQUAD4,399,1,409,408,449,450
CQUAD4,400,1,410,409,450,451
CQUAD4,401,1,412,411,452,453
CQUAD4,402,1,413,412,453,454
CQUAD4,403,1,414,413,454,455
CQUAD4,404,1,415,414,455,456
CQUAD4,405,1,416,415,456,457
CQUAD4,406,1,417,416,457,458
CQUAD4,407,1,418,417,458,459
CQUAD4,408,1,419,418,459,460
CQUAD4,409,1,420,419,460,461
CQUAD4,410,1,421,420,461,462
CQUAD4,411,1,422,421,462,463
CQUAD4,412,1,423,422,463,464
CQUAD4,413,1,424,423,464,465
CQUAD4,414,1,425,424,465,466
CQUAD4,415,1,426,425,466,467
CQUAD4,416,1,427,426,467,468
CQUAD4,417,1,428,427,468,469
CQUAD4,418,1,429,428,469,470
CQUAD4,419,1,430,429,470,471
CQUAD4,420,1,431,430,471,472
CQUAD4,421,1,432,431,472,473
CQUAD4,422,1,433,432,473,474
CQUAD4,423,1,434,433,474,475
CQUAD4,424,1,435,434,475,476
CQUAD4,425,1,436,435,476,477
CQUAD4,426,1,437,436,477,478
CQUAD4,427,1,438,437,478,479
CQUAD4,428,1,439,438,479,480
CQUAD4,429,1,440,439,480,481
CQUAD4,430,1,441,440,481,482
CQUAD4,431,1,442,441,482,483
CQUAD4,432,1,443,442,483,484
CQUAD4,433,1,444,443,484,485
CQUAD4,434,1,445,444,485,486
CQUAD4,435,1,446,445,486,487
CQUAD4,436,1,447,446,487,488
CQUAD4,437,1,448,447,488,489
CQUAD4,438,1,449,448,489,490
CQUAD4,439,1,450,449,490,491
CQUAD4,440,1,451,450,491,492
CQUAD4,441,1,453,452,493,494
CQUAD4,442,1,454,453,494,495
CQUAD4,443,1,455,454,495,496
CQUAD4,444,1,456,455,496,497
CQUAD4,445,1,457,456,497,498
CQUAD4,446,1,458,457,498,499
CQUAD4,447,1,459,458,499,500
CQUAD4,448,1,460,459,500,501
CQUAD4,449,1,461,460,501,502
CQUAD4,450,1,462,461,502,503
CQUAD4,451,1,463,462,503,504
CQUAD4,452,1,464,463,504,505
CQUAD4,453,1,465,464,505,506
CQUAD4,454,1,466,465,506,507
CQUAD4,455,1,467,466,507,508
CQUAD4,456,1,468,467,508,509
CQUAD4,457,1,469,468,509,510
CQUAD4,458,1,470,469,510,511
CQUAD4,459,1,471,470,511,512
CQUAD4,460,1,472,471,512,513
CQUAD4,461,1,473,472,513,514
CQUAD4,462,1,474,473,514,515
CQUAD4,463,1,475,474,515,516
CQUAD4,464,1,476,475,516,517
CQUAD4,465,1,477,476,517,518
CQUAD4,466,1,478,477,518,519
CQUAD4,467,1,479,478,519,520
CQUAD4,468,1,480,479,520,521
CQUAD4,469,1,481,480,521,522
CQUAD4,470,1,482,481,522,523
CQUAD4,471,1,483,482,523,524
CQUAD4,472,1,484,483,524,525
CQUAD4,473,1,485,484,525,526
CQUAD4,474,1,486,485,526,527
CQUAD4,475,1,487,486,527,528
CQUAD4,476,1,488,487,528,529
CQUAD4,477,1,489,488,529,530
CQUAD4,478,1,490,489,530,531
CQUAD4,479,1,491,490,531,532
CQUAD4,480,1,492,491,532,533
CQUAD4,481,1,494,493,534,535
CQUAD4,482,1,495,494,535,536
CQUAD4,483,1,496,495,536,537
CQUAD4,484,1,497,496,537,538
CQUAD4,485,1,498,497,538,539
CQUAD4,486,1,499,498,539,540
CQUAD4,487,1,500,499,540,541
CQUAD4,488,1,501,500,541,542
CQUAD4,489,1,502,501,542,543
CQUAD4,490,1,503,502,543,544
CQUAD4,491,1,504,503,544,545
CQUAD4,492,1,505,504,545,546
CQUAD4,493,1,506,505,546,547
CQUAD4,494,1,507,506,547,548
CQUAD4,495,1,508,507,548,549
CQUAD4,496,1,509,508,549,550
CQUAD4,497,1,510,509,550,551
CQUAD4,498,1,511,510,551,552
CQUAD4,499,1,512,511,552,553
CQUAD4,500,1,513,512,553,554
CQUAD4,501,1,514,513,554,555
CQUAD4,502,1,515,514,555,556
CQUAD4,503,1,516,515,556,557
CQUAD4,504,1,517,516,557,558
CQUAD4,505,1,518,517,558,559
CQUAD4,506,1,519,518,559,560
CQUAD4,507,1,520,519,560,561
CQUAD4,508,1,521,520,561,562
CQUAD4,509,1,522,521,562,563
CQUAD4,510,1,523,522,563,564
CQUAD4,511,1,524,523,564,565
CQUAD4,512,1,525,524,565,566
CQUAD4,513,1,526,525,566,567
CQUAD4,514,1,527,526,567,568
CQUAD4,515,1,528,527,568,569
CQUAD4,516,1,529,528,569,570
CQUAD4,517,1,530,529,570,571
CQUAD4,518,1,531,530,571,572
CQUAD4,519,1,532,531,572,573
CQUAD4,520,1,533,532,573,574
CQUAD4,521,1,535,534,575,576
CQUAD4,522,1,536,535,576,577
CQUAD4,523,1,537,536,577,578
CQUAD4,524,1,538,537,578,579
CQUAD4,525,1,539,538,579,580
CQUAD4,526,1,540,539,580,581
CQUAD4,527,1,541,540,581,582
CQUAD4,528,1,542,541,582,583
CQUAD4,529,1,543,542,583,584
CQUAD4,530,1,544,543,584,585
CQUAD4,531,1,545,544,585,586
CQUAD4,532,1,546,545,586,587
CQUAD4,533,1,547,546,587,588
CQUAD4,534,1,548,547,588,589
CQUAD4,535,1,549,548,589,590
CQUAD4,536,1,550,549,590,591
CQUAD4,537,1,551,550,591,592
CQUAD4,538,1,552,551,592,593
CQUAD4,539,1,553,552,593,594
CQUAD4,540,1,554,553,594,595
CQUAD4,541,1,555,554,595,596
CQUAD4,542,1,556,555,596,597
CQUAD4,543,1,557,556,597,598
CQUAD4,544,1,558,557,598,599
CQUAD4,545,1,559,558,599,600
CQUAD4,546,1,560,559,600,601
CQUAD4,547,1,561,560,601,602
CQUAD4,548,1,562,561,602,603
CQUAD4,549,1,563,562,603,604
CQUAD4,550,1,564,563,604,605
CQUAD4,551,1,565,564,605,606
CQUAD4,552,1,566,565,606,607
CQUAD4,553,1,567,566,607,608
CQUAD4,554,1,568,567,608,609
CQUAD4,555,1,569,568,609,610
CQUAD4,556,1,570,569,610,611
CQUAD4,557,1,571,570,611,612
CQUAD4,558,1,572,571,612,613
CQUAD4,559,1,573,572,613,614
CQUAD4,560,1,574,573,614,615
CQUAD4,561,1,576,575,616,617
CQUAD4,562,1,577,576,617,618
CQUAD4,563,1,578,577,618,619
CQUAD4,564,1,579,578,619,620
CQUAD4,565,1,580,579,620,621
CQUAD4,566,1,581,580,621,622
CQUAD4,567,1,582,581,622,623
CQUAD4,568,1,583,582,623,624
CQUAD4,569,1,584,583,624,625
CQUAD4,570,1,585,584,625,626
CQUAD4,571,1,586,585,626,627
CQUAD4,572,1,587,586,627,628
CQUAD4,573,1,588,587,628,629
CQUAD4,574,1,589,588,629,630
CQUAD4,575,1,590,589,630,631
CQUAD4,576,1,591,590,631,632
CQUAD4,577,1,592,591,632,633
CQUAD4,578,1,593,592,633,634
CQUAD4,579,1,594,593,634,635
CQUAD4,580,1,595,594,635,636
CQUAD4,581,1,596,595,636,637
CQUAD4,582,1,597,596,637,638
CQUAD4,583,1,598,597,638,639
CQUAD4,584,1,599,598,639,640
CQUAD4,585,1,600,599,640,641
CQUAD4,586,1,601,600,641,642
CQUAD4,587,1,602,601,642,643
CQUAD4,588,1,603,602,643,644
CQUAD4,589,1,604,603,644,645
CQUAD4,590,1,605,604,645,646
CQUAD4,591,1,606,605,646,647
CQUAD4,592,1,607,606,647,648
CQUAD4,593,1,608,607,648,649
CQUAD4,594,1,609,608,649,650
CQUAD4,595,1,610,609,650,651
CQUAD4,596,1,611,610,651,652
CQUAD4,597,1,612,611,652,653
CQUAD4,598,1,613,612,653,654
CQUAD4,599,1,614,613,654,655
CQUAD4,600,1,615,614,655,656
CQUAD4,601,1,617,616,657,658
CQUAD4,602,1,618,617,658,659
CQUAD4,603,1,619,618,659,660
CQUAD4,604,1,620,619,660,661
CQUAD4,605,1,621,620,661,662
CQUAD4,606,1,622,621,662,663
CQUAD4,607,1,623,622,663,664
CQUAD4,608,1,624,623,664,665
CQUAD4,609,1,625,624,665,666
CQUAD4,610,1,626,625,666,667
CQUAD4,611,1,627,626,667,668
CQUAD4,612,1,628,627,668,669
CQUAD4,613,1,629,628,669,670
CQUAD4,614,1,630,629,670,671
CQUAD4,615,1,631,630,671,672
CQUAD4,616,1,632,631,672,673
CQUAD4,617,1,633,632,673,674
CQUAD4,618,1,634,633,674,675
CQUAD4,619,1,635,634,675,676
CQUAD4,620,1,636,635,676,677
CQUAD4,621,1,637,636,677,678
CQUAD4,622,1,638,637,678,679
CQUAD4,623,1,639,638,679,680
CQUAD4,624,1,640,639,680,681
CQUAD4,625,1,641,640,681,682
CQUAD4,626,1,642,641,682,683
CQUAD4,627,1,643,642,683,684
CQUAD4,628,1,644,643,684,685
CQUAD4,629,1,645,644,685,686
CQUAD4,630,1,646,645,686,687
CQUAD4,631,1,647,646,687,688
CQUAD4,632,1,648,647,688,689
CQUAD4,633,1,649,648,689,690
CQUAD4,634,1,650,649,690,691
CQUAD4,635,1,651,650,691,692
CQUAD4,636,1,652,651,692,693
CQUAD4,637,1,653,652,693,694
CQUAD4,638,1,654,653,694,695
CQUAD4,639,1,655,654,695,696
CQUAD4,640,1,656,655,696,697
CQUAD4,641,1,658,657,698,699
CQUAD4,642,1,659,658,699,700
CQUAD4,643,1,660,659,700,701
CQUAD4,644,1,661,660,701,702
CQUAD4,645,1,662,661,702,703
CQUAD4,646,1,663,662,703,704
CQUAD4,647,1,664,663,704,705
CQUAD4,648,1,665,664,705,706
CQUAD4,649,1,666,665,706,707
CQUAD4,650,1,667,666,707,708
CQUAD4,651,1,668,667,708,709
CQUAD4,652,1,669,668,709,710
CQUAD4,653,1,670,669,710,711
CQUAD4,654,1,671,670,711,712
CQUAD4,655,1,672,671,712,713
CQUAD4,656,1,673,672,713,714
CQUAD4,657,1,674,673,714,715
CQUAD4,658,1,675,674,715,716
CQUAD4,659,1,676,675,716,717
CQUAD4,660,1,677,676,717,718
CQUAD4,661,1,678,677,718,719
CQUAD4,662,1,679,678,719,720
CQUAD4,663,1,680,679,720,721
CQUAD4,664,1,681,680,721,722
CQUAD4,665,1,682,681,722,723
CQUAD4,666,1,683,682,723,724
CQUAD4,667,1,684,683,724,725
CQUAD4,668,1,685,684,725,726
CQUAD4,669,1,686,685,726,727
CQUAD4,670,1,687,686,727,728
CQUAD4,671,1,688,687,728,729
CQUAD4,672,1,689,688,729,730
CQUAD4,673,1,690,689,730,731
CQUAD4,674,1,691,690,731,732
CQUAD4,675,1,692,691,732,733
CQUAD4,676,1,693,692,733,734
CQUAD4,677,1,694,693,734,735
CQUAD4,678,1,695,694,735,736
CQUAD4,679,1,696,695,736,737
CQUAD4,680,1,697,696,737,738
CQUAD4,681,1,699,698,739,740
CQUAD4,682,1,700,699,740,741
CQUAD4,683,1,701,700,741,742
CQUAD4,684,1,702,701,742,743
CQUAD4,685,1,703,702,743,744
CQUAD4,686,1,704,703,744,745
CQUAD4,687,1,705,704,745,746
CQUAD4,688,1,706,705,746,747
CQUAD4,689,1,707,706,747,748
CQUAD4,690,1,708,707,748,749
CQUAD4,691,1,709,708,749,750
CQUAD4,692,1,710,709,750,751
CQUAD4,693,1,711,710,751,752
CQUAD4,694,1,712,711,752,753
CQUAD4,695,1,713,712,753,754
CQUAD4,696,1,714,713,754,755
CQUAD4,697,1,715,714,755,756
CQUAD4,698,1,716,715,756,757
CQUAD4,699,1,717,716,757,758
CQUAD4,700,1,718,717,758,759
CQUAD4,701,1,719,718,759,760
CQUAD4,702,1,720,719,760,761
CQUAD4,703,1,721,720,761,762
CQUAD4,704,1,722,721,762,763
CQUAD4,705,1,723,722,763,764
CQUAD4,706,1,724,723,764,765
CQUAD4,707,1,725,724,765,766
CQUAD4,708,1,726,725,766,767
CQUAD4,709,1,727,726,767,768
CQUAD4,710,1,728,727,768,769
CQUAD4,711,1,729,728,769,770
CQUAD4,712,1,730,729,770,771
CQUAD4,713,1,731,730,771,772
CQUAD4,714,1,732,731,772,773
CQUAD4,715,1,733,732,773,774
CQUAD4,716,1,734,733,774,775
CQUAD4,717,1,735,734,775,776
CQUAD4,718,1,736,735,776,777
CQUAD4,719,1,737,736,777,778
CQUAD4,720,1,738,737,778,779
CQUAD4,721,1,740,739,780,781
CQUAD4,722,1,741,740,781,782
CQUAD4,723,1,742,741,782,783
CQUAD4,724,1,743,742,783,784
CQUAD4,725,1,744,743,784,785
CQUAD4,726,1,745,744,785,786
CQUAD4,727,1,746,745,786,787
CQUAD4,728,1,747,746,787,788
CQUAD4,729,1,748,747,788,789
CQUAD4,730,1,749,748,789,790
CQUAD4,731,1,750,749,790,791
CQUAD4,732,1,751,750,791,792
CQUAD4,733,1,752,751,792,793
CQUAD4,734,1,753,752,793,794
CQUAD4,735,1,754,753,794,795
CQUAD4,736,1,755,754,795,796
CQUAD4,737,1,756,755,796,797
CQUAD4,738,1,757,756,797,798
CQUAD4,739,1,758,757,798,799
CQUAD4,740,1,759,758,799,800
CQUAD4,741,1,760,759,800,801
CQUAD4,742,1,761,760,801,802
CQUAD4,743,1,762,761,802,803
CQUAD4,744,1,763,762,803,804
CQUAD4,745,1,764,763,804,805
CQUAD4,746,1,765,764,805,806
CQUAD4,747,1,766,765,806,807
CQUAD4,748,1,767,766,807,808
CQUAD4,749,1,768,767,808,809
CQUAD4,750,1,769,768,809,810
CQUAD4,751,1,770,769,810,811
CQUAD4,752,1,771,770,811,812
CQUAD4,753,1,772,771,812,813
CQUAD4,754,1,773,772,813,814
CQUAD4,755,1,774,773,814,815
CQUAD4,756,1,775,774,815,816
CQUAD4,757,1,776,775,816,817
CQUAD4,758,1,777,776,817,818
CQUAD4,759,1,778,777,818,819
CQUAD4,760,1,779,778,819,820
CQUAD4,761,1,781,780,821,822
CQUAD4,762,1,782,781,822,823
CQUAD4,763,1,783,782,823,824
CQUAD4,764,1,784,783,824,825
CQUAD4,765,1,785,784,825,826
CQUAD4,766,1,786,785,826,827
CQUAD4,767,1,787,786,827,828
CQUAD4,768,1,788,787,828,829
CQUAD4,769,1,789,788,829,830
CQUAD4,770,1,790,789,830,831
CQUAD4,771,1,791,790,831,832
CQUAD4,772,1,792,791,832,833
CQUAD4,773,1,793,792,833,834
CQUAD4,774,1,794,793,834,835
CQUAD4,775,1,795,794,835,836
CQUAD4,776,1,796,795,836,837
CQUAD4,777,1,797,796,837,838
CQUAD4,778,1,798,797,838,839
CQUAD4,779,1,799,798,839,840
CQUAD4,780,1,800,799,840,841
CQUAD4,781,1,801,800,841,842
CQUAD4,782,1,802,801,842,843
CQUAD4,783,1,803,802,843,844
CQUAD4,784,1,804,803,844,845
CQUAD4,785,1,805,804,845,846
CQUAD4,786,1,806,805,846,847
CQUAD4,787,1,807,806,847,848
CQUAD4,788,1,808,807,848,849
CQUAD4,789,1,809,808,849,850
CQUAD4,790,1,810,809,850,851
CQUAD4,791,1,811,810,851,852
CQUAD4,792,1,812,811,852,853
CQUAD4,793,1,813,812,853,854
CQUAD4,794,1,814,813,854,855
CQUAD4,795,1,815,814,855,856
CQUAD4,796,1,816,815,856,857
CQUAD4,797,1,817,816,857,858
CQUAD4,798,1,818,817,858,859
CQUAD4,799,1,819,818,859,860
CQUAD4,800,1,820,819,860,861
CQUAD4,801,1,822,821,862,863
CQUAD4,802,1,823,822,863,864
CQUAD4,803,1,824,823,864,865
CQUAD4,804,1,825,824,865,866
CQUAD4,805,1,826,825,866,867
CQUAD4,806,1,827,826,867,868
CQUAD4,807,1,828,827,868,869
CQUAD4,808,1,829,828,869,870
CQUAD4,809,1,830,829,870,871
CQUAD4,810,1,831,830,871,872
CQUAD4,811,1,832,831,872,873
CQUAD4,812,1,833,832,873,874
CQUAD4,813,1,834,833,874,875
CQUAD4,814,1,835,834,875,876
CQUAD4,815,1,836,835,876,877
CQUAD4,816,1,837,836,877,878
CQUAD4,817,1,838,837,878,879
CQUAD4,818,1,839,838,879,880
CQUAD4,819,1,840,839,880,881
CQUAD4,820,1,841,840,881,882
CQUAD4,821,1,842,841,882,883
CQUAD4,822,1,843,842,883,884
CQUAD4,823,1,844,843,884,885
CQUAD4,824,1,845,844,885,886
CQUAD4,825,1,846,845,886,887
CQUAD4,826,1,847,846,887,888
CQUAD4,827,1,848,847,888,889
CQUAD4,828,1,849,848,889,890
CQUAD4,829,1,850,849,890,891
CQUAD4,830,1,851,850,891,892
CQUAD4,831,1,852,851,892,893
CQUAD4,832,1,853,852,893,894
CQUAD4,833,1,854,853,894,895
CQUAD4,834,1,855,854,895,896
CQUAD4,835,1,856,855,896,897
CQUAD4,836,1,857,856,897,898
CQUAD4,837,1,858,857,898,899
CQUAD4,838,1,859,858,899,900
CQUAD4,839,1,860,859,900,901
CQUAD4,840,1,861,860,901,902
CQUAD4,841,1,863,862,903,904
CQUAD4,842,1,864,863,904,905
CQUAD4,843,1,865,864,905,906
CQUAD4,844,1,866,865,906,907
CQUAD4,845,1,867,866,907,908
CQUAD4,846,1,868,867,908,909
CQUAD4,847,1,869,868,909,910
CQUAD4,848,1,870,869,910,911
CQUAD4,849,1,871,870,911,912
CQUAD4,850,1,872,871,912,913
CQUAD4,851,1,873,872,913,914
CQUAD4,852,1,874,873,914,915
CQUAD4,853,1,875,874,915,916
CQUAD4,854,1,876,875,916,917
CQUAD4,855,1,877,876,917,918
CQUAD4,856,1,878,877,918,919
CQUAD4,857,1,879,878,919,920
CQUAD4,858,1,880,879,920,921
CQUAD4,859,1,881,880,921,922
CQUAD4,860,1,882,881,922,923
CQUAD4,861,1,883,882,923,924
CQUAD4,862,1,884,883,924,925
CQUAD4,863,1,885,884,925,926
CQUAD4,864,1,886,885,926,927
CQUAD4,865,1,887,886,927,928
CQUAD4,866,1,888,887,928,929
CQUAD4,867,1,889,888,929,930
CQUAD4,868,1,890,889,930,931
CQUAD4,869,1,891,890,931,932
CQUAD4,870,1,892,891,932,933
CQUAD4,871,1,893,892,933,934
CQUAD4,872,1,894,893,934,935
CQUAD4,873,1,895,894,935,936
CQUAD4,874,1,896,895,936,937
CQUAD4,875,1,897,896,937,938
CQUAD4,876,1,898,897,938,939
CQUAD4,877,1,899,898,939,940
CQUAD4,878,1,900,899,940,941
CQUAD4,879,1,901,900,941,942
CQUAD4,880,1,902,901,942,943
CQUAD4,881,1,904,903,944,945
CQUAD4,882,1,905,904,945,946
CQUAD4,883,1,906,905,946,947
CQUAD4,884,1,907,906,947,948
CQUAD4,885,1,908,907,948,949
CQUAD4,886,1,909,908,949,950
CQUAD4,887,1,910,909,950,951
CQUAD4,888,1,911,910,951,952
CQUAD4,889,1,912,911,952,953
CQUAD4,890,1,913,912,953,954
CQUAD4,891,1,914,913,954,955
CQUAD4,892,1,915,914,955,956
CQUAD4,893,1,916,915,956,957
CQUAD4,894,1,917,916,957,958
CQUAD4,895,1,918,917,958,959
CQUAD4,896,1,919,918,959,960
CQUAD4,897,1,920,919,960,961
CQUAD4,898,1,921,920,961,962
CQUAD4,899,1,922,921,962,963
CQUAD4,900,1,923,922,963,964
CQUAD4,901,1,924,923,964,965
CQUAD4,902,1,925,924,965,966
CQUAD4,903,1,926,925,966,967
CQUAD4,904,1,927,926,967,968
CQUAD4,905,1,928,927,968,969
CQUAD4,906,1,929,928,969,970
CQUAD4,907,1,930,929,970,971
CQUAD4,908,1,931,930,971,972
CQUAD4,909,1,932,931,972,973
CQUAD4,910,1,933,932,973,974
CQUAD4,911,1,934,933,974,975
CQUAD4,912,1,935,934,975,976
CQUAD4,913,1,936,935,976,977
CQUAD4,914,1,937,936,977,978
CQUAD4,915,1,938,937,978,979
CQUAD4,916,1,939,938,979,980
CQUAD4,917,1,940,939,980,981
CQUAD4,918,1,941,940,981,982
CQUAD4,919,1,942,941,982,983
CQUAD4,920,1,943,942,983,984
CQUAD4,921,1,945,944,985,986
CQUAD4,922,1,946,945,986,987
CQUAD4,923,1,947,946,987,988
CQUAD4,924,1,948,947,988,989
CQUAD4,925,1,949,948,989,990
CQUAD4,926,1,950,949,990,991
CQUAD4,927,1,951,950,991,992
CQUAD4,928,1,952,951,992,993
CQUAD4,929,1,953,952,993,994
CQUAD4,930,1,954,953,994,995
CQUAD4,931,1,955,954,995,996
CQUAD4,932,1,956,955,996,997
CQUAD4,933,1,957,956,997,998
CQUAD4,934,1,958,957,998,999
CQUAD4,935,1,959,958,999,1000
CQUAD4,936,1,960,959,1000,1001
CQUAD4,937,1,961,960,1001,1002
CQUAD4,938,1,962,961,1002,1003
CQUAD4,939,1,963,962,1003,1004
CQUAD4,940,1,964,963,1004,1005
CQUAD4,941,1,965,964,1005,1006
CQUAD4,942,1,966,965,1006,1007
CQUAD4,943,1,967,966,1007,1008
CQUAD4,944,1,968,967,1008,1009
CQUAD4,945,1,969,968,1009,1010
CQUAD4,946,1,970,969,1010,1011
CQUAD4,947,1,971,970,1011,1012
CQUAD4,948,1,972,971,1012,1013
CQUAD4,949,1,973,972,1013,1014
CQUAD4,950,1,974,973,1014,1015
CQUAD4,951,1,975,974,1015,1016
CQUAD4,952,1,976,975,1016,1017
CQUAD4,953,1,977,976,1017,1018
CQUAD4,954,1,978,977,1018,1019
CQUAD4,955,1,979,978,1019,1020
CQUAD4,956,1,980,979,1020,1021
CQUAD4,957,1,981,980,1021,1022
CQUAD4,958,1,982,981,1022,1023
CQUAD4,959,1,983,982,1023,1024
CQUAD4,960,1,984,983,1024,1025
CQUAD4,961,1,986,985,1026,1027
CQUAD4,962,1,987,986,1027,1028
CQUAD4,963,1,988,987,1028,1029
CQUAD4,964,1,989,988,1029,1030
CQUAD4,965,1,990,989,1030,1031
CQUAD4,966,1,991,990,1031,1032
CQUAD4,967,1,992,991,1032,1033
CQUAD4,968,1,993,992,1033,1034
CQUAD4,969,1,994,993,1034,1035
CQUAD4,970,1,995,994,1035,1036
CQUAD4,971,1,996,995,1036,1037
CQUAD4,972,1,997,996,1037,1038
CQUAD4,973,1,998,997,1038,1039
CQUAD4,974,1,999,998,1039,1040
CQUAD4,975,1,1000,999,1040,1041
CQUAD4,976,1,1001,1000,1041,1042
CQUAD4,977,1,1002,1001,1042,1043
CQUAD4,978,1,1003,1002,1043,1044
CQUAD4,979,1,1004,1003,1044,1045
CQUAD4,980,1,1005,1004,1045,1046
CQUAD4,981,1,1006,1005,1046,1047
CQUAD4,982,1,1007,1006,1047,1048
CQUAD4,983,1,1008,1007,1048,1049
CQUAD4,984,1,1009,1008,1049,1050
CQUAD4,985,1,1010,1009,1050,1051
CQUAD4,986,1,1011,1010,1051,1052
CQUAD4,987,1,1012,1011,1052,1053
CQUAD4,988,1,1013,1012,1053,1054
CQUAD4,989,1,1014,1013,1054,1055
CQUAD4,990,1,1015,1014,1055,1056
CQUAD4,991,1,1016,1015,1056,1057
CQUAD4,992,1,1017,1016,1057,1058
CQUAD4,993,1,1018,1017,1058,1059
CQUAD4,994,1,1019,1018,1059,1060
CQUAD4,995,1,1020,1019,1060,1061
CQUAD4,996,1,1021,1020,1061,1062
CQUAD4,997,1,1022,1021,1062,1063
CQUAD4,998,1,1023,1022,1063,1064
CQUAD4,999,1,1024,1023,1064,1065
CQUAD4,1000,1,1025,1024,1065,1066
CQUAD4,1001,1,1027,1026,1067,1068
CQUAD4,1002,1,1028,1027,1068,1069
CQUAD4,1003,1,1029,1028,1069,1070
CQUAD4,1004,1,1030,1029,1070,1071
CQUAD4,1005,1,1031,1030,1071,1072
CQUAD4,1006,1,1032,1031,1072,1073
CQUAD4,1007,1,1033,1032,1073,1074
CQUAD4,1008,1,1034,1033,1074,1075
CQUAD4,1009,1,1035,1034,1075,1076
CQUAD4,1010,1,1036,1035,1076,1077
CQUAD4,1011,1,1037,1036,1077,1078
CQUAD4,1012,1,1038,1037,1078,1079
CQUAD4,1013,1,1039,1038,1079,1080
CQUAD4,1014,1,1040,1039,1080,1081
CQUAD4,1015,1,1041,1040,1081,1082
CQUAD4,1016,1,1042,1041,1082,1083
CQUAD4,1017,1,1043,1042,1083,1084
CQUAD4,1018,1,1044,1043,1084,1085
CQUAD4,1019,1,1045,1044,1085,1086
CQUAD4,1020,1,1046,1045,1086,1087
CQUAD4,1021,1,1047,1046,1087,1088
CQUAD4,1022,1,1048,1047,1088,1089
CQUAD4,1023,1,1049,1048,1089,1090
CQUAD4,1024,1,1050,1049,1090,1091
CQUAD4,1025,1,1051,1050,1091,1092
CQUAD4,1026,1,1052,1051,1092,1093
CQUAD4,1027,1,1053,1052,1093,1094
CQUAD4,1028,1,1054,1053,1094,1095
CQUAD4,1029,1,1055,1054,1095,1096
CQUAD4,1030,1,1056,1055,1096,1097
CQUAD4,1031,1,1057,1056,1097,1098
CQUAD4,1032,1,1058,1057,1098,1099
CQUAD4,1033,1,1059,1058,1099,1100
CQUAD4,1034,1,1060,1059,1100,1101
CQUAD4,1035,1,1061,1060,1101,1102
CQUAD4,1036,1,1062,1061,1102,1103
CQUAD4,1037,1,1063,1062,1103,1104
CQUAD4,1038,1,1064,1063,1104,1105
CQUAD4,1039,1,1065,1064,1105,1106
CQUAD4,1040,1,1066,1065,1106,1107
CQUAD4,1041,1,1068,1067,1108,1109
CQUAD4,1042,1,1069,1068,1109,1110
CQUAD4,1043,1,1070,1069,1110,1111
CQUAD4,1044,1,1071,1070,1111,1112
CQUAD4,1045,1,1072,1071,1112,1113
CQUAD4,1046,1,1073,1072,1113,1114
CQUAD4,1047,1,1074,1073,1114,1115
CQUAD4,1048,1,1075,1074,1115,1116
CQUAD4,1049,1,1076,1075,1116,1117
CQUAD4,1050,1,1077,1076,1117,1118
CQUAD4,1051,1,1078,1077,1118,1119
CQUAD4,1052,1,1079,1078,1119,1120
CQUAD4,1053,1,1080,1079,1120,1121
CQUAD4,1054,1,1081,1080,1121,1122
CQUAD4,1055,1,1082,1081,1122,1123
CQUAD4,1056,1,1083,1082,1123,1124
CQUAD4,1057,1,1084,1083,1124,1125
CQUAD4,1058,1,1085,1084,1125,1126
CQUAD4,1059,1,1086,1085,1126,1127
CQUAD4,1060,1,1087,1086,1127,1128
CQUAD4,1061,1,1088,1087,1128,1129
CQUAD4,1062,1,1089,1088,1129,1130
CQUAD4,1063,1,1090,1089,1130,1131
CQUAD4,1064,1,1091,1090,1131,1132
CQUAD4,1065,1,1092,1091,1132,1133
CQUAD4,1066,1,1093,1092,1133,1134
CQUAD4,1067,1,1094,1093,1134,1135
CQUAD4,1068,1,1095,1094,1135,1136
CQUAD4,1069,1,1096,1095,1136,1137
CQUAD4,1070,1,1097,1096,1137,1138
CQUAD4,1071,1,1098,1097,1138,1139
CQUAD4,1072,1,1099,1098,1139,1140
CQUAD4,1073,1,1100,1099,1140,1141
CQUAD4,1074,1,1101,1100,1141,1142
CQUAD4,1075,1,1102,1101,1142,1143
CQUAD4,1076,1,1103,1102,1143,1144
CQUAD4,1077,1,1104,1103,1144,1145
CQUAD4,1078,1,1105,1104,1145,1146
CQUAD4,1079,1,1106,1105,1146,1147
CQUAD4,1080,1,1107,1106,1147,1148
CQUAD4,1081,1,1109,1108,1149,1150
CQUAD4,1082,1,1110,1109,1150,1151
CQUAD4,1083,1,1111,1110,1151,1152
CQUAD4,1084,1,1112,1111,1152,1153
CQUAD4,1085,1,1113,1112,1153,1154
CQUAD4,1086,1,1114,1113,1154,1155
CQUAD4,1087,1,1115,1114,1155,1156
CQUAD4,1088,1,1116,1115,1156,1157
CQUAD4,1089,1,1117,1116,1157,1158
CQUAD4,1090,1,1118,1117,1158,1159
CQUAD4,1091,1,1119,1118,1159,1160
CQUAD4,1092,1,1120,1119,1160,1161
CQUAD4,1093,1,1121,1120,1161,1162
CQUAD4,1094,1,1122,1121,1162,1163
CQUAD4,1095,1,1123,1122,1163,1164
CQUAD4,1096,1,1124,1123,1164,1165
CQUAD4,1097,1,1125,1124,1165,1166
CQUAD4,1098,1,1126,1125,1166,1167
CQUAD4,1099,1,1127,1126,1167,1168
CQUAD4,1100,1,1128,1127,1168,1169
CQUAD4,1101,1,1129,1128,1169,1170
CQUAD4,1102,1,1130,1129,1170,1171
CQUAD4,1103,1,1131,1130,1171,1172
CQUAD4,1104,1,1132,1131,1172,1173
CQUAD4,1105,1,1133,1132,1173,1174
CQUAD4,1106,1,1134,1133,1174,1175
CQUAD4,1107,1,1135,1134,1175,1176
CQUAD4,1108,1,1136,1135,1176,1177
CQUAD4,1109,1,1137,1136,1177,1178
CQUAD4,1110,1,1138,1137,1178,1179
CQUAD4,1111,1,1139,1138,1179,1180
CQUAD4,1112,1,1140,1139,1180,1181
CQUAD4,1113,1,1141,1140,1181,1182
CQUAD4,1114,1,1142,1141,1182,1183
CQUAD4,1115,1,1143,1142,1183,1184
CQUAD4,1116,1,1144,1143,1184,1185
CQUAD4,1117,1,1145,1144,1185,1186
CQUAD4,1118,1,1146,1145,1186,1187
CQUAD4,1119,1,1147,1146,1187,1188
CQUAD4,1120,1,1148,1147,1188,1189
CQUAD4,1121,1,1150,1149,1190,1191
CQUAD4,1122,1,1151,1150,1191,1192
CQUAD4,1123,1,1152,1151,1192,1193
CQUAD4,1124,1,1153,1152,1193,1194
CQUAD4,1125,1,1154,1153,1194,1195
CQUAD4,1126,1,1155,1154,1195,1196
CQUAD4,1127,1,1156,1155,1196,1197
CQUAD4,1128,1,1157,1156,1197,1198
CQUAD4,1129,1,1158,1157,1198,1199
CQUAD4,1130,1,1159,1158,1199,1200
CQUAD4,1131,1,1160,1159,1200,1201
CQUAD4,1132,1,1161,1160,1201,1202
CQUAD4,1133,1,1162,1161,1202,1203
CQUAD4,1134,1,1163,1162,1203,1204
CQUAD4,1135,1,1164,1163,1204,1205
CQUAD4,1136,1,1165,1164,1205,1206
CQUAD4,1137,1,1166,1165,1206,1207
CQUAD4,1138,1,1167,1166,1207,1208
CQUAD4,1139,1,1168,1167,1208,1209
CQUAD4,1140,1,1169,1168,1209,1210
CQUAD4,1141,1,1170,1169,1210,1211
CQUAD4,1142,1,1171,1170,1211,1212
CQUAD4,1143,1,1172,1171,1212,1213
CQUAD4,1144,1,1173,1172,1213,1214
CQUAD4,1145,1,1174,1173,1214,1215
CQUAD4,1146,1,1175,1174,1215,1216
CQUAD4,1147,1,1176,1175,1216,1217
CQUAD4,1148,1,1177,1176,1217,1218
CQUAD4,1149,1,1178,1177,1218,1219
CQUAD4,1150,1,1179,1178,1219,1220
CQUAD4,1151,1,1180,1179,1220,1221
CQUAD4,1152,1,1181,1180,1221,1222
CQUAD4,1153,1,1182,1181,1222,1223
CQUAD4,1154,1,1183,1182,1223,1224
CQUAD4,1155,1,1184,1183,1224,1225
CQUAD4,1156,1,1185,1184,1225,1226
CQUAD4,1157,1,1186,1185,1226,1227
CQUAD4,1158,1,1187,1186,1227,1228
CQUAD4,1159,1,1188,1187,1228,1229
CQUAD4,1160,1,1189,1188,1229,1230
CQUAD4,1161,1,1191,1190,1231,1232
CQUAD4,1162,1,1192,1191,1232,1233
CQUAD4,1163,1,1193,1192,1233,1234
CQUAD4,1164,1,1194,1193,1234,1235
CQUAD4,1165,1,1195,1194,1235,1236
CQUAD4,1166,1,1196,1195,1236,1237
CQUAD4,1167,1,1197,1196,1237,1238
CQUAD4,1168,1,1198,1197,1238,1239
CQUAD4,1169,1,1199,1198,1239,1240
CQUAD4,1170,1,1200,1199,1240,1241
CQUAD4,1171,1,1201,1200,1241,1242
CQUAD4,1172,1,1202,1201,1242,1243
CQUAD4,1173,1,1203,1202,1243,1244
CQUAD4,1174,1,1204,1203,1244,1245
CQUAD4,1175,1,1205,1204,1245,1246
CQUAD4,1176,1,1206,1205,1246,1247
CQUAD4,1177,1,1207,1206,1247,1248
CQUAD4,1178,1,1208,1207,1248,1249
CQUAD4,1179,1,1209,1208,1249,1250
CQUAD4,1180,1,1210,1209,1250,1251
CQUAD4,1181,1,1211,1210,1251,1252
CQUAD4,1182,1,1212,1211,1252,1253
CQUAD4,1183,1,1213,1212,1253,1254
CQUAD4,1184,1,1214,1213,1254,1255
CQUAD4,1185,1,1215,1214,1255,1256
CQUAD4,1186,1,1216,1215,1256,1257
CQUAD4,1187,1,1217,1216,1257,1258
CQUAD4,1188,1,1218,1217,1258,1259
CQUAD4,1189,1,1219,1218,1259,1260
CQUAD4,1190,1,1220,1219,1260,1261
CQUAD4,1191,1,1221,1220,1261,1262
CQUAD4,1192,1,1222,1221,1262,1263
CQUAD4,1193,1,1223,1222,1263,1264
CQUAD4,1194,1,1224,1223,1264,1265
CQUAD4,1195,1,1225,1224,1265,1266
CQUAD4,1196,1,1226,1225,1266,1267
CQUAD4,1197,1,1227,1226,1267,1268
CQUAD4,1198,1,1228,1227,1268,1269
CQUAD4,1199,1,1229,1228,1269,1270
CQUAD4,1200,1,1230,1229,1270,1271
CQUAD4,1201,1,1232,1231,1272,1273
CQUAD4,1202,1,1233,1232,1273,1274
CQUAD4,1203,1,1234,1233,1274,1275
CQUAD4,1204,1,1235,1234,1275,1276
CQUAD4,1205,1,1236,1235,1276,1277
CQUAD4,1206,1,1237,1236,1277,1278
CQUAD4,1207,1,1238,1237,1278,1279
CQUAD4,1208,1,1239,1238,1279,1280
CQUAD4,1209,1,1240,1239,1280,1281
CQUAD4,1210,1,1241,1240,1281,1282
CQUAD4,1211,1,1242,1241,1282,1283
CQUAD4,1212,1,1243,1242,1283,1284
CQUAD4,1213,1,1244,1243,1284,1285
CQUAD4,1214,1,1245,1244,1285,1286
CQUAD4,1215,1,1246,1245,1286,1287
CQUAD4,1216,1,1247,1246,1287,1288
CQUAD4,1217,1,1248,1247,1288,1289
CQUAD4,1218,1,1249,1248,1289,1290
CQUAD4,1219,1,1250,1249,1290,1291
CQUAD4,1220,1,1251,1250,1291,1292
CQUAD4,1221,1,1252,1251,1292,1293
CQUAD4,1222,1,1253,1252,1293,1294
CQUAD4,1223,1,1254,1253,1294,1295
CQUAD4,1224,1,1255,1254,1295,1296
CQUAD4,1225,1,1256,1255,1296,1297
CQUAD4,1226,1,1257,1256,1297,1298
CQUAD4,1227,1,1258,1257,1298,1299
CQUAD4,1228,1,1259,1258,1299,1300
CQUAD4,1229,1,1260,1259,1300,1301
CQUAD4,1230,1,1261,1260,1301,1302
CQUAD4,1231,1,1262,1261,1302,1303
CQUAD4,1232,1,1263,1262,1303,1304
CQUAD4,1233,1,1264,1263,1304,1305
CQUAD4,1234,1,1265,1264,1305,1306
CQUAD4,1235,1,1266,1265,1306,1307
CQUAD4,1236,1,1267,1266,1307,1308
CQUAD4,1237,1,1268,1267,1308,1309
CQUAD4,1238,1,1269,1268,1309,1310
CQUAD4,1239,1,1270,1269,1310,1311
CQUAD4,1240,1,1271,1270,1311,1312
CQUAD4,1241,1,1273,1272,1313,1314
CQUAD4,1242,1,1274,1273,1314,1315
CQUAD4,1243,1,1275,1274,1315,1316
CQUAD4,1244,1,1276,1275,1316,1317
CQUAD4,1245,1,1277,1276,1317,1318
CQUAD4,1246,1,1278,1277,1318,1319
CQUAD4,1247,1,1279,1278,1319,1320
CQUAD4,1248,1,1280,1279,1320,1321
CQUAD4,1249,1,1281,1280,1321,1322
CQUAD4,1250,1,1282,1281,1322,1323
CQUAD4,1251,1,1283,1282,1323,1324
CQUAD4,1252,1,1284,1283,1324,1325
CQUAD4,1253,1,1285,1284,1325,1326
CQUAD4,1254,1,1286,1285,1326,1327
CQUAD4,1255,1,1287,1286,1327,1328
CQUAD4,1256,1,1288,1287,1328,1329
CQUAD4,1257,1,1289,1288,1329,1330
CQUAD4,1258,1,1290,1289,1330,1331
CQUAD4,1259,1,1291,1290,1331,1332
CQUAD4,1260,1,1292,1291,1332,1333
CQUAD4,1261,1,1293,1292,1333,1334
CQUAD4,1262,1,1294,1293,1334,1335
CQUAD4,1263,1,1295,1294,1335,1336
CQUAD4,1264,1,1296,1295,1336,1337
CQUAD4,1265,1,1297,1296,1337,1338
CQUAD4,1266,1,1298,1297,1338,1339
CQUAD4,1267,1,1299,1298,1339,1340
CQUAD4,1268,1,1300,1299,1340,1341
CQUAD4,1269,1,1301,1300,1341,1342
CQUAD4,1270,1,1302,1301,1342,1343
CQUAD4,1271,1,1303,1302,1343,1344
CQUAD4,1272,1,1304,1303,1344,1345
CQUAD4,1273,1,1305,1304,1345,1346
CQUAD4,1274,1,1306,1305,1346,1347
CQUAD4,1275,1,1307,1306,1347,1348
CQUAD4,1276,1,1308,1307,1348,1349
CQUAD4,1277,1,1309,1308,1349,1350
CQUAD4,1278,1,1310,1309,1350,1351
CQUAD4,1279,1,1311,1310,1351,1352
CQUAD4,1280,1,1312,1311,1352,1353
CQUAD4,1281,1,1314,1313,1354,1355
CQUAD4,1282,1,1315,1314,1355,1356
CQUAD4,1283,1,1316,1315,1356,1357
CQUAD4,1284,1,1317,1316,1357,1358
CQUAD4,1285,1,1318,1317,1358,1359
CQUAD4,1286,1,1319,1318,1359,1360
CQUAD4,1287,1,1320,1319,1360,1361
CQUAD4,1288,1,1321,1320,1361,1362
CQUAD4,1289,1,1322,1321,1362,1363
CQUAD4,1290,1,1323,1322,1363,1364
CQUAD4,1291,1,1324,1323,1364,1365
CQUAD4,1292,1,1325,1324,1365,1366
CQUAD4,1293,1,1326,1325,1366,1367
CQUAD4,1294,1,1327,1326,1367,1368
CQUAD4,1295,1,1328,1327,1368,1369
CQUAD4,1296,1,1329,1328,1369,1370
CQUAD4,1297,1,1330,1329,1370,1371
CQUAD4,1298,1,1331,1330,1371,1372
CQUAD4,1299,1,1332,1331,1372,1373
CQUAD4,1300,1,1333,1332,1373,1374
CQUAD4,1301,1,1334,1333,1374,1375
CQUAD4,1302,1,1335,1334,1375,1376
CQUAD4,1303,1,1336,1335,1376,1377
CQUAD4,1304,1,1337,1336,1377,1378
CQUAD4,1305,1,1338,1337,1378,1379
CQUAD4,1306,1,1339,1338,1379,1380
CQUAD4,1307,1,1340,1339,1380,1381
CQUAD4,1308,1,1341,1340,1381,1382
CQUAD4,1309,1,1342,1341,1382,1383
CQUAD4,1310,1,1343,1342,1383,1384
CQUAD4,1311,1,1344,1343,1384,1385
CQUAD4,1312,1,1345,1344,1385,1386
CQUAD4,1313,1,1346,1345,1386,1387
CQUAD4,1314,1,1347,1346,1387,1388
CQUAD4,1315,1,1348,1347,1388,1389
CQUAD4,1316,1,1349,1348,1389,1390
CQUAD4,1317,1,1350,1349,1390,1391
CQUAD4,1318,1,1351,1350,1391,1392
CQUAD4,1319,1,1352,1351,1392,1393
CQUAD4,1320,1,1353,1352,1393,1394
CQUAD4,1321,1,1355,1354,1395,1396
CQUAD4,1322,1,1356,1355,1396,1397
CQUAD4,1323,1,1357,1356,1397,1398
CQUAD4,1324,1,1358,1357,1398,1399
CQUAD4,1325,1,1359,1358,1399,1400
CQUAD4,1326,1,1360,1359,1400,1401
CQUAD4,1327,1,1361,1360,1401,1402
CQUAD4,1328,1,1362,1361,1402,1403
CQUAD4,1329,1,1363,1362,1403,1404
CQUAD4,1330,1,1364,1363,1404,1405
CQUAD4,1331,1,1365,1364,1405,1406
CQUAD4,1332,1,1366,1365,1406,1407
CQUAD4,1333,1,1367,1366,1407,1408
CQUAD4,1334,1,1368,1367,1408,1409
CQUAD4,1335,1,1369,1368,1409,1410
CQUAD4,1336,1,1370,1369,1410,1411
CQUAD4,1337,1,1371,1370,1411,1412
CQUAD4,1338,1,1372,1371,1412,1413
CQUAD4,1339,1,1373,1372,1413,1414
CQUAD4,1340,1,1374,1373,1414,1415
CQUAD4,1341,1,1375,1374,1415,1416
CQUAD4,1342,1,1376,1375,1416,1417
CQUAD4,1343,1,1377,1376,1417,1418
CQUAD4,1344,1,1378,1377,1418,1419
CQUAD4,1345,1,1379,1378,1419,1420
CQUAD4,1346,1,1380,1379,1420,1421
CQUAD4,1347,1,1381,1380,1421,1422
CQUAD4,1348,1,1382,1381,1422,1423
CQUAD4,1349,1,1383,1382,1423,1424
CQUAD4,1350,1,1384,1383,1424,1425
CQUAD4,1351,1,1385,1384,1425,1426
CQUAD4,1352,1,1386,1385,1426,1427
CQUAD4,1353,1,1387,1386,1427,1428
CQUAD4,1354,1,1388,1387,1428,1429
CQUAD4,1355,1,1389,1388,1429,1430
CQUAD4,1356,1,1390,1389,1430,1431
CQUAD4,1357,1,1391,1390,1431,1432
CQUAD4,1358,1,1392,1391,1432,1433
CQUAD4,1359,1,1393,1392,1433,1434
CQUAD4,1360,1,1394,1393,1434,1435
CQUAD4,1361,1,1396,1395,1436,1437
CQUAD4,1362,1,1397,1396,1437,1438
CQUAD4,1363,1,1398,1397,1438,1439
CQUAD4,1364,1,1399,1398,1439,1440
CQUAD4,1365,1,1400,1399,1440,1441
CQUAD4,1366,1,1401,1400,1441,1442
CQUAD4,1367,1,1402,1401,1442,1443
CQUAD4,1368,1,1403,1402,1443,1444
CQUAD4,1369,1,1404,1403,1444,1445
CQUAD4,1370,1,1405,1404,1445,1446
CQUAD4,1371,1,1406,1405,1446,1447
CQUAD4,1372,1,1407,1406,1447,1448
CQUAD4,1373,1,1408,1407,1448,1449
CQUAD4,1374,1,1409,1408,1449,1450
CQUAD4,1375,1,1410,1409,1450,1451
CQUAD4,1376,1,1411,1410,1451,1452
CQUAD4,1377,1,1412,1411,1452,1453
CQUAD4,1378,1,1413,1412,1453,1454
CQUAD4,1379,1,1414,1413,1454,1455
CQUAD4,1380,1,1415,1414,1455,1456
CQUAD4,1381,1,1416,1415,1456,1457
CQUAD4,1382,1,1417,1416,1457,1458
CQUAD4,1383,1,1418,1417,1458,1459
CQUAD4,1384,1,1419,1418,1459,1460
CQUAD4,1385,1,1420,1419,1460,1461
CQUAD4,1386,1,1421,1420,1461,1462
CQUAD4,1387,1,1422,1421,1462,1463
CQUAD4,1388,1,1423,1422,1463,1464
CQUAD4,1389,1,1424,1423,1464,1465
CQUAD4,1390,1,1425,1424,1465,1466
CQUAD4,1391,1,1426,1425,1466,1467
CQUAD4,1392,1,1427,1426,1467,1468
CQUAD4,1393,1,1428,1427,1468,1469
CQUAD4,1394,1,1429,1428,1469,1470
CQUAD4,1395,1,1430,1429,1470,1471
CQUAD4,1396,1,1431,1430,1471,1472
CQUAD4,1397,1,1432,1431,1472,1473
CQUAD4,1398,1,1433,1432,1473,1474
CQUAD4,1399,1,1434,1433,1474,1475
CQUAD4,1400,1,1435,1434,1475,1476
CQUAD4,1401,1,1437,1436,1477,1478
CQUAD4,1402,1,1438,1437,1478,1479
CQUAD4,1403,1,1439,1438,1479,1480
CQUAD4,1404,1,1440,1439,1480,1481
CQUAD4,1405,1,1441,1440,1481,1482
CQUAD4,1406,1,1442,1441,1482,1483
CQUAD4,1407,1,1443,1442,1483,1484
CQUAD4,1408,1,1444,1443,1484,1485
CQUAD4,1409,1,1445,1444,1485,1486
CQUAD4,1410,1,1446,1445,1486,1487
CQUAD4,1411,1,1447,1446,1487,1488
CQUAD4,1412,1,1448,1447,1488,1489
CQUAD4,1413,1,1449,1448,1489,1490
CQUAD4,1414,1,1450,1449,1490,1491
CQUAD4,1415,1,1451,1450,1491,1492
CQUAD4,1416,1,1452,1451,1492,1493
CQUAD4,1417,1,1453,1452,1493,1494
CQUAD4,1418,1,1454,1453,1494,1495
CQUAD4,1419,1,1455,1454,1495,1496
CQUAD4,1420,1,1456,1455,1496,1497
CQUAD4,1421,1,1457,1456,1497,1498
CQUAD4,1422,1,1458,1457,1498,1499
CQUAD4,1423,1,1459,1458,1499,1500
CQUAD4,1424,1,1460,1459,1500,1501
CQUAD4,1425,1,1461,1460,1501,1502
CQUAD4,1426,1,1462,1461,1502,1503
CQUAD4,1427,1,1463,1462,1503,1504
CQUAD4,1428,1,1464,1463,1504,1505
CQUAD4,1429,1,1465,1464,1505,1506
CQUAD4,1430,1,1466,1465,1506,1507
CQUAD4,1431,1,1467,1466,1507,1508
CQUAD4,1432,1,1468,1467,1508,1509
CQUAD4,1433,1,1469,1468,1509,1510
CQUAD4,1434,1,1470,1469,1510,1511
CQUAD4,1435,1,1471,1470,1511,1512
CQUAD4,1436,1,1472,1471,1512,1513
CQUAD4,1437,1,1473,1472,1513,1514
CQUAD4,1438,1,1474,1473,1514,1515
CQUAD4,1439,1,1475,1474,1515,1516
CQUAD4,1440,1,1476,1475,1516,1517
CQUAD4,1441,1,1478,1477,1518,1519
CQUAD4,1442,1,1479,1478,1519,1520
CQUAD4,1443,1,1480,1479,1520,1521
CQUAD4,1444,1,1481,1480,1521,1522
CQUAD4,1445,1,1482,1481,1522,1523
CQUAD4,1446,1,1483,1482,1523,1524
CQUAD4,1447,1,1484,1483,1524,1525
CQUAD4,1448,1,1485,1484,1525,1526
CQUAD4,1449,1,1486,1485,1526,1527
CQUAD4,1450,1,1487,1486,1527,1528
CQUAD4,1451,1,1488,1487,1528,1529
CQUAD4,1452,1,1489,1488,1529,1530
CQUAD4,1453,1,1490,1489,1530,1531
CQUAD4,1454,1,1491,1490,1531,1532
CQUAD4,1455,1,1492,1491,1532,1533
CQUAD4,1456,1,1493,1492,1533,1534
CQUAD4,1457,1,1494,1493,1534,1535
CQUAD4,1458,1,1495,1494,1535,1536
CQUAD4,1459,1,1496,1495,1536,1537
CQUAD4,1460,1,1497,1496,1537,1538
CQUAD4,1461,1,1498,1497,1538,1539
CQUAD4,1462,1,1499,1498,1539,1540
CQUAD4,1463,1,1500,1499,1540,1541
CQUAD4,1464,1,1501,1500,1541,1542
CQUAD4,1465,1,1502,1501,1542,1543
CQUAD4,1466,1,1503,1502,1543,1544
CQUAD4,1467,1,1504,1503,1544,1545
CQUAD4,1468,1,1505,1504,1545,1546
CQUAD4,1469,1,1506,1505,1546,1547
CQUAD4,1470,1,1507,1506,1547,1548
CQUAD4,1471,1,1508,1507,1548,1549
CQUAD4,1472,1,1509,1508,1549,1550
CQUAD4,1473,1,1510,1509,1550,1551
CQUAD4,1474,1,1511,1510,1551,1552
CQUAD4,1475,1,1512,1511,1552,1553
CQUAD4,1476,1,1513,1512,1553,1554
CQUAD4,1477,1,1514,1513,1554,1555
CQUAD4,1478,1,1515,1514,1555,1556
CQUAD4,1479,1,1516,1515,1556,1557
CQUAD4,1480,1,1517,1516,1557,1558
CQUAD4,1481,1,1519,1518,1559,1560
CQUAD4,1482,1,1520,1519,1560,1561
CQUAD4,1483,1,1521,1520,1561,1562
CQUAD4,1484,1,1522,1521,1562,1563
CQUAD4,1485,1,1523,1522,1563,1564
CQUAD4,1486,1,1524,1523,1564,1565
CQUAD4,1487,1,1525,1524,1565,1566
CQUAD4,1488,1,1526,1525,1566,1567
CQUAD4,1489,1,1527,1526,1567,1568
CQUAD4,1490,1,1528,1527,1568,1569
CQUAD4,1491,1,1529,1528,1569,1570
CQUAD4,1492,1,1530,1529,1570,1571
CQUAD4,1493,1,1531,1530,1571,1572
CQUAD4,1494,1,1532,1531,1572,1573
CQUAD4,1495,1,1533,1532,1573,1574
CQUAD4,1496,1,1534,1533,1574,1575
CQUAD4,1497,1,1535,1534,1575,1576
CQUAD4,1498,1,1536,1535,1576,1577
CQUAD4,1499,1,1537,1536,1577,1578
CQUAD4,1500,1,1538,1537,1578,1579
CQUAD4,1501,1,1539,1538,1579,1580
CQUAD4,1502,1,1540,1539,1580,1581
CQUAD4,1503,1,1541,1540,1581,1582
CQUAD4,1504,1,1542,1541,1582,1583
CQUAD4,1505,1,1543,1542,1583,1584
CQUAD4,1506,1,1544,1543,1584,1585
CQUAD4,1507,1,1545,1544,1585,1586
CQUAD4,1508,1,1546,1545,1586,1587
CQUAD4,1509,1,1547,1546,1587,1588
CQUAD4,1510,1,1548,1547,1588,1589
CQUAD4,1511,1,1549,1548,1589,1590
CQUAD4,1512,1,1550,1549,1590,1591
CQUAD4,1513,1,1551,1550,1591,1592
CQUAD4,1514,1,1552,1551,1592,1593
CQUAD4,1515,1,1553,1552,1593,1594
CQUAD4,1516,1,1554,1553,1594,1595
CQUAD4,1517,1,1555,1554,1595,1596
CQUAD4,1518,1,1556,1555,1596,1597
CQUAD4,1519,1,1557,1556,1597,1598
CQUAD4,1520,1,1558,1557,1598,1599
CQUAD4,1521,1,1560,1559,1600,1601
CQUAD4,1522,1,1561,1560,1601,1602
CQUAD4,1523,1,1562,1561,1602,1603
CQUAD4,1524,1,1563,1562,1603,1604
CQUAD4,1525,1,1564,1563,1604,1605
CQUAD4,1526,1,1565,1564,1605,1606
CQUAD4,1527,1,1566,1565,1606,1607
CQUAD4,1528,1,1567,1566,1607,1608
CQUAD4,1529,1,1568,1567,1608,1609
CQUAD4,1530,1,1569,1568,1609,1610
CQUAD4,1531,1,1570,1569,1610,1611
CQUAD4,1532,1,1571,1570,1611,1612
CQUAD4,1533,1,1572,1571,1612,1613
CQUAD4,1534,1,1573,1572,1613,1614
CQUAD4,1535,1,1574,1573,1614,1615
CQUAD4,1536,1,1575,1574,1615,1616
CQUAD4,1537,1,1576,1575,1616,1617
CQUAD4,1538,1,1577,1576,1617,1618
CQUAD4,1539,1,1578,1577,1618,1619
CQUAD4,1540,1,1579,1578,1619,1620
CQUAD4,1541,1,1580,1579,1620,1621
CQUAD4,1542,1,1581,1580,1621,1622
CQUAD4,1543,1,1582,1581,1622,1623
CQUAD4,1544,1,1583,1582,1623,1624
CQUAD4,1545,1,1584,1583,1624,1625
CQUAD4,1546,1,1585,1584,1625,1626
CQUAD4,1547,1,1586,1585,1626,1627
CQUAD4,1548,1,1587,1586,1627,1628
CQUAD4,1549,1,1588,1587,1628,1629
CQUAD4,1550,1,1589,1588,1629,1630
CQUAD4,1551,1,1590,1589,1630,1631
CQUAD4,1552,1,1591,1590,1631,1632
CQUAD4,1553,1,1592,1591,1632,1633
CQUAD4,1554,1,1593,1592,1633,1634
CQUAD4,1555,1,1594,1593,1634,1635
CQUAD4,1556,1,1595,1594,1635,1636
CQUAD4,1557,1,1596,1595,1636,1637
CQUAD4,1558,1,1597,1596,1637,1638
CQUAD4,1559,1,1598,1597,1638,1639
CQUAD4,1560,1,1599,1598,1639,1640
CQUAD4,1561,1,1601,1600,1641,1642
CQUAD4,1562,1,1602,1601,1642,1643
CQUAD4,1563,1,1603,1602,1643,1644
CQUAD4,1564,1,1604,1603,1644,1645
CQUAD4,1565,1,1605,1604,1645,1646
CQUAD4,1566,1,1606,1605,1646,1647
CQUAD4,1567,1,1607,1606,1647,1648
CQUAD4,1568,1,1608,1607,1648,1649
CQUAD4,1569,1,1609,1608,1649,1650
CQUAD4,1570,1,1610,1609,1650,1651
CQUAD4,1571,1,1611,1610,1651,1652
CQUAD4,1572,1,1612,1611,1652,1653
CQUAD4,1573,1,1613,1612,1653,1654
CQUAD4,1574,1,1614,1613,1654,1655
CQUAD4,1575,1,1615,1614,1655,1656
CQUAD4,1576,1,1616,1615,1656,1657
CQUAD4,1577,1,1617,1616,1657,1658
CQUAD4,1578,1,1618,1617,1658,1659
CQUAD4,1579,1,1619,1618,1659,1660
CQUAD4,1580,1,1620,1619,1660,1661
CQUAD4,1581,1,1621,1620,1661,1662
CQUAD4,1582,1,1622,1621,1662,1663
CQUAD4,1583,1,1623,1622,1663,1664
CQUAD4,1584,1,1624,1623,1664,1665
CQUAD4,1585,1,1625,1624,1665,1666
CQUAD4,1586,1,1626,1625,1666,1667
CQUAD4,1587,1,1627,1626,1667,1668
CQUAD4,1588,1,1628,1627,1668,1669
CQUAD4,1589,1,1629,1628,1669,1670
CQUAD4,1590,1,1630,1629,1670,1671
CQUAD4,1591,1,1631,1630,1671,1672
CQUAD4,1592,1,1632,1631,1672,1673
CQUAD4,1593,1,1633,1632,1673,1674
CQUAD4,1594,1,1634,1633,1674,1675
CQUAD4,1595,1,1635,1634,1675,1676
CQUAD4,1596,1,1636,1635,1676,1677
CQUAD4,1597,1,1637,1636,1677,1678
CQUAD4,1598,1,1638,1637,1678,1679
CQUAD4,1599,1,1639,1638,1679,1680
CQUAD4,1600,1,1640,1639,1680,1681
SPC1,1,123456,1,2,3,4,5,6,7,8
SPC1,1,123456,9,10,11,12,13,14,15,16
SPC1,1,123456,17,18,19,20,21,22,23,24
SPC1,1,123456,25,26,27,28,29,30,31,32
SPC1,1,123456,33,34,35,36,37,38,39,40
SPC1,1,123456,41
ENDDATA
