   424162620

 MYSTRAN Version 18.0.0   APR 20 2026 MYSTRAN developed by Dr Bill Case
*** Please report any problems to mystransolver@gmail.com ***                                                                                                                                                                                                   

 >> MYSTRAN BEGIN  :  4/24/2026 at 16:26:20.617 The input file is eigen13_feast_true.dat                                                                                                                                                                                                                                          


 >> LINK  0 BEGIN


SOL 103                                                                                                                                                                                                                                                         
CEND                                                                                                                                                                                                                                                            
TITLE = MIDAS EIGEN-13 PLATE CHECK                                                                                                                                                                                                                              
SUBCASE 1                                                                                                                                                                                                                                                       
  METHOD = 1                                                                                                                                                                                                                                                    
  SPC = 1                                                                                                                                                                                                                                                       
BEGIN BULK                                                                                                                                                                                                                                                      
ECHO: loadb PARAM,POST,-1                                                                                                                                                                                                                                                   
ECHO: loadb PARAM,LANCMETH,FEAST                                                                                                                                                                                                                                            
ECHO: loadb EIGRL,1,0.,700.,6                                                                                                                                                                                                                                               
ECHO: loadb MAT1,1,2.06580000E+008,,0.300000,7.85699572E+000                                                                                                                                                                                                                
 *INFORMATION: MAT1 ENTRY        1 HAD FIELD FOR G  BLANK. MYSTRAN CALCULATED G  =  7.945385E+07
ECHO: loadb PSHELL,1,1,3.04800000E-003,1                                                                                                                                                                                                                                    
ECHO: loadb GRID,1,,-1.50808000E-001,0.00000000E+000,5.90651000E-001                                                                                                                                                                                                        
ECHO: loadb GRID,2,,-1.43413000E-001,0.00000000E+000,5.92490000E-001                                                                                                                                                                                                        
ECHO: loadb GRID,3,,-1.35996000E-001,0.00000000E+000,5.94237000E-001                                                                                                                                                                                                        
ECHO: loadb GRID,4,,-1.28558000E-001,0.00000000E+000,5.95890000E-001                                                                                                                                                                                                        
ECHO: loadb GRID,5,,-1.21099000E-001,0.00000000E+000,5.97450000E-001                                                                                                                                                                                                        
ECHO: loadb GRID,6,,-1.13622000E-001,0.00000000E+000,5.98918000E-001                                                                                                                                                                                                        
ECHO: loadb GRID,7,,-1.06127000E-001,0.00000000E+000,6.00291000E-001                                                                                                                                                                                                        
ECHO: loadb GRID,8,,-9.86152000E-002,0.00000000E+000,6.01571000E-001                                                                                                                                                                                                        
ECHO: loadb GRID,9,,-9.10880000E-002,0.00000000E+000,6.02756000E-001                                                                                                                                                                                                        
ECHO: loadb GRID,10,,-8.35467000E-002,0.00000000E+000,6.03848000E-001                                                                                                                                                                                                       
ECHO: loadb GRID,11,,-7.59922000E-002,0.00000000E+000,6.04845000E-001                                                                                                                                                                                                       
ECHO: loadb GRID,12,,-6.84259000E-002,0.00000000E+000,6.05748000E-001                                                                                                                                                                                                       
ECHO: loadb GRID,13,,-6.08489000E-002,0.00000000E+000,6.06555000E-001                                                                                                                                                                                                       
ECHO: loadb GRID,14,,-5.32624000E-002,0.00000000E+000,6.07269000E-001                                                                                                                                                                                                       
ECHO: loadb GRID,15,,-4.56676000E-002,0.00000000E+000,6.07887000E-001                                                                                                                                                                                                       
ECHO: loadb GRID,16,,-3.80657000E-002,0.00000000E+000,6.08410000E-001                                                                                                                                                                                                       
ECHO: loadb GRID,17,,-3.04577000E-002,0.00000000E+000,6.08839000E-001                                                                                                                                                                                                       
ECHO: loadb GRID,18,,-2.28451000E-002,0.00000000E+000,6.09172000E-001                                                                                                                                                                                                       
ECHO: loadb GRID,19,,-1.52288000E-002,0.00000000E+000,6.09410000E-001                                                                                                                                                                                                       
ECHO: loadb GRID,20,,-7.61023000E-003,0.00000000E+000,6.09552000E-001                                                                                                                                                                                                       
ECHO: loadb GRID,21,,9.57557000E-006,0.00000000E+000,6.09600000E-001                                                                                                                                                                                                        
ECHO: loadb GRID,22,,7.62938000E-003,0.00000000E+000,6.09552000E-001                                                                                                                                                                                                        
ECHO: loadb GRID,23,,1.52480000E-002,0.00000000E+000,6.09409000E-001                                                                                                                                                                                                        
ECHO: loadb GRID,24,,2.28642000E-002,0.00000000E+000,6.09171000E-001                                                                                                                                                                                                        
ECHO: loadb GRID,25,,3.04769000E-002,0.00000000E+000,6.08838000E-001                                                                                                                                                                                                        
ECHO: loadb GRID,26,,3.80848000E-002,0.00000000E+000,6.08409000E-001                                                                                                                                                                                                        
ECHO: loadb GRID,27,,4.56867000E-002,0.00000000E+000,6.07886000E-001                                                                                                                                                                                                        
ECHO: loadb GRID,28,,5.32815000E-002,0.00000000E+000,6.07267000E-001                                                                                                                                                                                                        
ECHO: loadb GRID,29,,6.08680000E-002,0.00000000E+000,6.06554000E-001                                                                                                                                                                                                        
ECHO: loadb GRID,30,,6.84450000E-002,0.00000000E+000,6.05745000E-001                                                                                                                                                                                                        
ECHO: loadb GRID,31,,7.60112000E-002,0.00000000E+000,6.04843000E-001                                                                                                                                                                                                        
ECHO: loadb GRID,32,,8.35656000E-002,0.00000000E+000,6.03845000E-001                                                                                                                                                                                                        
ECHO: loadb GRID,33,,9.11070000E-002,0.00000000E+000,6.02753000E-001                                                                                                                                                                                                        
ECHO: loadb GRID,34,,9.86341000E-002,0.00000000E+000,6.01568000E-001                                                                                                                                                                                                        
ECHO: loadb GRID,35,,1.06146000E-001,0.00000000E+000,6.00288000E-001                                                                                                                                                                                                        
ECHO: loadb GRID,36,,1.13641000E-001,0.00000000E+000,5.98914000E-001                                                                                                                                                                                                        
ECHO: loadb GRID,37,,1.21118000E-001,0.00000000E+000,5.97447000E-001                                                                                                                                                                                                        
ECHO: loadb GRID,38,,1.28577000E-001,0.00000000E+000,5.95886000E-001                                                                                                                                                                                                        
ECHO: loadb GRID,39,,1.36015000E-001,0.00000000E+000,5.94232000E-001                                                                                                                                                                                                        
ECHO: loadb GRID,40,,1.43432000E-001,0.00000000E+000,5.92486000E-001                                                                                                                                                                                                        
ECHO: loadb GRID,41,,1.50827000E-001,0.00000000E+000,5.90647000E-001                                                                                                                                                                                                        
ECHO: loadb GRID,42,,-1.50808000E-001,7.62000000E-003,5.90651000E-001                                                                                                                                                                                                       
ECHO: loadb GRID,43,,-1.43413000E-001,7.62000000E-003,5.92490000E-001                                                                                                                                                                                                       
ECHO: loadb GRID,44,,-1.35996000E-001,7.62000000E-003,5.94237000E-001                                                                                                                                                                                                       
ECHO: loadb GRID,45,,-1.28558000E-001,7.62000000E-003,5.95890000E-001                                                                                                                                                                                                       
ECHO: loadb GRID,46,,-1.21099000E-001,7.62000000E-003,5.97450000E-001                                                                                                                                                                                                       
ECHO: loadb GRID,47,,-1.13622000E-001,7.62000000E-003,5.98918000E-001                                                                                                                                                                                                       
ECHO: loadb GRID,48,,-1.06127000E-001,7.62000000E-003,6.00291000E-001                                                                                                                                                                                                       
ECHO: loadb GRID,49,,-9.86152000E-002,7.62000000E-003,6.01571000E-001                                                                                                                                                                                                       
ECHO: loadb GRID,50,,-9.10880000E-002,7.62000000E-003,6.02756000E-001                                                                                                                                                                                                       
ECHO: loadb GRID,51,,-8.35467000E-002,7.62000000E-003,6.03848000E-001                                                                                                                                                                                                       
ECHO: loadb GRID,52,,-7.59922000E-002,7.62000000E-003,6.04845000E-001                                                                                                                                                                                                       
ECHO: loadb GRID,53,,-6.84259000E-002,7.62000000E-003,6.05748000E-001                                                                                                                                                                                                       
ECHO: loadb GRID,54,,-6.08489000E-002,7.62000000E-003,6.06555000E-001                                                                                                                                                                                                       
ECHO: loadb GRID,55,,-5.32624000E-002,7.62000000E-003,6.07269000E-001                                                                                                                                                                                                       
ECHO: loadb GRID,56,,-4.56676000E-002,7.62000000E-003,6.07887000E-001                                                                                                                                                                                                       
ECHO: loadb GRID,57,,-3.80657000E-002,7.62000000E-003,6.08410000E-001                                                                                                                                                                                                       
ECHO: loadb GRID,58,,-3.04577000E-002,7.62000000E-003,6.08839000E-001                                                                                                                                                                                                       
ECHO: loadb GRID,59,,-2.28451000E-002,7.62000000E-003,6.09172000E-001                                                                                                                                                                                                       
ECHO: loadb GRID,60,,-1.52288000E-002,7.62000000E-003,6.09410000E-001                                                                                                                                                                                                       
ECHO: loadb GRID,61,,-7.61023000E-003,7.62000000E-003,6.09552000E-001                                                                                                                                                                                                       
ECHO: loadb GRID,62,,9.57557000E-006,7.62000000E-003,6.09600000E-001                                                                                                                                                                                                        
ECHO: loadb GRID,63,,7.62938000E-003,7.62000000E-003,6.09552000E-001                                                                                                                                                                                                        
ECHO: loadb GRID,64,,1.52480000E-002,7.62000000E-003,6.09409000E-001                                                                                                                                                                                                        
ECHO: loadb GRID,65,,2.28642000E-002,7.62000000E-003,6.09171000E-001                                                                                                                                                                                                        
ECHO: loadb GRID,66,,3.04769000E-002,7.62000000E-003,6.08838000E-001                                                                                                                                                                                                        
ECHO: loadb GRID,67,,3.80848000E-002,7.62000000E-003,6.08409000E-001                                                                                                                                                                                                        
ECHO: loadb GRID,68,,4.56867000E-002,7.62000000E-003,6.07886000E-001                                                                                                                                                                                                        
ECHO: loadb GRID,69,,5.32815000E-002,7.62000000E-003,6.07267000E-001                                                                                                                                                                                                        
ECHO: loadb GRID,70,,6.08680000E-002,7.62000000E-003,6.06554000E-001                                                                                                                                                                                                        
ECHO: loadb GRID,71,,6.84450000E-002,7.62000000E-003,6.05745000E-001                                                                                                                                                                                                        
ECHO: loadb GRID,72,,7.60112000E-002,7.62000000E-003,6.04843000E-001                                                                                                                                                                                                        
ECHO: loadb GRID,73,,8.35656000E-002,7.62000000E-003,6.03845000E-001                                                                                                                                                                                                        
ECHO: loadb GRID,74,,9.11070000E-002,7.62000000E-003,6.02753000E-001                                                                                                                                                                                                        
ECHO: loadb GRID,75,,9.86341000E-002,7.62000000E-003,6.01568000E-001                                                                                                                                                                                                        
ECHO: loadb GRID,76,,1.06146000E-001,7.62000000E-003,6.00288000E-001                                                                                                                                                                                                        
ECHO: loadb GRID,77,,1.13641000E-001,7.62000000E-003,5.98914000E-001                                                                                                                                                                                                        
ECHO: loadb GRID,78,,1.21118000E-001,7.62000000E-003,5.97447000E-001                                                                                                                                                                                                        
ECHO: loadb GRID,79,,1.28577000E-001,7.62000000E-003,5.95886000E-001                                                                                                                                                                                                        
ECHO: loadb GRID,80,,1.36015000E-001,7.62000000E-003,5.94232000E-001                                                                                                                                                                                                        
ECHO: loadb GRID,81,,1.43432000E-001,7.62000000E-003,5.92486000E-001                                                                                                                                                                                                        
ECHO: loadb GRID,82,,1.50827000E-001,7.62000000E-003,5.90647000E-001                                                                                                                                                                                                        
ECHO: loadb GRID,83,,-1.50808000E-001,1.52400000E-002,5.90651000E-001                                                                                                                                                                                                       
ECHO: loadb GRID,84,,-1.43413000E-001,1.52400000E-002,5.92490000E-001                                                                                                                                                                                                       
ECHO: loadb GRID,85,,-1.35996000E-001,1.52400000E-002,5.94237000E-001                                                                                                                                                                                                       
ECHO: loadb GRID,86,,-1.28558000E-001,1.52400000E-002,5.95890000E-001                                                                                                                                                                                                       
ECHO: loadb GRID,87,,-1.21099000E-001,1.52400000E-002,5.97450000E-001                                                                                                                                                                                                       
ECHO: loadb GRID,88,,-1.13622000E-001,1.52400000E-002,5.98918000E-001                                                                                                                                                                                                       
ECHO: loadb GRID,89,,-1.06127000E-001,1.52400000E-002,6.00291000E-001                                                                                                                                                                                                       
ECHO: loadb GRID,90,,-9.86152000E-002,1.52400000E-002,6.01571000E-001                                                                                                                                                                                                       
ECHO: loadb GRID,91,,-9.10880000E-002,1.52400000E-002,6.02756000E-001                                                                                                                                                                                                       
ECHO: loadb GRID,92,,-8.35467000E-002,1.52400000E-002,6.03848000E-001                                                                                                                                                                                                       
ECHO: loadb GRID,93,,-7.59922000E-002,1.52400000E-002,6.04845000E-001                                                                                                                                                                                                       
ECHO: loadb GRID,94,,-6.84259000E-002,1.52400000E-002,6.05748000E-001                                                                                                                                                                                                       
ECHO: loadb GRID,95,,-6.08489000E-002,1.52400000E-002,6.06555000E-001                                                                                                                                                                                                       
ECHO: loadb GRID,96,,-5.32624000E-002,1.52400000E-002,6.07269000E-001                                                                                                                                                                                                       
ECHO: loadb GRID,97,,-4.56676000E-002,1.52400000E-002,6.07887000E-001                                                                                                                                                                                                       
ECHO: loadb GRID,98,,-3.80657000E-002,1.52400000E-002,6.08410000E-001                                                                                                                                                                                                       
ECHO: loadb GRID,99,,-3.04577000E-002,1.52400000E-002,6.08839000E-001                                                                                                                                                                                                       
ECHO: loadb GRID,100,,-2.28451000E-002,1.52400000E-002,6.09172000E-001                                                                                                                                                                                                      
ECHO: loadb GRID,101,,-1.52288000E-002,1.52400000E-002,6.09410000E-001                                                                                                                                                                                                      
ECHO: loadb GRID,102,,-7.61023000E-003,1.52400000E-002,6.09552000E-001                                                                                                                                                                                                      
ECHO: loadb GRID,103,,9.57557000E-006,1.52400000E-002,6.09600000E-001                                                                                                                                                                                                       
ECHO: loadb GRID,104,,7.62938000E-003,1.52400000E-002,6.09552000E-001                                                                                                                                                                                                       
ECHO: loadb GRID,105,,1.52480000E-002,1.52400000E-002,6.09409000E-001                                                                                                                                                                                                       
ECHO: loadb GRID,106,,2.28642000E-002,1.52400000E-002,6.09171000E-001                                                                                                                                                                                                       
ECHO: loadb GRID,107,,3.04769000E-002,1.52400000E-002,6.08838000E-001                                                                                                                                                                                                       
ECHO: loadb GRID,108,,3.80848000E-002,1.52400000E-002,6.08409000E-001                                                                                                                                                                                                       
ECHO: loadb GRID,109,,4.56867000E-002,1.52400000E-002,6.07886000E-001                                                                                                                                                                                                       
ECHO: loadb GRID,110,,5.32815000E-002,1.52400000E-002,6.07267000E-001                                                                                                                                                                                                       
ECHO: loadb GRID,111,,6.08680000E-002,1.52400000E-002,6.06554000E-001                                                                                                                                                                                                       
ECHO: loadb GRID,112,,6.84450000E-002,1.52400000E-002,6.05745000E-001                                                                                                                                                                                                       
ECHO: loadb GRID,113,,7.60112000E-002,1.52400000E-002,6.04843000E-001                                                                                                                                                                                                       
ECHO: loadb GRID,114,,8.35656000E-002,1.52400000E-002,6.03845000E-001                                                                                                                                                                                                       
ECHO: loadb GRID,115,,9.11070000E-002,1.52400000E-002,6.02753000E-001                                                                                                                                                                                                       
ECHO: loadb GRID,116,,9.86341000E-002,1.52400000E-002,6.01568000E-001                                                                                                                                                                                                       
ECHO: loadb GRID,117,,1.06146000E-001,1.52400000E-002,6.00288000E-001                                                                                                                                                                                                       
ECHO: loadb GRID,118,,1.13641000E-001,1.52400000E-002,5.98914000E-001                                                                                                                                                                                                       
ECHO: loadb GRID,119,,1.21118000E-001,1.52400000E-002,5.97447000E-001                                                                                                                                                                                                       
ECHO: loadb GRID,120,,1.28577000E-001,1.52400000E-002,5.95886000E-001                                                                                                                                                                                                       
ECHO: loadb GRID,121,,1.36015000E-001,1.52400000E-002,5.94232000E-001                                                                                                                                                                                                       
ECHO: loadb GRID,122,,1.43432000E-001,1.52400000E-002,5.92486000E-001                                                                                                                                                                                                       
ECHO: loadb GRID,123,,1.50827000E-001,1.52400000E-002,5.90647000E-001                                                                                                                                                                                                       
ECHO: loadb GRID,124,,-1.50808000E-001,2.28600000E-002,5.90651000E-001                                                                                                                                                                                                      
ECHO: loadb GRID,125,,-1.43413000E-001,2.28600000E-002,5.92490000E-001                                                                                                                                                                                                      
ECHO: loadb GRID,126,,-1.35996000E-001,2.28600000E-002,5.94237000E-001                                                                                                                                                                                                      
ECHO: loadb GRID,127,,-1.28558000E-001,2.28600000E-002,5.95890000E-001                                                                                                                                                                                                      
ECHO: loadb GRID,128,,-1.21099000E-001,2.28600000E-002,5.97450000E-001                                                                                                                                                                                                      
ECHO: loadb GRID,129,,-1.13622000E-001,2.28600000E-002,5.98918000E-001                                                                                                                                                                                                      
ECHO: loadb GRID,130,,-1.06127000E-001,2.28600000E-002,6.00291000E-001                                                                                                                                                                                                      
ECHO: loadb GRID,131,,-9.86152000E-002,2.28600000E-002,6.01571000E-001                                                                                                                                                                                                      
ECHO: loadb GRID,132,,-9.10880000E-002,2.28600000E-002,6.02756000E-001                                                                                                                                                                                                      
ECHO: loadb GRID,133,,-8.35467000E-002,2.28600000E-002,6.03848000E-001                                                                                                                                                                                                      
ECHO: loadb GRID,134,,-7.59922000E-002,2.28600000E-002,6.04845000E-001                                                                                                                                                                                                      
ECHO: loadb GRID,135,,-6.84259000E-002,2.28600000E-002,6.05748000E-001                                                                                                                                                                                                      
ECHO: loadb GRID,136,,-6.08489000E-002,2.28600000E-002,6.06555000E-001                                                                                                                                                                                                      
ECHO: loadb GRID,137,,-5.32624000E-002,2.28600000E-002,6.07269000E-001                                                                                                                                                                                                      
ECHO: loadb GRID,138,,-4.56676000E-002,2.28600000E-002,6.07887000E-001                                                                                                                                                                                                      
ECHO: loadb GRID,139,,-3.80657000E-002,2.28600000E-002,6.08410000E-001                                                                                                                                                                                                      
ECHO: loadb GRID,140,,-3.04577000E-002,2.28600000E-002,6.08839000E-001                                                                                                                                                                                                      
ECHO: loadb GRID,141,,-2.28451000E-002,2.28600000E-002,6.09172000E-001                                                                                                                                                                                                      
ECHO: loadb GRID,142,,-1.52288000E-002,2.28600000E-002,6.09410000E-001                                                                                                                                                                                                      
ECHO: loadb GRID,143,,-7.61023000E-003,2.28600000E-002,6.09552000E-001                                                                                                                                                                                                      
ECHO: loadb GRID,144,,9.57557000E-006,2.28600000E-002,6.09600000E-001                                                                                                                                                                                                       
ECHO: loadb GRID,145,,7.62938000E-003,2.28600000E-002,6.09552000E-001                                                                                                                                                                                                       
ECHO: loadb GRID,146,,1.52480000E-002,2.28600000E-002,6.09409000E-001                                                                                                                                                                                                       
ECHO: loadb GRID,147,,2.28642000E-002,2.28600000E-002,6.09171000E-001                                                                                                                                                                                                       
ECHO: loadb GRID,148,,3.04769000E-002,2.28600000E-002,6.08838000E-001                                                                                                                                                                                                       
ECHO: loadb GRID,149,,3.80848000E-002,2.28600000E-002,6.08409000E-001                                                                                                                                                                                                       
ECHO: loadb GRID,150,,4.56867000E-002,2.28600000E-002,6.07886000E-001                                                                                                                                                                                                       
ECHO: loadb GRID,151,,5.32815000E-002,2.28600000E-002,6.07267000E-001                                                                                                                                                                                                       
ECHO: loadb GRID,152,,6.08680000E-002,2.28600000E-002,6.06554000E-001                                                                                                                                                                                                       
ECHO: loadb GRID,153,,6.84450000E-002,2.28600000E-002,6.05745000E-001                                                                                                                                                                                                       
ECHO: loadb GRID,154,,7.60112000E-002,2.28600000E-002,6.04843000E-001                                                                                                                                                                                                       
ECHO: loadb GRID,155,,8.35656000E-002,2.28600000E-002,6.03845000E-001                                                                                                                                                                                                       
ECHO: loadb GRID,156,,9.11070000E-002,2.28600000E-002,6.02753000E-001                                                                                                                                                                                                       
ECHO: loadb GRID,157,,9.86341000E-002,2.28600000E-002,6.01568000E-001                                                                                                                                                                                                       
ECHO: loadb GRID,158,,1.06146000E-001,2.28600000E-002,6.00288000E-001                                                                                                                                                                                                       
ECHO: loadb GRID,159,,1.13641000E-001,2.28600000E-002,5.98914000E-001                                                                                                                                                                                                       
ECHO: loadb GRID,160,,1.21118000E-001,2.28600000E-002,5.97447000E-001                                                                                                                                                                                                       
ECHO: loadb GRID,161,,1.28577000E-001,2.28600000E-002,5.95886000E-001                                                                                                                                                                                                       
ECHO: loadb GRID,162,,1.36015000E-001,2.28600000E-002,5.94232000E-001                                                                                                                                                                                                       
ECHO: loadb GRID,163,,1.43432000E-001,2.28600000E-002,5.92486000E-001                                                                                                                                                                                                       
ECHO: loadb GRID,164,,1.50827000E-001,2.28600000E-002,5.90647000E-001                                                                                                                                                                                                       
ECHO: loadb GRID,165,,-1.50808000E-001,3.04800000E-002,5.90651000E-001                                                                                                                                                                                                      
ECHO: loadb GRID,166,,-1.43413000E-001,3.04800000E-002,5.92490000E-001                                                                                                                                                                                                      
ECHO: loadb GRID,167,,-1.35996000E-001,3.04800000E-002,5.94237000E-001                                                                                                                                                                                                      
ECHO: loadb GRID,168,,-1.28558000E-001,3.04800000E-002,5.95890000E-001                                                                                                                                                                                                      
ECHO: loadb GRID,169,,-1.21099000E-001,3.04800000E-002,5.97450000E-001                                                                                                                                                                                                      
ECHO: loadb GRID,170,,-1.13622000E-001,3.04800000E-002,5.98918000E-001                                                                                                                                                                                                      
ECHO: loadb GRID,171,,-1.06127000E-001,3.04800000E-002,6.00291000E-001                                                                                                                                                                                                      
ECHO: loadb GRID,172,,-9.86152000E-002,3.04800000E-002,6.01571000E-001                                                                                                                                                                                                      
ECHO: loadb GRID,173,,-9.10880000E-002,3.04800000E-002,6.02756000E-001                                                                                                                                                                                                      
ECHO: loadb GRID,174,,-8.35467000E-002,3.04800000E-002,6.03848000E-001                                                                                                                                                                                                      
ECHO: loadb GRID,175,,-7.59922000E-002,3.04800000E-002,6.04845000E-001                                                                                                                                                                                                      
ECHO: loadb GRID,176,,-6.84259000E-002,3.04800000E-002,6.05748000E-001                                                                                                                                                                                                      
ECHO: loadb GRID,177,,-6.08489000E-002,3.04800000E-002,6.06555000E-001                                                                                                                                                                                                      
ECHO: loadb GRID,178,,-5.32624000E-002,3.04800000E-002,6.07269000E-001                                                                                                                                                                                                      
ECHO: loadb GRID,179,,-4.56676000E-002,3.04800000E-002,6.07887000E-001                                                                                                                                                                                                      
ECHO: loadb GRID,180,,-3.80657000E-002,3.04800000E-002,6.08410000E-001                                                                                                                                                                                                      
ECHO: loadb GRID,181,,-3.04577000E-002,3.04800000E-002,6.08839000E-001                                                                                                                                                                                                      
ECHO: loadb GRID,182,,-2.28451000E-002,3.04800000E-002,6.09172000E-001                                                                                                                                                                                                      
ECHO: loadb GRID,183,,-1.52288000E-002,3.04800000E-002,6.09410000E-001                                                                                                                                                                                                      
ECHO: loadb GRID,184,,-7.61023000E-003,3.04800000E-002,6.09552000E-001                                                                                                                                                                                                      
ECHO: loadb GRID,185,,9.57557000E-006,3.04800000E-002,6.09600000E-001                                                                                                                                                                                                       
ECHO: loadb GRID,186,,7.62938000E-003,3.04800000E-002,6.09552000E-001                                                                                                                                                                                                       
ECHO: loadb GRID,187,,1.52480000E-002,3.04800000E-002,6.09409000E-001                                                                                                                                                                                                       
ECHO: loadb GRID,188,,2.28642000E-002,3.04800000E-002,6.09171000E-001                                                                                                                                                                                                       
ECHO: loadb GRID,189,,3.04769000E-002,3.04800000E-002,6.08838000E-001                                                                                                                                                                                                       
ECHO: loadb GRID,190,,3.80848000E-002,3.04800000E-002,6.08409000E-001                                                                                                                                                                                                       
ECHO: loadb GRID,191,,4.56867000E-002,3.04800000E-002,6.07886000E-001                                                                                                                                                                                                       
ECHO: loadb GRID,192,,5.32815000E-002,3.04800000E-002,6.07267000E-001                                                                                                                                                                                                       
ECHO: loadb GRID,193,,6.08680000E-002,3.04800000E-002,6.06554000E-001                                                                                                                                                                                                       
ECHO: loadb GRID,194,,6.84450000E-002,3.04800000E-002,6.05745000E-001                                                                                                                                                                                                       
ECHO: loadb GRID,195,,7.60112000E-002,3.04800000E-002,6.04843000E-001                                                                                                                                                                                                       
ECHO: loadb GRID,196,,8.35656000E-002,3.04800000E-002,6.03845000E-001                                                                                                                                                                                                       
ECHO: loadb GRID,197,,9.11070000E-002,3.04800000E-002,6.02753000E-001                                                                                                                                                                                                       
ECHO: loadb GRID,198,,9.86341000E-002,3.04800000E-002,6.01568000E-001                                                                                                                                                                                                       
ECHO: loadb GRID,199,,1.06146000E-001,3.04800000E-002,6.00288000E-001                                                                                                                                                                                                       
ECHO: loadb GRID,200,,1.13641000E-001,3.04800000E-002,5.98914000E-001                                                                                                                                                                                                       
ECHO: loadb GRID,201,,1.21118000E-001,3.04800000E-002,5.97447000E-001                                                                                                                                                                                                       
ECHO: loadb GRID,202,,1.28577000E-001,3.04800000E-002,5.95886000E-001                                                                                                                                                                                                       
ECHO: loadb GRID,203,,1.36015000E-001,3.04800000E-002,5.94232000E-001                                                                                                                                                                                                       
ECHO: loadb GRID,204,,1.43432000E-001,3.04800000E-002,5.92486000E-001                                                                                                                                                                                                       
ECHO: loadb GRID,205,,1.50827000E-001,3.04800000E-002,5.90647000E-001                                                                                                                                                                                                       
ECHO: loadb GRID,206,,-1.50808000E-001,3.81000000E-002,5.90651000E-001                                                                                                                                                                                                      
ECHO: loadb GRID,207,,-1.43413000E-001,3.81000000E-002,5.92490000E-001                                                                                                                                                                                                      
ECHO: loadb GRID,208,,-1.35996000E-001,3.81000000E-002,5.94237000E-001                                                                                                                                                                                                      
ECHO: loadb GRID,209,,-1.28558000E-001,3.81000000E-002,5.95890000E-001                                                                                                                                                                                                      
ECHO: loadb GRID,210,,-1.21099000E-001,3.81000000E-002,5.97450000E-001                                                                                                                                                                                                      
ECHO: loadb GRID,211,,-1.13622000E-001,3.81000000E-002,5.98918000E-001                                                                                                                                                                                                      
ECHO: loadb GRID,212,,-1.06127000E-001,3.81000000E-002,6.00291000E-001                                                                                                                                                                                                      
ECHO: loadb GRID,213,,-9.86152000E-002,3.81000000E-002,6.01571000E-001                                                                                                                                                                                                      
ECHO: loadb GRID,214,,-9.10880000E-002,3.81000000E-002,6.02756000E-001                                                                                                                                                                                                      
ECHO: loadb GRID,215,,-8.35467000E-002,3.81000000E-002,6.03848000E-001                                                                                                                                                                                                      
ECHO: loadb GRID,216,,-7.59922000E-002,3.81000000E-002,6.04845000E-001                                                                                                                                                                                                      
ECHO: loadb GRID,217,,-6.84259000E-002,3.81000000E-002,6.05748000E-001                                                                                                                                                                                                      
ECHO: loadb GRID,218,,-6.08489000E-002,3.81000000E-002,6.06555000E-001                                                                                                                                                                                                      
ECHO: loadb GRID,219,,-5.32624000E-002,3.81000000E-002,6.07269000E-001                                                                                                                                                                                                      
ECHO: loadb GRID,220,,-4.56676000E-002,3.81000000E-002,6.07887000E-001                                                                                                                                                                                                      
ECHO: loadb GRID,221,,-3.80657000E-002,3.81000000E-002,6.08410000E-001                                                                                                                                                                                                      
ECHO: loadb GRID,222,,-3.04577000E-002,3.81000000E-002,6.08839000E-001                                                                                                                                                                                                      
ECHO: loadb GRID,223,,-2.28451000E-002,3.81000000E-002,6.09172000E-001                                                                                                                                                                                                      
ECHO: loadb GRID,224,,-1.52288000E-002,3.81000000E-002,6.09410000E-001                                                                                                                                                                                                      
ECHO: loadb GRID,225,,-7.61023000E-003,3.81000000E-002,6.09552000E-001                                                                                                                                                                                                      
ECHO: loadb GRID,226,,9.57557000E-006,3.81000000E-002,6.09600000E-001                                                                                                                                                                                                       
ECHO: loadb GRID,227,,7.62938000E-003,3.81000000E-002,6.09552000E-001                                                                                                                                                                                                       
ECHO: loadb GRID,228,,1.52480000E-002,3.81000000E-002,6.09409000E-001                                                                                                                                                                                                       
ECHO: loadb GRID,229,,2.28642000E-002,3.81000000E-002,6.09171000E-001                                                                                                                                                                                                       
ECHO: loadb GRID,230,,3.04769000E-002,3.81000000E-002,6.08838000E-001                                                                                                                                                                                                       
ECHO: loadb GRID,231,,3.80848000E-002,3.81000000E-002,6.08409000E-001                                                                                                                                                                                                       
ECHO: loadb GRID,232,,4.56867000E-002,3.81000000E-002,6.07886000E-001                                                                                                                                                                                                       
ECHO: loadb GRID,233,,5.32815000E-002,3.81000000E-002,6.07267000E-001                                                                                                                                                                                                       
ECHO: loadb GRID,234,,6.08680000E-002,3.81000000E-002,6.06554000E-001                                                                                                                                                                                                       
ECHO: loadb GRID,235,,6.84450000E-002,3.81000000E-002,6.05745000E-001                                                                                                                                                                                                       
ECHO: loadb GRID,236,,7.60112000E-002,3.81000000E-002,6.04843000E-001                                                                                                                                                                                                       
ECHO: loadb GRID,237,,8.35656000E-002,3.81000000E-002,6.03845000E-001                                                                                                                                                                                                       
ECHO: loadb GRID,238,,9.11070000E-002,3.81000000E-002,6.02753000E-001                                                                                                                                                                                                       
ECHO: loadb GRID,239,,9.86341000E-002,3.81000000E-002,6.01568000E-001                                                                                                                                                                                                       
ECHO: loadb GRID,240,,1.06146000E-001,3.81000000E-002,6.00288000E-001                                                                                                                                                                                                       
ECHO: loadb GRID,241,,1.13641000E-001,3.81000000E-002,5.98914000E-001                                                                                                                                                                                                       
ECHO: loadb GRID,242,,1.21118000E-001,3.81000000E-002,5.97447000E-001                                                                                                                                                                                                       
ECHO: loadb GRID,243,,1.28577000E-001,3.81000000E-002,5.95886000E-001                                                                                                                                                                                                       
ECHO: loadb GRID,244,,1.36015000E-001,3.81000000E-002,5.94232000E-001                                                                                                                                                                                                       
ECHO: loadb GRID,245,,1.43432000E-001,3.81000000E-002,5.92486000E-001                                                                                                                                                                                                       
ECHO: loadb GRID,246,,1.50827000E-001,3.81000000E-002,5.90647000E-001                                                                                                                                                                                                       
ECHO: loadb GRID,247,,-1.50808000E-001,4.57200000E-002,5.90651000E-001                                                                                                                                                                                                      
ECHO: loadb GRID,248,,-1.43413000E-001,4.57200000E-002,5.92490000E-001                                                                                                                                                                                                      
ECHO: loadb GRID,249,,-1.35996000E-001,4.57200000E-002,5.94237000E-001                                                                                                                                                                                                      
ECHO: loadb GRID,250,,-1.28558000E-001,4.57200000E-002,5.95890000E-001                                                                                                                                                                                                      
ECHO: loadb GRID,251,,-1.21099000E-001,4.57200000E-002,5.97450000E-001                                                                                                                                                                                                      
ECHO: loadb GRID,252,,-1.13622000E-001,4.57200000E-002,5.98918000E-001                                                                                                                                                                                                      
ECHO: loadb GRID,253,,-1.06127000E-001,4.57200000E-002,6.00291000E-001                                                                                                                                                                                                      
ECHO: loadb GRID,254,,-9.86152000E-002,4.57200000E-002,6.01571000E-001                                                                                                                                                                                                      
ECHO: loadb GRID,255,,-9.10880000E-002,4.57200000E-002,6.02756000E-001                                                                                                                                                                                                      
ECHO: loadb GRID,256,,-8.35467000E-002,4.57200000E-002,6.03848000E-001                                                                                                                                                                                                      
ECHO: loadb GRID,257,,-7.59922000E-002,4.57200000E-002,6.04845000E-001                                                                                                                                                                                                      
ECHO: loadb GRID,258,,-6.84259000E-002,4.57200000E-002,6.05748000E-001                                                                                                                                                                                                      
ECHO: loadb GRID,259,,-6.08489000E-002,4.57200000E-002,6.06555000E-001                                                                                                                                                                                                      
ECHO: loadb GRID,260,,-5.32624000E-002,4.57200000E-002,6.07269000E-001                                                                                                                                                                                                      
ECHO: loadb GRID,261,,-4.56676000E-002,4.57200000E-002,6.07887000E-001                                                                                                                                                                                                      
ECHO: loadb GRID,262,,-3.80657000E-002,4.57200000E-002,6.08410000E-001                                                                                                                                                                                                      
ECHO: loadb GRID,263,,-3.04577000E-002,4.57200000E-002,6.08839000E-001                                                                                                                                                                                                      
ECHO: loadb GRID,264,,-2.28451000E-002,4.57200000E-002,6.09172000E-001                                                                                                                                                                                                      
ECHO: loadb GRID,265,,-1.52288000E-002,4.57200000E-002,6.09410000E-001                                                                                                                                                                                                      
ECHO: loadb GRID,266,,-7.61023000E-003,4.57200000E-002,6.09552000E-001                                                                                                                                                                                                      
ECHO: loadb GRID,267,,9.57557000E-006,4.57200000E-002,6.09600000E-001                                                                                                                                                                                                       
ECHO: loadb GRID,268,,7.62938000E-003,4.57200000E-002,6.09552000E-001                                                                                                                                                                                                       
ECHO: loadb GRID,269,,1.52480000E-002,4.57200000E-002,6.09409000E-001                                                                                                                                                                                                       
ECHO: loadb GRID,270,,2.28642000E-002,4.57200000E-002,6.09171000E-001                                                                                                                                                                                                       
ECHO: loadb GRID,271,,3.04769000E-002,4.57200000E-002,6.08838000E-001                                                                                                                                                                                                       
ECHO: loadb GRID,272,,3.80848000E-002,4.57200000E-002,6.08409000E-001                                                                                                                                                                                                       
ECHO: loadb GRID,273,,4.56867000E-002,4.57200000E-002,6.07886000E-001                                                                                                                                                                                                       
ECHO: loadb GRID,274,,5.32815000E-002,4.57200000E-002,6.07267000E-001                                                                                                                                                                                                       
ECHO: loadb GRID,275,,6.08680000E-002,4.57200000E-002,6.06554000E-001                                                                                                                                                                                                       
ECHO: loadb GRID,276,,6.84450000E-002,4.57200000E-002,6.05745000E-001                                                                                                                                                                                                       
ECHO: loadb GRID,277,,7.60112000E-002,4.57200000E-002,6.04843000E-001                                                                                                                                                                                                       
ECHO: loadb GRID,278,,8.35656000E-002,4.57200000E-002,6.03845000E-001                                                                                                                                                                                                       
ECHO: loadb GRID,279,,9.11070000E-002,4.57200000E-002,6.02753000E-001                                                                                                                                                                                                       
ECHO: loadb GRID,280,,9.86341000E-002,4.57200000E-002,6.01568000E-001                                                                                                                                                                                                       
ECHO: loadb GRID,281,,1.06146000E-001,4.57200000E-002,6.00288000E-001                                                                                                                                                                                                       
ECHO: loadb GRID,282,,1.13641000E-001,4.57200000E-002,5.98914000E-001                                                                                                                                                                                                       
ECHO: loadb GRID,283,,1.21118000E-001,4.57200000E-002,5.97447000E-001                                                                                                                                                                                                       
ECHO: loadb GRID,284,,1.28577000E-001,4.57200000E-002,5.95886000E-001                                                                                                                                                                                                       
ECHO: loadb GRID,285,,1.36015000E-001,4.57200000E-002,5.94232000E-001                                                                                                                                                                                                       
ECHO: loadb GRID,286,,1.43432000E-001,4.57200000E-002,5.92486000E-001                                                                                                                                                                                                       
ECHO: loadb GRID,287,,1.50827000E-001,4.57200000E-002,5.90647000E-001                                                                                                                                                                                                       
ECHO: loadb GRID,288,,-1.50808000E-001,5.33400000E-002,5.90651000E-001                                                                                                                                                                                                      
ECHO: loadb GRID,289,,-1.43413000E-001,5.33400000E-002,5.92490000E-001                                                                                                                                                                                                      
ECHO: loadb GRID,290,,-1.35996000E-001,5.33400000E-002,5.94237000E-001                                                                                                                                                                                                      
ECHO: loadb GRID,291,,-1.28558000E-001,5.33400000E-002,5.95890000E-001                                                                                                                                                                                                      
ECHO: loadb GRID,292,,-1.21099000E-001,5.33400000E-002,5.97450000E-001                                                                                                                                                                                                      
ECHO: loadb GRID,293,,-1.13622000E-001,5.33400000E-002,5.98918000E-001                                                                                                                                                                                                      
ECHO: loadb GRID,294,,-1.06127000E-001,5.33400000E-002,6.00291000E-001                                                                                                                                                                                                      
ECHO: loadb GRID,295,,-9.86152000E-002,5.33400000E-002,6.01571000E-001                                                                                                                                                                                                      
ECHO: loadb GRID,296,,-9.10880000E-002,5.33400000E-002,6.02756000E-001                                                                                                                                                                                                      
ECHO: loadb GRID,297,,-8.35467000E-002,5.33400000E-002,6.03848000E-001                                                                                                                                                                                                      
ECHO: loadb GRID,298,,-7.59922000E-002,5.33400000E-002,6.04845000E-001                                                                                                                                                                                                      
ECHO: loadb GRID,299,,-6.84259000E-002,5.33400000E-002,6.05748000E-001                                                                                                                                                                                                      
ECHO: loadb GRID,300,,-6.08489000E-002,5.33400000E-002,6.06555000E-001                                                                                                                                                                                                      
ECHO: loadb GRID,301,,-5.32624000E-002,5.33400000E-002,6.07269000E-001                                                                                                                                                                                                      
ECHO: loadb GRID,302,,-4.56676000E-002,5.33400000E-002,6.07887000E-001                                                                                                                                                                                                      
ECHO: loadb GRID,303,,-3.80657000E-002,5.33400000E-002,6.08410000E-001                                                                                                                                                                                                      
ECHO: loadb GRID,304,,-3.04577000E-002,5.33400000E-002,6.08839000E-001                                                                                                                                                                                                      
ECHO: loadb GRID,305,,-2.28451000E-002,5.33400000E-002,6.09172000E-001                                                                                                                                                                                                      
ECHO: loadb GRID,306,,-1.52288000E-002,5.33400000E-002,6.09410000E-001                                                                                                                                                                                                      
ECHO: loadb GRID,307,,-7.61023000E-003,5.33400000E-002,6.09552000E-001                                                                                                                                                                                                      
ECHO: loadb GRID,308,,9.57557000E-006,5.33400000E-002,6.09600000E-001                                                                                                                                                                                                       
ECHO: loadb GRID,309,,7.62938000E-003,5.33400000E-002,6.09552000E-001                                                                                                                                                                                                       
ECHO: loadb GRID,310,,1.52480000E-002,5.33400000E-002,6.09409000E-001                                                                                                                                                                                                       
ECHO: loadb GRID,311,,2.28642000E-002,5.33400000E-002,6.09171000E-001                                                                                                                                                                                                       
ECHO: loadb GRID,312,,3.04769000E-002,5.33400000E-002,6.08838000E-001                                                                                                                                                                                                       
ECHO: loadb GRID,313,,3.80848000E-002,5.33400000E-002,6.08409000E-001                                                                                                                                                                                                       
ECHO: loadb GRID,314,,4.56867000E-002,5.33400000E-002,6.07886000E-001                                                                                                                                                                                                       
ECHO: loadb GRID,315,,5.32815000E-002,5.33400000E-002,6.07267000E-001                                                                                                                                                                                                       
ECHO: loadb GRID,316,,6.08680000E-002,5.33400000E-002,6.06554000E-001                                                                                                                                                                                                       
ECHO: loadb GRID,317,,6.84450000E-002,5.33400000E-002,6.05745000E-001                                                                                                                                                                                                       
ECHO: loadb GRID,318,,7.60112000E-002,5.33400000E-002,6.04843000E-001                                                                                                                                                                                                       
ECHO: loadb GRID,319,,8.35656000E-002,5.33400000E-002,6.03845000E-001                                                                                                                                                                                                       
ECHO: loadb GRID,320,,9.11070000E-002,5.33400000E-002,6.02753000E-001                                                                                                                                                                                                       
ECHO: loadb GRID,321,,9.86341000E-002,5.33400000E-002,6.01568000E-001                                                                                                                                                                                                       
ECHO: loadb GRID,322,,1.06146000E-001,5.33400000E-002,6.00288000E-001                                                                                                                                                                                                       
ECHO: loadb GRID,323,,1.13641000E-001,5.33400000E-002,5.98914000E-001                                                                                                                                                                                                       
ECHO: loadb GRID,324,,1.21118000E-001,5.33400000E-002,5.97447000E-001                                                                                                                                                                                                       
ECHO: loadb GRID,325,,1.28577000E-001,5.33400000E-002,5.95886000E-001                                                                                                                                                                                                       
ECHO: loadb GRID,326,,1.36015000E-001,5.33400000E-002,5.94232000E-001                                                                                                                                                                                                       
ECHO: loadb GRID,327,,1.43432000E-001,5.33400000E-002,5.92486000E-001                                                                                                                                                                                                       
ECHO: loadb GRID,328,,1.50827000E-001,5.33400000E-002,5.90647000E-001                                                                                                                                                                                                       
ECHO: loadb GRID,329,,-1.50808000E-001,6.09600000E-002,5.90651000E-001                                                                                                                                                                                                      
ECHO: loadb GRID,330,,-1.43413000E-001,6.09600000E-002,5.92490000E-001                                                                                                                                                                                                      
ECHO: loadb GRID,331,,-1.35996000E-001,6.09600000E-002,5.94237000E-001                                                                                                                                                                                                      
ECHO: loadb GRID,332,,-1.28558000E-001,6.09600000E-002,5.95890000E-001                                                                                                                                                                                                      
ECHO: loadb GRID,333,,-1.21099000E-001,6.09600000E-002,5.97450000E-001                                                                                                                                                                                                      
ECHO: loadb GRID,334,,-1.13622000E-001,6.09600000E-002,5.98918000E-001                                                                                                                                                                                                      
ECHO: loadb GRID,335,,-1.06127000E-001,6.09600000E-002,6.00291000E-001                                                                                                                                                                                                      
ECHO: loadb GRID,336,,-9.86152000E-002,6.09600000E-002,6.01571000E-001                                                                                                                                                                                                      
ECHO: loadb GRID,337,,-9.10880000E-002,6.09600000E-002,6.02756000E-001                                                                                                                                                                                                      
ECHO: loadb GRID,338,,-8.35467000E-002,6.09600000E-002,6.03848000E-001                                                                                                                                                                                                      
ECHO: loadb GRID,339,,-7.59922000E-002,6.09600000E-002,6.04845000E-001                                                                                                                                                                                                      
ECHO: loadb GRID,340,,-6.84259000E-002,6.09600000E-002,6.05748000E-001                                                                                                                                                                                                      
ECHO: loadb GRID,341,,-6.08489000E-002,6.09600000E-002,6.06555000E-001                                                                                                                                                                                                      
ECHO: loadb GRID,342,,-5.32624000E-002,6.09600000E-002,6.07269000E-001                                                                                                                                                                                                      
ECHO: loadb GRID,343,,-4.56676000E-002,6.09600000E-002,6.07887000E-001                                                                                                                                                                                                      
ECHO: loadb GRID,344,,-3.80657000E-002,6.09600000E-002,6.08410000E-001                                                                                                                                                                                                      
ECHO: loadb GRID,345,,-3.04577000E-002,6.09600000E-002,6.08839000E-001                                                                                                                                                                                                      
ECHO: loadb GRID,346,,-2.28451000E-002,6.09600000E-002,6.09172000E-001                                                                                                                                                                                                      
ECHO: loadb GRID,347,,-1.52288000E-002,6.09600000E-002,6.09410000E-001                                                                                                                                                                                                      
ECHO: loadb GRID,348,,-7.61023000E-003,6.09600000E-002,6.09552000E-001                                                                                                                                                                                                      
ECHO: loadb GRID,349,,9.57557000E-006,6.09600000E-002,6.09600000E-001                                                                                                                                                                                                       
ECHO: loadb GRID,350,,7.62938000E-003,6.09600000E-002,6.09552000E-001                                                                                                                                                                                                       
ECHO: loadb GRID,351,,1.52480000E-002,6.09600000E-002,6.09409000E-001                                                                                                                                                                                                       
ECHO: loadb GRID,352,,2.28642000E-002,6.09600000E-002,6.09171000E-001                                                                                                                                                                                                       
ECHO: loadb GRID,353,,3.04769000E-002,6.09600000E-002,6.08838000E-001                                                                                                                                                                                                       
ECHO: loadb GRID,354,,3.80848000E-002,6.09600000E-002,6.08409000E-001                                                                                                                                                                                                       
ECHO: loadb GRID,355,,4.56867000E-002,6.09600000E-002,6.07886000E-001                                                                                                                                                                                                       
ECHO: loadb GRID,356,,5.32815000E-002,6.09600000E-002,6.07267000E-001                                                                                                                                                                                                       
ECHO: loadb GRID,357,,6.08680000E-002,6.09600000E-002,6.06554000E-001                                                                                                                                                                                                       
ECHO: loadb GRID,358,,6.84450000E-002,6.09600000E-002,6.05745000E-001                                                                                                                                                                                                       
ECHO: loadb GRID,359,,7.60112000E-002,6.09600000E-002,6.04843000E-001                                                                                                                                                                                                       
ECHO: loadb GRID,360,,8.35656000E-002,6.09600000E-002,6.03845000E-001                                                                                                                                                                                                       
ECHO: loadb GRID,361,,9.11070000E-002,6.09600000E-002,6.02753000E-001                                                                                                                                                                                                       
ECHO: loadb GRID,362,,9.86341000E-002,6.09600000E-002,6.01568000E-001                                                                                                                                                                                                       
ECHO: loadb GRID,363,,1.06146000E-001,6.09600000E-002,6.00288000E-001                                                                                                                                                                                                       
ECHO: loadb GRID,364,,1.13641000E-001,6.09600000E-002,5.98914000E-001                                                                                                                                                                                                       
ECHO: loadb GRID,365,,1.21118000E-001,6.09600000E-002,5.97447000E-001                                                                                                                                                                                                       
ECHO: loadb GRID,366,,1.28577000E-001,6.09600000E-002,5.95886000E-001                                                                                                                                                                                                       
ECHO: loadb GRID,367,,1.36015000E-001,6.09600000E-002,5.94232000E-001                                                                                                                                                                                                       
ECHO: loadb GRID,368,,1.43432000E-001,6.09600000E-002,5.92486000E-001                                                                                                                                                                                                       
ECHO: loadb GRID,369,,1.50827000E-001,6.09600000E-002,5.90647000E-001                                                                                                                                                                                                       
ECHO: loadb GRID,370,,-1.50808000E-001,6.85800000E-002,5.90651000E-001                                                                                                                                                                                                      
ECHO: loadb GRID,371,,-1.43413000E-001,6.85800000E-002,5.92490000E-001                                                                                                                                                                                                      
ECHO: loadb GRID,372,,-1.35996000E-001,6.85800000E-002,5.94237000E-001                                                                                                                                                                                                      
ECHO: loadb GRID,373,,-1.28558000E-001,6.85800000E-002,5.95890000E-001                                                                                                                                                                                                      
ECHO: loadb GRID,374,,-1.21099000E-001,6.85800000E-002,5.97450000E-001                                                                                                                                                                                                      
ECHO: loadb GRID,375,,-1.13622000E-001,6.85800000E-002,5.98918000E-001                                                                                                                                                                                                      
ECHO: loadb GRID,376,,-1.06127000E-001,6.85800000E-002,6.00291000E-001                                                                                                                                                                                                      
ECHO: loadb GRID,377,,-9.86152000E-002,6.85800000E-002,6.01571000E-001                                                                                                                                                                                                      
ECHO: loadb GRID,378,,-9.10880000E-002,6.85800000E-002,6.02756000E-001                                                                                                                                                                                                      
ECHO: loadb GRID,379,,-8.35467000E-002,6.85800000E-002,6.03848000E-001                                                                                                                                                                                                      
ECHO: loadb GRID,380,,-7.59922000E-002,6.85800000E-002,6.04845000E-001                                                                                                                                                                                                      
ECHO: loadb GRID,381,,-6.84259000E-002,6.85800000E-002,6.05748000E-001                                                                                                                                                                                                      
ECHO: loadb GRID,382,,-6.08489000E-002,6.85800000E-002,6.06555000E-001                                                                                                                                                                                                      
ECHO: loadb GRID,383,,-5.32624000E-002,6.85800000E-002,6.07269000E-001                                                                                                                                                                                                      
ECHO: loadb GRID,384,,-4.56676000E-002,6.85800000E-002,6.07887000E-001                                                                                                                                                                                                      
ECHO: loadb GRID,385,,-3.80657000E-002,6.85800000E-002,6.08410000E-001                                                                                                                                                                                                      
ECHO: loadb GRID,386,,-3.04577000E-002,6.85800000E-002,6.08839000E-001                                                                                                                                                                                                      
ECHO: loadb GRID,387,,-2.28451000E-002,6.85800000E-002,6.09172000E-001                                                                                                                                                                                                      
ECHO: loadb GRID,388,,-1.52288000E-002,6.85800000E-002,6.09410000E-001                                                                                                                                                                                                      
ECHO: loadb GRID,389,,-7.61023000E-003,6.85800000E-002,6.09552000E-001                                                                                                                                                                                                      
ECHO: loadb GRID,390,,9.57557000E-006,6.85800000E-002,6.09600000E-001                                                                                                                                                                                                       
ECHO: loadb GRID,391,,7.62938000E-003,6.85800000E-002,6.09552000E-001                                                                                                                                                                                                       
ECHO: loadb GRID,392,,1.52480000E-002,6.85800000E-002,6.09409000E-001                                                                                                                                                                                                       
ECHO: loadb GRID,393,,2.28642000E-002,6.85800000E-002,6.09171000E-001                                                                                                                                                                                                       
ECHO: loadb GRID,394,,3.04769000E-002,6.85800000E-002,6.08838000E-001                                                                                                                                                                                                       
ECHO: loadb GRID,395,,3.80848000E-002,6.85800000E-002,6.08409000E-001                                                                                                                                                                                                       
ECHO: loadb GRID,396,,4.56867000E-002,6.85800000E-002,6.07886000E-001                                                                                                                                                                                                       
ECHO: loadb GRID,397,,5.32815000E-002,6.85800000E-002,6.07267000E-001                                                                                                                                                                                                       
ECHO: loadb GRID,398,,6.08680000E-002,6.85800000E-002,6.06554000E-001                                                                                                                                                                                                       
ECHO: loadb GRID,399,,6.84450000E-002,6.85800000E-002,6.05745000E-001                                                                                                                                                                                                       
ECHO: loadb GRID,400,,7.60112000E-002,6.85800000E-002,6.04843000E-001                                                                                                                                                                                                       
ECHO: loadb GRID,401,,8.35656000E-002,6.85800000E-002,6.03845000E-001                                                                                                                                                                                                       
ECHO: loadb GRID,402,,9.11070000E-002,6.85800000E-002,6.02753000E-001                                                                                                                                                                                                       
ECHO: loadb GRID,403,,9.86341000E-002,6.85800000E-002,6.01568000E-001                                                                                                                                                                                                       
ECHO: loadb GRID,404,,1.06146000E-001,6.85800000E-002,6.00288000E-001                                                                                                                                                                                                       
ECHO: loadb GRID,405,,1.13641000E-001,6.85800000E-002,5.98914000E-001                                                                                                                                                                                                       
ECHO: loadb GRID,406,,1.21118000E-001,6.85800000E-002,5.97447000E-001                                                                                                                                                                                                       
ECHO: loadb GRID,407,,1.28577000E-001,6.85800000E-002,5.95886000E-001                                                                                                                                                                                                       
ECHO: loadb GRID,408,,1.36015000E-001,6.85800000E-002,5.94232000E-001                                                                                                                                                                                                       
ECHO: loadb GRID,409,,1.43432000E-001,6.85800000E-002,5.92486000E-001                                                                                                                                                                                                       
ECHO: loadb GRID,410,,1.50827000E-001,6.85800000E-002,5.90647000E-001                                                                                                                                                                                                       
ECHO: loadb GRID,411,,-1.50808000E-001,7.62000000E-002,5.90651000E-001                                                                                                                                                                                                      
ECHO: loadb GRID,412,,-1.43413000E-001,7.62000000E-002,5.92490000E-001                                                                                                                                                                                                      
ECHO: loadb GRID,413,,-1.35996000E-001,7.62000000E-002,5.94237000E-001                                                                                                                                                                                                      
ECHO: loadb GRID,414,,-1.28558000E-001,7.62000000E-002,5.95890000E-001                                                                                                                                                                                                      
ECHO: loadb GRID,415,,-1.21099000E-001,7.62000000E-002,5.97450000E-001                                                                                                                                                                                                      
ECHO: loadb GRID,416,,-1.13622000E-001,7.62000000E-002,5.98918000E-001                                                                                                                                                                                                      
ECHO: loadb GRID,417,,-1.06127000E-001,7.62000000E-002,6.00291000E-001                                                                                                                                                                                                      
ECHO: loadb GRID,418,,-9.86152000E-002,7.62000000E-002,6.01571000E-001                                                                                                                                                                                                      
ECHO: loadb GRID,419,,-9.10880000E-002,7.62000000E-002,6.02756000E-001                                                                                                                                                                                                      
ECHO: loadb GRID,420,,-8.35467000E-002,7.62000000E-002,6.03848000E-001                                                                                                                                                                                                      
ECHO: loadb GRID,421,,-7.59922000E-002,7.62000000E-002,6.04845000E-001                                                                                                                                                                                                      
ECHO: loadb GRID,422,,-6.84259000E-002,7.62000000E-002,6.05748000E-001                                                                                                                                                                                                      
ECHO: loadb GRID,423,,-6.08489000E-002,7.62000000E-002,6.06555000E-001                                                                                                                                                                                                      
ECHO: loadb GRID,424,,-5.32624000E-002,7.62000000E-002,6.07269000E-001                                                                                                                                                                                                      
ECHO: loadb GRID,425,,-4.56676000E-002,7.62000000E-002,6.07887000E-001                                                                                                                                                                                                      
ECHO: loadb GRID,426,,-3.80657000E-002,7.62000000E-002,6.08410000E-001                                                                                                                                                                                                      
ECHO: loadb GRID,427,,-3.04577000E-002,7.62000000E-002,6.08839000E-001                                                                                                                                                                                                      
ECHO: loadb GRID,428,,-2.28451000E-002,7.62000000E-002,6.09172000E-001                                                                                                                                                                                                      
ECHO: loadb GRID,429,,-1.52288000E-002,7.62000000E-002,6.09410000E-001                                                                                                                                                                                                      
ECHO: loadb GRID,430,,-7.61023000E-003,7.62000000E-002,6.09552000E-001                                                                                                                                                                                                      
ECHO: loadb GRID,431,,9.57557000E-006,7.62000000E-002,6.09600000E-001                                                                                                                                                                                                       
ECHO: loadb GRID,432,,7.62938000E-003,7.62000000E-002,6.09552000E-001                                                                                                                                                                                                       
ECHO: loadb GRID,433,,1.52480000E-002,7.62000000E-002,6.09409000E-001                                                                                                                                                                                                       
ECHO: loadb GRID,434,,2.28642000E-002,7.62000000E-002,6.09171000E-001                                                                                                                                                                                                       
ECHO: loadb GRID,435,,3.04769000E-002,7.62000000E-002,6.08838000E-001                                                                                                                                                                                                       
ECHO: loadb GRID,436,,3.80848000E-002,7.62000000E-002,6.08409000E-001                                                                                                                                                                                                       
ECHO: loadb GRID,437,,4.56867000E-002,7.62000000E-002,6.07886000E-001                                                                                                                                                                                                       
ECHO: loadb GRID,438,,5.32815000E-002,7.62000000E-002,6.07267000E-001                                                                                                                                                                                                       
ECHO: loadb GRID,439,,6.08680000E-002,7.62000000E-002,6.06554000E-001                                                                                                                                                                                                       
ECHO: loadb GRID,440,,6.84450000E-002,7.62000000E-002,6.05745000E-001                                                                                                                                                                                                       
ECHO: loadb GRID,441,,7.60112000E-002,7.62000000E-002,6.04843000E-001                                                                                                                                                                                                       
ECHO: loadb GRID,442,,8.35656000E-002,7.62000000E-002,6.03845000E-001                                                                                                                                                                                                       
ECHO: loadb GRID,443,,9.11070000E-002,7.62000000E-002,6.02753000E-001                                                                                                                                                                                                       
ECHO: loadb GRID,444,,9.86341000E-002,7.62000000E-002,6.01568000E-001                                                                                                                                                                                                       
ECHO: loadb GRID,445,,1.06146000E-001,7.62000000E-002,6.00288000E-001                                                                                                                                                                                                       
ECHO: loadb GRID,446,,1.13641000E-001,7.62000000E-002,5.98914000E-001                                                                                                                                                                                                       
ECHO: loadb GRID,447,,1.21118000E-001,7.62000000E-002,5.97447000E-001                                                                                                                                                                                                       
ECHO: loadb GRID,448,,1.28577000E-001,7.62000000E-002,5.95886000E-001                                                                                                                                                                                                       
ECHO: loadb GRID,449,,1.36015000E-001,7.62000000E-002,5.94232000E-001                                                                                                                                                                                                       
ECHO: loadb GRID,450,,1.43432000E-001,7.62000000E-002,5.92486000E-001                                                                                                                                                                                                       
ECHO: loadb GRID,451,,1.50827000E-001,7.62000000E-002,5.90647000E-001                                                                                                                                                                                                       
ECHO: loadb GRID,452,,-1.50808000E-001,8.38200000E-002,5.90651000E-001                                                                                                                                                                                                      
ECHO: loadb GRID,453,,-1.43413000E-001,8.38200000E-002,5.92490000E-001                                                                                                                                                                                                      
ECHO: loadb GRID,454,,-1.35996000E-001,8.38200000E-002,5.94237000E-001                                                                                                                                                                                                      
ECHO: loadb GRID,455,,-1.28558000E-001,8.38200000E-002,5.95890000E-001                                                                                                                                                                                                      
ECHO: loadb GRID,456,,-1.21099000E-001,8.38200000E-002,5.97450000E-001                                                                                                                                                                                                      
ECHO: loadb GRID,457,,-1.13622000E-001,8.38200000E-002,5.98918000E-001                                                                                                                                                                                                      
ECHO: loadb GRID,458,,-1.06127000E-001,8.38200000E-002,6.00291000E-001                                                                                                                                                                                                      
ECHO: loadb GRID,459,,-9.86152000E-002,8.38200000E-002,6.01571000E-001                                                                                                                                                                                                      
ECHO: loadb GRID,460,,-9.10880000E-002,8.38200000E-002,6.02756000E-001                                                                                                                                                                                                      
ECHO: loadb GRID,461,,-8.35467000E-002,8.38200000E-002,6.03848000E-001                                                                                                                                                                                                      
ECHO: loadb GRID,462,,-7.59922000E-002,8.38200000E-002,6.04845000E-001                                                                                                                                                                                                      
ECHO: loadb GRID,463,,-6.84259000E-002,8.38200000E-002,6.05748000E-001                                                                                                                                                                                                      
ECHO: loadb GRID,464,,-6.08489000E-002,8.38200000E-002,6.06555000E-001                                                                                                                                                                                                      
ECHO: loadb GRID,465,,-5.32624000E-002,8.38200000E-002,6.07269000E-001                                                                                                                                                                                                      
ECHO: loadb GRID,466,,-4.56676000E-002,8.38200000E-002,6.07887000E-001                                                                                                                                                                                                      
ECHO: loadb GRID,467,,-3.80657000E-002,8.38200000E-002,6.08410000E-001                                                                                                                                                                                                      
ECHO: loadb GRID,468,,-3.04577000E-002,8.38200000E-002,6.08839000E-001                                                                                                                                                                                                      
ECHO: loadb GRID,469,,-2.28451000E-002,8.38200000E-002,6.09172000E-001                                                                                                                                                                                                      
ECHO: loadb GRID,470,,-1.52288000E-002,8.38200000E-002,6.09410000E-001                                                                                                                                                                                                      
ECHO: loadb GRID,471,,-7.61023000E-003,8.38200000E-002,6.09552000E-001                                                                                                                                                                                                      
ECHO: loadb GRID,472,,9.57557000E-006,8.38200000E-002,6.09600000E-001                                                                                                                                                                                                       
ECHO: loadb GRID,473,,7.62938000E-003,8.38200000E-002,6.09552000E-001                                                                                                                                                                                                       
ECHO: loadb GRID,474,,1.52480000E-002,8.38200000E-002,6.09409000E-001                                                                                                                                                                                                       
ECHO: loadb GRID,475,,2.28642000E-002,8.38200000E-002,6.09171000E-001                                                                                                                                                                                                       
ECHO: loadb GRID,476,,3.04769000E-002,8.38200000E-002,6.08838000E-001                                                                                                                                                                                                       
ECHO: loadb GRID,477,,3.80848000E-002,8.38200000E-002,6.08409000E-001                                                                                                                                                                                                       
ECHO: loadb GRID,478,,4.56867000E-002,8.38200000E-002,6.07886000E-001                                                                                                                                                                                                       
ECHO: loadb GRID,479,,5.32815000E-002,8.38200000E-002,6.07267000E-001                                                                                                                                                                                                       
ECHO: loadb GRID,480,,6.08680000E-002,8.38200000E-002,6.06554000E-001                                                                                                                                                                                                       
ECHO: loadb GRID,481,,6.84450000E-002,8.38200000E-002,6.05745000E-001                                                                                                                                                                                                       
ECHO: loadb GRID,482,,7.60112000E-002,8.38200000E-002,6.04843000E-001                                                                                                                                                                                                       
ECHO: loadb GRID,483,,8.35656000E-002,8.38200000E-002,6.03845000E-001                                                                                                                                                                                                       
ECHO: loadb GRID,484,,9.11070000E-002,8.38200000E-002,6.02753000E-001                                                                                                                                                                                                       
ECHO: loadb GRID,485,,9.86341000E-002,8.38200000E-002,6.01568000E-001                                                                                                                                                                                                       
ECHO: loadb GRID,486,,1.06146000E-001,8.38200000E-002,6.00288000E-001                                                                                                                                                                                                       
ECHO: loadb GRID,487,,1.13641000E-001,8.38200000E-002,5.98914000E-001                                                                                                                                                                                                       
ECHO: loadb GRID,488,,1.21118000E-001,8.38200000E-002,5.97447000E-001                                                                                                                                                                                                       
ECHO: loadb GRID,489,,1.28577000E-001,8.38200000E-002,5.95886000E-001                                                                                                                                                                                                       
ECHO: loadb GRID,490,,1.36015000E-001,8.38200000E-002,5.94232000E-001                                                                                                                                                                                                       
ECHO: loadb GRID,491,,1.43432000E-001,8.38200000E-002,5.92486000E-001                                                                                                                                                                                                       
ECHO: loadb GRID,492,,1.50827000E-001,8.38200000E-002,5.90647000E-001                                                                                                                                                                                                       
ECHO: loadb GRID,493,,-1.50808000E-001,9.14400000E-002,5.90651000E-001                                                                                                                                                                                                      
ECHO: loadb GRID,494,,-1.43413000E-001,9.14400000E-002,5.92490000E-001                                                                                                                                                                                                      
ECHO: loadb GRID,495,,-1.35996000E-001,9.14400000E-002,5.94237000E-001                                                                                                                                                                                                      
ECHO: loadb GRID,496,,-1.28558000E-001,9.14400000E-002,5.95890000E-001                                                                                                                                                                                                      
ECHO: loadb GRID,497,,-1.21099000E-001,9.14400000E-002,5.97450000E-001                                                                                                                                                                                                      
ECHO: loadb GRID,498,,-1.13622000E-001,9.14400000E-002,5.98918000E-001                                                                                                                                                                                                      
ECHO: loadb GRID,499,,-1.06127000E-001,9.14400000E-002,6.00291000E-001                                                                                                                                                                                                      
ECHO: loadb GRID,500,,-9.86152000E-002,9.14400000E-002,6.01571000E-001                                                                                                                                                                                                      
ECHO: loadb GRID,501,,-9.10880000E-002,9.14400000E-002,6.02756000E-001                                                                                                                                                                                                      
ECHO: loadb GRID,502,,-8.35467000E-002,9.14400000E-002,6.03848000E-001                                                                                                                                                                                                      
ECHO: loadb GRID,503,,-7.59922000E-002,9.14400000E-002,6.04845000E-001                                                                                                                                                                                                      
ECHO: loadb GRID,504,,-6.84259000E-002,9.14400000E-002,6.05748000E-001                                                                                                                                                                                                      
ECHO: loadb GRID,505,,-6.08489000E-002,9.14400000E-002,6.06555000E-001                                                                                                                                                                                                      
ECHO: loadb GRID,506,,-5.32624000E-002,9.14400000E-002,6.07269000E-001                                                                                                                                                                                                      
ECHO: loadb GRID,507,,-4.56676000E-002,9.14400000E-002,6.07887000E-001                                                                                                                                                                                                      
ECHO: loadb GRID,508,,-3.80657000E-002,9.14400000E-002,6.08410000E-001                                                                                                                                                                                                      
ECHO: loadb GRID,509,,-3.04577000E-002,9.14400000E-002,6.08839000E-001                                                                                                                                                                                                      
ECHO: loadb GRID,510,,-2.28451000E-002,9.14400000E-002,6.09172000E-001                                                                                                                                                                                                      
ECHO: loadb GRID,511,,-1.52288000E-002,9.14400000E-002,6.09410000E-001                                                                                                                                                                                                      
ECHO: loadb GRID,512,,-7.61023000E-003,9.14400000E-002,6.09552000E-001                                                                                                                                                                                                      
ECHO: loadb GRID,513,,9.57557000E-006,9.14400000E-002,6.09600000E-001                                                                                                                                                                                                       
ECHO: loadb GRID,514,,7.62938000E-003,9.14400000E-002,6.09552000E-001                                                                                                                                                                                                       
ECHO: loadb GRID,515,,1.52480000E-002,9.14400000E-002,6.09409000E-001                                                                                                                                                                                                       
ECHO: loadb GRID,516,,2.28642000E-002,9.14400000E-002,6.09171000E-001                                                                                                                                                                                                       
ECHO: loadb GRID,517,,3.04769000E-002,9.14400000E-002,6.08838000E-001                                                                                                                                                                                                       
ECHO: loadb GRID,518,,3.80848000E-002,9.14400000E-002,6.08409000E-001                                                                                                                                                                                                       
ECHO: loadb GRID,519,,4.56867000E-002,9.14400000E-002,6.07886000E-001                                                                                                                                                                                                       
ECHO: loadb GRID,520,,5.32815000E-002,9.14400000E-002,6.07267000E-001                                                                                                                                                                                                       
ECHO: loadb GRID,521,,6.08680000E-002,9.14400000E-002,6.06554000E-001                                                                                                                                                                                                       
ECHO: loadb GRID,522,,6.84450000E-002,9.14400000E-002,6.05745000E-001                                                                                                                                                                                                       
ECHO: loadb GRID,523,,7.60112000E-002,9.14400000E-002,6.04843000E-001                                                                                                                                                                                                       
ECHO: loadb GRID,524,,8.35656000E-002,9.14400000E-002,6.03845000E-001                                                                                                                                                                                                       
ECHO: loadb GRID,525,,9.11070000E-002,9.14400000E-002,6.02753000E-001                                                                                                                                                                                                       
ECHO: loadb GRID,526,,9.86341000E-002,9.14400000E-002,6.01568000E-001                                                                                                                                                                                                       
ECHO: loadb GRID,527,,1.06146000E-001,9.14400000E-002,6.00288000E-001                                                                                                                                                                                                       
ECHO: loadb GRID,528,,1.13641000E-001,9.14400000E-002,5.98914000E-001                                                                                                                                                                                                       
ECHO: loadb GRID,529,,1.21118000E-001,9.14400000E-002,5.97447000E-001                                                                                                                                                                                                       
ECHO: loadb GRID,530,,1.28577000E-001,9.14400000E-002,5.95886000E-001                                                                                                                                                                                                       
ECHO: loadb GRID,531,,1.36015000E-001,9.14400000E-002,5.94232000E-001                                                                                                                                                                                                       
ECHO: loadb GRID,532,,1.43432000E-001,9.14400000E-002,5.92486000E-001                                                                                                                                                                                                       
ECHO: loadb GRID,533,,1.50827000E-001,9.14400000E-002,5.90647000E-001                                                                                                                                                                                                       
ECHO: loadb GRID,534,,-1.50808000E-001,9.90600000E-002,5.90651000E-001                                                                                                                                                                                                      
ECHO: loadb GRID,535,,-1.43413000E-001,9.90600000E-002,5.92490000E-001                                                                                                                                                                                                      
ECHO: loadb GRID,536,,-1.35996000E-001,9.90600000E-002,5.94237000E-001                                                                                                                                                                                                      
ECHO: loadb GRID,537,,-1.28558000E-001,9.90600000E-002,5.95890000E-001                                                                                                                                                                                                      
ECHO: loadb GRID,538,,-1.21099000E-001,9.90600000E-002,5.97450000E-001                                                                                                                                                                                                      
ECHO: loadb GRID,539,,-1.13622000E-001,9.90600000E-002,5.98918000E-001                                                                                                                                                                                                      
ECHO: loadb GRID,540,,-1.06127000E-001,9.90600000E-002,6.00291000E-001                                                                                                                                                                                                      
ECHO: loadb GRID,541,,-9.86152000E-002,9.90600000E-002,6.01571000E-001                                                                                                                                                                                                      
ECHO: loadb GRID,542,,-9.10880000E-002,9.90600000E-002,6.02756000E-001                                                                                                                                                                                                      
ECHO: loadb GRID,543,,-8.35467000E-002,9.90600000E-002,6.03848000E-001                                                                                                                                                                                                      
ECHO: loadb GRID,544,,-7.59922000E-002,9.90600000E-002,6.04845000E-001                                                                                                                                                                                                      
ECHO: loadb GRID,545,,-6.84259000E-002,9.90600000E-002,6.05748000E-001                                                                                                                                                                                                      
ECHO: loadb GRID,546,,-6.08489000E-002,9.90600000E-002,6.06555000E-001                                                                                                                                                                                                      
ECHO: loadb GRID,547,,-5.32624000E-002,9.90600000E-002,6.07269000E-001                                                                                                                                                                                                      
ECHO: loadb GRID,548,,-4.56676000E-002,9.90600000E-002,6.07887000E-001                                                                                                                                                                                                      
ECHO: loadb GRID,549,,-3.80657000E-002,9.90600000E-002,6.08410000E-001                                                                                                                                                                                                      
ECHO: loadb GRID,550,,-3.04577000E-002,9.90600000E-002,6.08839000E-001                                                                                                                                                                                                      
ECHO: loadb GRID,551,,-2.28451000E-002,9.90600000E-002,6.09172000E-001                                                                                                                                                                                                      
ECHO: loadb GRID,552,,-1.52288000E-002,9.90600000E-002,6.09410000E-001                                                                                                                                                                                                      
ECHO: loadb GRID,553,,-7.61023000E-003,9.90600000E-002,6.09552000E-001                                                                                                                                                                                                      
ECHO: loadb GRID,554,,9.57557000E-006,9.90600000E-002,6.09600000E-001                                                                                                                                                                                                       
ECHO: loadb GRID,555,,7.62938000E-003,9.90600000E-002,6.09552000E-001                                                                                                                                                                                                       
ECHO: loadb GRID,556,,1.52480000E-002,9.90600000E-002,6.09409000E-001                                                                                                                                                                                                       
ECHO: loadb GRID,557,,2.28642000E-002,9.90600000E-002,6.09171000E-001                                                                                                                                                                                                       
ECHO: loadb GRID,558,,3.04769000E-002,9.90600000E-002,6.08838000E-001                                                                                                                                                                                                       
ECHO: loadb GRID,559,,3.80848000E-002,9.90600000E-002,6.08409000E-001                                                                                                                                                                                                       
ECHO: loadb GRID,560,,4.56867000E-002,9.90600000E-002,6.07886000E-001                                                                                                                                                                                                       
ECHO: loadb GRID,561,,5.32815000E-002,9.90600000E-002,6.07267000E-001                                                                                                                                                                                                       
ECHO: loadb GRID,562,,6.08680000E-002,9.90600000E-002,6.06554000E-001                                                                                                                                                                                                       
ECHO: loadb GRID,563,,6.84450000E-002,9.90600000E-002,6.05745000E-001                                                                                                                                                                                                       
ECHO: loadb GRID,564,,7.60112000E-002,9.90600000E-002,6.04843000E-001                                                                                                                                                                                                       
ECHO: loadb GRID,565,,8.35656000E-002,9.90600000E-002,6.03845000E-001                                                                                                                                                                                                       
ECHO: loadb GRID,566,,9.11070000E-002,9.90600000E-002,6.02753000E-001                                                                                                                                                                                                       
ECHO: loadb GRID,567,,9.86341000E-002,9.90600000E-002,6.01568000E-001                                                                                                                                                                                                       
ECHO: loadb GRID,568,,1.06146000E-001,9.90600000E-002,6.00288000E-001                                                                                                                                                                                                       
ECHO: loadb GRID,569,,1.13641000E-001,9.90600000E-002,5.98914000E-001                                                                                                                                                                                                       
ECHO: loadb GRID,570,,1.21118000E-001,9.90600000E-002,5.97447000E-001                                                                                                                                                                                                       
ECHO: loadb GRID,571,,1.28577000E-001,9.90600000E-002,5.95886000E-001                                                                                                                                                                                                       
ECHO: loadb GRID,572,,1.36015000E-001,9.90600000E-002,5.94232000E-001                                                                                                                                                                                                       
ECHO: loadb GRID,573,,1.43432000E-001,9.90600000E-002,5.92486000E-001                                                                                                                                                                                                       
ECHO: loadb GRID,574,,1.50827000E-001,9.90600000E-002,5.90647000E-001                                                                                                                                                                                                       
ECHO: loadb GRID,575,,-1.50808000E-001,1.06680000E-001,5.90651000E-001                                                                                                                                                                                                      
ECHO: loadb GRID,576,,-1.43413000E-001,1.06680000E-001,5.92490000E-001                                                                                                                                                                                                      
ECHO: loadb GRID,577,,-1.35996000E-001,1.06680000E-001,5.94237000E-001                                                                                                                                                                                                      
ECHO: loadb GRID,578,,-1.28558000E-001,1.06680000E-001,5.95890000E-001                                                                                                                                                                                                      
ECHO: loadb GRID,579,,-1.21099000E-001,1.06680000E-001,5.97450000E-001                                                                                                                                                                                                      
ECHO: loadb GRID,580,,-1.13622000E-001,1.06680000E-001,5.98918000E-001                                                                                                                                                                                                      
ECHO: loadb GRID,581,,-1.06127000E-001,1.06680000E-001,6.00291000E-001                                                                                                                                                                                                      
ECHO: loadb GRID,582,,-9.86152000E-002,1.06680000E-001,6.01571000E-001                                                                                                                                                                                                      
ECHO: loadb GRID,583,,-9.10880000E-002,1.06680000E-001,6.02756000E-001                                                                                                                                                                                                      
ECHO: loadb GRID,584,,-8.35467000E-002,1.06680000E-001,6.03848000E-001                                                                                                                                                                                                      
ECHO: loadb GRID,585,,-7.59922000E-002,1.06680000E-001,6.04845000E-001                                                                                                                                                                                                      
ECHO: loadb GRID,586,,-6.84259000E-002,1.06680000E-001,6.05748000E-001                                                                                                                                                                                                      
ECHO: loadb GRID,587,,-6.08489000E-002,1.06680000E-001,6.06555000E-001                                                                                                                                                                                                      
ECHO: loadb GRID,588,,-5.32624000E-002,1.06680000E-001,6.07269000E-001                                                                                                                                                                                                      
ECHO: loadb GRID,589,,-4.56676000E-002,1.06680000E-001,6.07887000E-001                                                                                                                                                                                                      
ECHO: loadb GRID,590,,-3.80657000E-002,1.06680000E-001,6.08410000E-001                                                                                                                                                                                                      
ECHO: loadb GRID,591,,-3.04577000E-002,1.06680000E-001,6.08839000E-001                                                                                                                                                                                                      
ECHO: loadb GRID,592,,-2.28451000E-002,1.06680000E-001,6.09172000E-001                                                                                                                                                                                                      
ECHO: loadb GRID,593,,-1.52288000E-002,1.06680000E-001,6.09410000E-001                                                                                                                                                                                                      
ECHO: loadb GRID,594,,-7.61023000E-003,1.06680000E-001,6.09552000E-001                                                                                                                                                                                                      
ECHO: loadb GRID,595,,9.57557000E-006,1.06680000E-001,6.09600000E-001                                                                                                                                                                                                       
ECHO: loadb GRID,596,,7.62938000E-003,1.06680000E-001,6.09552000E-001                                                                                                                                                                                                       
ECHO: loadb GRID,597,,1.52480000E-002,1.06680000E-001,6.09409000E-001                                                                                                                                                                                                       
ECHO: loadb GRID,598,,2.28642000E-002,1.06680000E-001,6.09171000E-001                                                                                                                                                                                                       
ECHO: loadb GRID,599,,3.04769000E-002,1.06680000E-001,6.08838000E-001                                                                                                                                                                                                       
ECHO: loadb GRID,600,,3.80848000E-002,1.06680000E-001,6.08409000E-001                                                                                                                                                                                                       
ECHO: loadb GRID,601,,4.56867000E-002,1.06680000E-001,6.07886000E-001                                                                                                                                                                                                       
ECHO: loadb GRID,602,,5.32815000E-002,1.06680000E-001,6.07267000E-001                                                                                                                                                                                                       
ECHO: loadb GRID,603,,6.08680000E-002,1.06680000E-001,6.06554000E-001                                                                                                                                                                                                       
ECHO: loadb GRID,604,,6.84450000E-002,1.06680000E-001,6.05745000E-001                                                                                                                                                                                                       
ECHO: loadb GRID,605,,7.60112000E-002,1.06680000E-001,6.04843000E-001                                                                                                                                                                                                       
ECHO: loadb GRID,606,,8.35656000E-002,1.06680000E-001,6.03845000E-001                                                                                                                                                                                                       
ECHO: loadb GRID,607,,9.11070000E-002,1.06680000E-001,6.02753000E-001                                                                                                                                                                                                       
ECHO: loadb GRID,608,,9.86341000E-002,1.06680000E-001,6.01568000E-001                                                                                                                                                                                                       
ECHO: loadb GRID,609,,1.06146000E-001,1.06680000E-001,6.00288000E-001                                                                                                                                                                                                       
ECHO: loadb GRID,610,,1.13641000E-001,1.06680000E-001,5.98914000E-001                                                                                                                                                                                                       
ECHO: loadb GRID,611,,1.21118000E-001,1.06680000E-001,5.97447000E-001                                                                                                                                                                                                       
ECHO: loadb GRID,612,,1.28577000E-001,1.06680000E-001,5.95886000E-001                                                                                                                                                                                                       
ECHO: loadb GRID,613,,1.36015000E-001,1.06680000E-001,5.94232000E-001                                                                                                                                                                                                       
ECHO: loadb GRID,614,,1.43432000E-001,1.06680000E-001,5.92486000E-001                                                                                                                                                                                                       
ECHO: loadb GRID,615,,1.50827000E-001,1.06680000E-001,5.90647000E-001                                                                                                                                                                                                       
ECHO: loadb GRID,616,,-1.50808000E-001,1.14300000E-001,5.90651000E-001                                                                                                                                                                                                      
ECHO: loadb GRID,617,,-1.43413000E-001,1.14300000E-001,5.92490000E-001                                                                                                                                                                                                      
ECHO: loadb GRID,618,,-1.35996000E-001,1.14300000E-001,5.94237000E-001                                                                                                                                                                                                      
ECHO: loadb GRID,619,,-1.28558000E-001,1.14300000E-001,5.95890000E-001                                                                                                                                                                                                      
ECHO: loadb GRID,620,,-1.21099000E-001,1.14300000E-001,5.97450000E-001                                                                                                                                                                                                      
ECHO: loadb GRID,621,,-1.13622000E-001,1.14300000E-001,5.98918000E-001                                                                                                                                                                                                      
ECHO: loadb GRID,622,,-1.06127000E-001,1.14300000E-001,6.00291000E-001                                                                                                                                                                                                      
ECHO: loadb GRID,623,,-9.86152000E-002,1.14300000E-001,6.01571000E-001                                                                                                                                                                                                      
ECHO: loadb GRID,624,,-9.10880000E-002,1.14300000E-001,6.02756000E-001                                                                                                                                                                                                      
ECHO: loadb GRID,625,,-8.35467000E-002,1.14300000E-001,6.03848000E-001                                                                                                                                                                                                      
ECHO: loadb GRID,626,,-7.59922000E-002,1.14300000E-001,6.04845000E-001                                                                                                                                                                                                      
ECHO: loadb GRID,627,,-6.84259000E-002,1.14300000E-001,6.05748000E-001                                                                                                                                                                                                      
ECHO: loadb GRID,628,,-6.08489000E-002,1.14300000E-001,6.06555000E-001                                                                                                                                                                                                      
ECHO: loadb GRID,629,,-5.32624000E-002,1.14300000E-001,6.07269000E-001                                                                                                                                                                                                      
ECHO: loadb GRID,630,,-4.56676000E-002,1.14300000E-001,6.07887000E-001                                                                                                                                                                                                      
ECHO: loadb GRID,631,,-3.80657000E-002,1.14300000E-001,6.08410000E-001                                                                                                                                                                                                      
ECHO: loadb GRID,632,,-3.04577000E-002,1.14300000E-001,6.08839000E-001                                                                                                                                                                                                      
ECHO: loadb GRID,633,,-2.28451000E-002,1.14300000E-001,6.09172000E-001                                                                                                                                                                                                      
ECHO: loadb GRID,634,,-1.52288000E-002,1.14300000E-001,6.09410000E-001                                                                                                                                                                                                      
ECHO: loadb GRID,635,,-7.61023000E-003,1.14300000E-001,6.09552000E-001                                                                                                                                                                                                      
ECHO: loadb GRID,636,,9.57557000E-006,1.14300000E-001,6.09600000E-001                                                                                                                                                                                                       
ECHO: loadb GRID,637,,7.62938000E-003,1.14300000E-001,6.09552000E-001                                                                                                                                                                                                       
ECHO: loadb GRID,638,,1.52480000E-002,1.14300000E-001,6.09409000E-001                                                                                                                                                                                                       
ECHO: loadb GRID,639,,2.28642000E-002,1.14300000E-001,6.09171000E-001                                                                                                                                                                                                       
ECHO: loadb GRID,640,,3.04769000E-002,1.14300000E-001,6.08838000E-001                                                                                                                                                                                                       
ECHO: loadb GRID,641,,3.80848000E-002,1.14300000E-001,6.08409000E-001                                                                                                                                                                                                       
ECHO: loadb GRID,642,,4.56867000E-002,1.14300000E-001,6.07886000E-001                                                                                                                                                                                                       
ECHO: loadb GRID,643,,5.32815000E-002,1.14300000E-001,6.07267000E-001                                                                                                                                                                                                       
ECHO: loadb GRID,644,,6.08680000E-002,1.14300000E-001,6.06554000E-001                                                                                                                                                                                                       
ECHO: loadb GRID,645,,6.84450000E-002,1.14300000E-001,6.05745000E-001                                                                                                                                                                                                       
ECHO: loadb GRID,646,,7.60112000E-002,1.14300000E-001,6.04843000E-001                                                                                                                                                                                                       
ECHO: loadb GRID,647,,8.35656000E-002,1.14300000E-001,6.03845000E-001                                                                                                                                                                                                       
ECHO: loadb GRID,648,,9.11070000E-002,1.14300000E-001,6.02753000E-001                                                                                                                                                                                                       
ECHO: loadb GRID,649,,9.86341000E-002,1.14300000E-001,6.01568000E-001                                                                                                                                                                                                       
ECHO: loadb GRID,650,,1.06146000E-001,1.14300000E-001,6.00288000E-001                                                                                                                                                                                                       
ECHO: loadb GRID,651,,1.13641000E-001,1.14300000E-001,5.98914000E-001                                                                                                                                                                                                       
ECHO: loadb GRID,652,,1.21118000E-001,1.14300000E-001,5.97447000E-001                                                                                                                                                                                                       
ECHO: loadb GRID,653,,1.28577000E-001,1.14300000E-001,5.95886000E-001                                                                                                                                                                                                       
ECHO: loadb GRID,654,,1.36015000E-001,1.14300000E-001,5.94232000E-001                                                                                                                                                                                                       
ECHO: loadb GRID,655,,1.43432000E-001,1.14300000E-001,5.92486000E-001                                                                                                                                                                                                       
ECHO: loadb GRID,656,,1.50827000E-001,1.14300000E-001,5.90647000E-001                                                                                                                                                                                                       
ECHO: loadb GRID,657,,-1.50808000E-001,1.21920000E-001,5.90651000E-001                                                                                                                                                                                                      
ECHO: loadb GRID,658,,-1.43413000E-001,1.21920000E-001,5.92490000E-001                                                                                                                                                                                                      
ECHO: loadb GRID,659,,-1.35996000E-001,1.21920000E-001,5.94237000E-001                                                                                                                                                                                                      
ECHO: loadb GRID,660,,-1.28558000E-001,1.21920000E-001,5.95890000E-001                                                                                                                                                                                                      
ECHO: loadb GRID,661,,-1.21099000E-001,1.21920000E-001,5.97450000E-001                                                                                                                                                                                                      
ECHO: loadb GRID,662,,-1.13622000E-001,1.21920000E-001,5.98918000E-001                                                                                                                                                                                                      
ECHO: loadb GRID,663,,-1.06127000E-001,1.21920000E-001,6.00291000E-001                                                                                                                                                                                                      
ECHO: loadb GRID,664,,-9.86152000E-002,1.21920000E-001,6.01571000E-001                                                                                                                                                                                                      
ECHO: loadb GRID,665,,-9.10880000E-002,1.21920000E-001,6.02756000E-001                                                                                                                                                                                                      
ECHO: loadb GRID,666,,-8.35467000E-002,1.21920000E-001,6.03848000E-001                                                                                                                                                                                                      
ECHO: loadb GRID,667,,-7.59922000E-002,1.21920000E-001,6.04845000E-001                                                                                                                                                                                                      
ECHO: loadb GRID,668,,-6.84259000E-002,1.21920000E-001,6.05748000E-001                                                                                                                                                                                                      
ECHO: loadb GRID,669,,-6.08489000E-002,1.21920000E-001,6.06555000E-001                                                                                                                                                                                                      
ECHO: loadb GRID,670,,-5.32624000E-002,1.21920000E-001,6.07269000E-001                                                                                                                                                                                                      
ECHO: loadb GRID,671,,-4.56676000E-002,1.21920000E-001,6.07887000E-001                                                                                                                                                                                                      
ECHO: loadb GRID,672,,-3.80657000E-002,1.21920000E-001,6.08410000E-001                                                                                                                                                                                                      
ECHO: loadb GRID,673,,-3.04577000E-002,1.21920000E-001,6.08839000E-001                                                                                                                                                                                                      
ECHO: loadb GRID,674,,-2.28451000E-002,1.21920000E-001,6.09172000E-001                                                                                                                                                                                                      
ECHO: loadb GRID,675,,-1.52288000E-002,1.21920000E-001,6.09410000E-001                                                                                                                                                                                                      
ECHO: loadb GRID,676,,-7.61023000E-003,1.21920000E-001,6.09552000E-001                                                                                                                                                                                                      
ECHO: loadb GRID,677,,9.57557000E-006,1.21920000E-001,6.09600000E-001                                                                                                                                                                                                       
ECHO: loadb GRID,678,,7.62938000E-003,1.21920000E-001,6.09552000E-001                                                                                                                                                                                                       
ECHO: loadb GRID,679,,1.52480000E-002,1.21920000E-001,6.09409000E-001                                                                                                                                                                                                       
ECHO: loadb GRID,680,,2.28642000E-002,1.21920000E-001,6.09171000E-001                                                                                                                                                                                                       
ECHO: loadb GRID,681,,3.04769000E-002,1.21920000E-001,6.08838000E-001                                                                                                                                                                                                       
ECHO: loadb GRID,682,,3.80848000E-002,1.21920000E-001,6.08409000E-001                                                                                                                                                                                                       
ECHO: loadb GRID,683,,4.56867000E-002,1.21920000E-001,6.07886000E-001                                                                                                                                                                                                       
ECHO: loadb GRID,684,,5.32815000E-002,1.21920000E-001,6.07267000E-001                                                                                                                                                                                                       
ECHO: loadb GRID,685,,6.08680000E-002,1.21920000E-001,6.06554000E-001                                                                                                                                                                                                       
ECHO: loadb GRID,686,,6.84450000E-002,1.21920000E-001,6.05745000E-001                                                                                                                                                                                                       
ECHO: loadb GRID,687,,7.60112000E-002,1.21920000E-001,6.04843000E-001                                                                                                                                                                                                       
ECHO: loadb GRID,688,,8.35656000E-002,1.21920000E-001,6.03845000E-001                                                                                                                                                                                                       
ECHO: loadb GRID,689,,9.11070000E-002,1.21920000E-001,6.02753000E-001                                                                                                                                                                                                       
ECHO: loadb GRID,690,,9.86341000E-002,1.21920000E-001,6.01568000E-001                                                                                                                                                                                                       
ECHO: loadb GRID,691,,1.06146000E-001,1.21920000E-001,6.00288000E-001                                                                                                                                                                                                       
ECHO: loadb GRID,692,,1.13641000E-001,1.21920000E-001,5.98914000E-001                                                                                                                                                                                                       
ECHO: loadb GRID,693,,1.21118000E-001,1.21920000E-001,5.97447000E-001                                                                                                                                                                                                       
ECHO: loadb GRID,694,,1.28577000E-001,1.21920000E-001,5.95886000E-001                                                                                                                                                                                                       
ECHO: loadb GRID,695,,1.36015000E-001,1.21920000E-001,5.94232000E-001                                                                                                                                                                                                       
ECHO: loadb GRID,696,,1.43432000E-001,1.21920000E-001,5.92486000E-001                                                                                                                                                                                                       
ECHO: loadb GRID,697,,1.50827000E-001,1.21920000E-001,5.90647000E-001                                                                                                                                                                                                       
ECHO: loadb GRID,698,,-1.50808000E-001,1.29540000E-001,5.90651000E-001                                                                                                                                                                                                      
ECHO: loadb GRID,699,,-1.43413000E-001,1.29540000E-001,5.92490000E-001                                                                                                                                                                                                      
ECHO: loadb GRID,700,,-1.35996000E-001,1.29540000E-001,5.94237000E-001                                                                                                                                                                                                      
ECHO: loadb GRID,701,,-1.28558000E-001,1.29540000E-001,5.95890000E-001                                                                                                                                                                                                      
ECHO: loadb GRID,702,,-1.21099000E-001,1.29540000E-001,5.97450000E-001                                                                                                                                                                                                      
ECHO: loadb GRID,703,,-1.13622000E-001,1.29540000E-001,5.98918000E-001                                                                                                                                                                                                      
ECHO: loadb GRID,704,,-1.06127000E-001,1.29540000E-001,6.00291000E-001                                                                                                                                                                                                      
ECHO: loadb GRID,705,,-9.86152000E-002,1.29540000E-001,6.01571000E-001                                                                                                                                                                                                      
ECHO: loadb GRID,706,,-9.10880000E-002,1.29540000E-001,6.02756000E-001                                                                                                                                                                                                      
ECHO: loadb GRID,707,,-8.35467000E-002,1.29540000E-001,6.03848000E-001                                                                                                                                                                                                      
ECHO: loadb GRID,708,,-7.59922000E-002,1.29540000E-001,6.04845000E-001                                                                                                                                                                                                      
ECHO: loadb GRID,709,,-6.84259000E-002,1.29540000E-001,6.05748000E-001                                                                                                                                                                                                      
ECHO: loadb GRID,710,,-6.08489000E-002,1.29540000E-001,6.06555000E-001                                                                                                                                                                                                      
ECHO: loadb GRID,711,,-5.32624000E-002,1.29540000E-001,6.07269000E-001                                                                                                                                                                                                      
ECHO: loadb GRID,712,,-4.56676000E-002,1.29540000E-001,6.07887000E-001                                                                                                                                                                                                      
ECHO: loadb GRID,713,,-3.80657000E-002,1.29540000E-001,6.08410000E-001                                                                                                                                                                                                      
ECHO: loadb GRID,714,,-3.04577000E-002,1.29540000E-001,6.08839000E-001                                                                                                                                                                                                      
ECHO: loadb GRID,715,,-2.28451000E-002,1.29540000E-001,6.09172000E-001                                                                                                                                                                                                      
ECHO: loadb GRID,716,,-1.52288000E-002,1.29540000E-001,6.09410000E-001                                                                                                                                                                                                      
ECHO: loadb GRID,717,,-7.61023000E-003,1.29540000E-001,6.09552000E-001                                                                                                                                                                                                      
ECHO: loadb GRID,718,,9.57557000E-006,1.29540000E-001,6.09600000E-001                                                                                                                                                                                                       
ECHO: loadb GRID,719,,7.62938000E-003,1.29540000E-001,6.09552000E-001                                                                                                                                                                                                       
ECHO: loadb GRID,720,,1.52480000E-002,1.29540000E-001,6.09409000E-001                                                                                                                                                                                                       
ECHO: loadb GRID,721,,2.28642000E-002,1.29540000E-001,6.09171000E-001                                                                                                                                                                                                       
ECHO: loadb GRID,722,,3.04769000E-002,1.29540000E-001,6.08838000E-001                                                                                                                                                                                                       
ECHO: loadb GRID,723,,3.80848000E-002,1.29540000E-001,6.08409000E-001                                                                                                                                                                                                       
ECHO: loadb GRID,724,,4.56867000E-002,1.29540000E-001,6.07886000E-001                                                                                                                                                                                                       
ECHO: loadb GRID,725,,5.32815000E-002,1.29540000E-001,6.07267000E-001                                                                                                                                                                                                       
ECHO: loadb GRID,726,,6.08680000E-002,1.29540000E-001,6.06554000E-001                                                                                                                                                                                                       
ECHO: loadb GRID,727,,6.84450000E-002,1.29540000E-001,6.05745000E-001                                                                                                                                                                                                       
ECHO: loadb GRID,728,,7.60112000E-002,1.29540000E-001,6.04843000E-001                                                                                                                                                                                                       
ECHO: loadb GRID,729,,8.35656000E-002,1.29540000E-001,6.03845000E-001                                                                                                                                                                                                       
ECHO: loadb GRID,730,,9.11070000E-002,1.29540000E-001,6.02753000E-001                                                                                                                                                                                                       
ECHO: loadb GRID,731,,9.86341000E-002,1.29540000E-001,6.01568000E-001                                                                                                                                                                                                       
ECHO: loadb GRID,732,,1.06146000E-001,1.29540000E-001,6.00288000E-001                                                                                                                                                                                                       
ECHO: loadb GRID,733,,1.13641000E-001,1.29540000E-001,5.98914000E-001                                                                                                                                                                                                       
ECHO: loadb GRID,734,,1.21118000E-001,1.29540000E-001,5.97447000E-001                                                                                                                                                                                                       
ECHO: loadb GRID,735,,1.28577000E-001,1.29540000E-001,5.95886000E-001                                                                                                                                                                                                       
ECHO: loadb GRID,736,,1.36015000E-001,1.29540000E-001,5.94232000E-001                                                                                                                                                                                                       
ECHO: loadb GRID,737,,1.43432000E-001,1.29540000E-001,5.92486000E-001                                                                                                                                                                                                       
ECHO: loadb GRID,738,,1.50827000E-001,1.29540000E-001,5.90647000E-001                                                                                                                                                                                                       
ECHO: loadb GRID,739,,-1.50808000E-001,1.37160000E-001,5.90651000E-001                                                                                                                                                                                                      
ECHO: loadb GRID,740,,-1.43413000E-001,1.37160000E-001,5.92490000E-001                                                                                                                                                                                                      
ECHO: loadb GRID,741,,-1.35996000E-001,1.37160000E-001,5.94237000E-001                                                                                                                                                                                                      
ECHO: loadb GRID,742,,-1.28558000E-001,1.37160000E-001,5.95890000E-001                                                                                                                                                                                                      
ECHO: loadb GRID,743,,-1.21099000E-001,1.37160000E-001,5.97450000E-001                                                                                                                                                                                                      
ECHO: loadb GRID,744,,-1.13622000E-001,1.37160000E-001,5.98918000E-001                                                                                                                                                                                                      
ECHO: loadb GRID,745,,-1.06127000E-001,1.37160000E-001,6.00291000E-001                                                                                                                                                                                                      
ECHO: loadb GRID,746,,-9.86152000E-002,1.37160000E-001,6.01571000E-001                                                                                                                                                                                                      
ECHO: loadb GRID,747,,-9.10880000E-002,1.37160000E-001,6.02756000E-001                                                                                                                                                                                                      
ECHO: loadb GRID,748,,-8.35467000E-002,1.37160000E-001,6.03848000E-001                                                                                                                                                                                                      
ECHO: loadb GRID,749,,-7.59922000E-002,1.37160000E-001,6.04845000E-001                                                                                                                                                                                                      
ECHO: loadb GRID,750,,-6.84259000E-002,1.37160000E-001,6.05748000E-001                                                                                                                                                                                                      
ECHO: loadb GRID,751,,-6.08489000E-002,1.37160000E-001,6.06555000E-001                                                                                                                                                                                                      
ECHO: loadb GRID,752,,-5.32624000E-002,1.37160000E-001,6.07269000E-001                                                                                                                                                                                                      
ECHO: loadb GRID,753,,-4.56676000E-002,1.37160000E-001,6.07887000E-001                                                                                                                                                                                                      
ECHO: loadb GRID,754,,-3.80657000E-002,1.37160000E-001,6.08410000E-001                                                                                                                                                                                                      
ECHO: loadb GRID,755,,-3.04577000E-002,1.37160000E-001,6.08839000E-001                                                                                                                                                                                                      
ECHO: loadb GRID,756,,-2.28451000E-002,1.37160000E-001,6.09172000E-001                                                                                                                                                                                                      
ECHO: loadb GRID,757,,-1.52288000E-002,1.37160000E-001,6.09410000E-001                                                                                                                                                                                                      
ECHO: loadb GRID,758,,-7.61023000E-003,1.37160000E-001,6.09552000E-001                                                                                                                                                                                                      
ECHO: loadb GRID,759,,9.57557000E-006,1.37160000E-001,6.09600000E-001                                                                                                                                                                                                       
ECHO: loadb GRID,760,,7.62938000E-003,1.37160000E-001,6.09552000E-001                                                                                                                                                                                                       
ECHO: loadb GRID,761,,1.52480000E-002,1.37160000E-001,6.09409000E-001                                                                                                                                                                                                       
ECHO: loadb GRID,762,,2.28642000E-002,1.37160000E-001,6.09171000E-001                                                                                                                                                                                                       
ECHO: loadb GRID,763,,3.04769000E-002,1.37160000E-001,6.08838000E-001                                                                                                                                                                                                       
ECHO: loadb GRID,764,,3.80848000E-002,1.37160000E-001,6.08409000E-001                                                                                                                                                                                                       
ECHO: loadb GRID,765,,4.56867000E-002,1.37160000E-001,6.07886000E-001                                                                                                                                                                                                       
ECHO: loadb GRID,766,,5.32815000E-002,1.37160000E-001,6.07267000E-001                                                                                                                                                                                                       
ECHO: loadb GRID,767,,6.08680000E-002,1.37160000E-001,6.06554000E-001                                                                                                                                                                                                       
ECHO: loadb GRID,768,,6.84450000E-002,1.37160000E-001,6.05745000E-001                                                                                                                                                                                                       
ECHO: loadb GRID,769,,7.60112000E-002,1.37160000E-001,6.04843000E-001                                                                                                                                                                                                       
ECHO: loadb GRID,770,,8.35656000E-002,1.37160000E-001,6.03845000E-001                                                                                                                                                                                                       
ECHO: loadb GRID,771,,9.11070000E-002,1.37160000E-001,6.02753000E-001                                                                                                                                                                                                       
ECHO: loadb GRID,772,,9.86341000E-002,1.37160000E-001,6.01568000E-001                                                                                                                                                                                                       
ECHO: loadb GRID,773,,1.06146000E-001,1.37160000E-001,6.00288000E-001                                                                                                                                                                                                       
ECHO: loadb GRID,774,,1.13641000E-001,1.37160000E-001,5.98914000E-001                                                                                                                                                                                                       
ECHO: loadb GRID,775,,1.21118000E-001,1.37160000E-001,5.97447000E-001                                                                                                                                                                                                       
ECHO: loadb GRID,776,,1.28577000E-001,1.37160000E-001,5.95886000E-001                                                                                                                                                                                                       
ECHO: loadb GRID,777,,1.36015000E-001,1.37160000E-001,5.94232000E-001                                                                                                                                                                                                       
ECHO: loadb GRID,778,,1.43432000E-001,1.37160000E-001,5.92486000E-001                                                                                                                                                                                                       
ECHO: loadb GRID,779,,1.50827000E-001,1.37160000E-001,5.90647000E-001                                                                                                                                                                                                       
ECHO: loadb GRID,780,,-1.50808000E-001,1.44780000E-001,5.90651000E-001                                                                                                                                                                                                      
ECHO: loadb GRID,781,,-1.43413000E-001,1.44780000E-001,5.92490000E-001                                                                                                                                                                                                      
ECHO: loadb GRID,782,,-1.35996000E-001,1.44780000E-001,5.94237000E-001                                                                                                                                                                                                      
ECHO: loadb GRID,783,,-1.28558000E-001,1.44780000E-001,5.95890000E-001                                                                                                                                                                                                      
ECHO: loadb GRID,784,,-1.21099000E-001,1.44780000E-001,5.97450000E-001                                                                                                                                                                                                      
ECHO: loadb GRID,785,,-1.13622000E-001,1.44780000E-001,5.98918000E-001                                                                                                                                                                                                      
ECHO: loadb GRID,786,,-1.06127000E-001,1.44780000E-001,6.00291000E-001                                                                                                                                                                                                      
ECHO: loadb GRID,787,,-9.86152000E-002,1.44780000E-001,6.01571000E-001                                                                                                                                                                                                      
ECHO: loadb GRID,788,,-9.10880000E-002,1.44780000E-001,6.02756000E-001                                                                                                                                                                                                      
ECHO: loadb GRID,789,,-8.35467000E-002,1.44780000E-001,6.03848000E-001                                                                                                                                                                                                      
ECHO: loadb GRID,790,,-7.59922000E-002,1.44780000E-001,6.04845000E-001                                                                                                                                                                                                      
ECHO: loadb GRID,791,,-6.84259000E-002,1.44780000E-001,6.05748000E-001                                                                                                                                                                                                      
ECHO: loadb GRID,792,,-6.08489000E-002,1.44780000E-001,6.06555000E-001                                                                                                                                                                                                      
ECHO: loadb GRID,793,,-5.32624000E-002,1.44780000E-001,6.07269000E-001                                                                                                                                                                                                      
ECHO: loadb GRID,794,,-4.56676000E-002,1.44780000E-001,6.07887000E-001                                                                                                                                                                                                      
ECHO: loadb GRID,795,,-3.80657000E-002,1.44780000E-001,6.08410000E-001                                                                                                                                                                                                      
ECHO: loadb GRID,796,,-3.04577000E-002,1.44780000E-001,6.08839000E-001                                                                                                                                                                                                      
ECHO: loadb GRID,797,,-2.28451000E-002,1.44780000E-001,6.09172000E-001                                                                                                                                                                                                      
ECHO: loadb GRID,798,,-1.52288000E-002,1.44780000E-001,6.09410000E-001                                                                                                                                                                                                      
ECHO: loadb GRID,799,,-7.61023000E-003,1.44780000E-001,6.09552000E-001                                                                                                                                                                                                      
ECHO: loadb GRID,800,,9.57557000E-006,1.44780000E-001,6.09600000E-001                                                                                                                                                                                                       
ECHO: loadb GRID,801,,7.62938000E-003,1.44780000E-001,6.09552000E-001                                                                                                                                                                                                       
ECHO: loadb GRID,802,,1.52480000E-002,1.44780000E-001,6.09409000E-001                                                                                                                                                                                                       
ECHO: loadb GRID,803,,2.28642000E-002,1.44780000E-001,6.09171000E-001                                                                                                                                                                                                       
ECHO: loadb GRID,804,,3.04769000E-002,1.44780000E-001,6.08838000E-001                                                                                                                                                                                                       
ECHO: loadb GRID,805,,3.80848000E-002,1.44780000E-001,6.08409000E-001                                                                                                                                                                                                       
ECHO: loadb GRID,806,,4.56867000E-002,1.44780000E-001,6.07886000E-001                                                                                                                                                                                                       
ECHO: loadb GRID,807,,5.32815000E-002,1.44780000E-001,6.07267000E-001                                                                                                                                                                                                       
ECHO: loadb GRID,808,,6.08680000E-002,1.44780000E-001,6.06554000E-001                                                                                                                                                                                                       
ECHO: loadb GRID,809,,6.84450000E-002,1.44780000E-001,6.05745000E-001                                                                                                                                                                                                       
ECHO: loadb GRID,810,,7.60112000E-002,1.44780000E-001,6.04843000E-001                                                                                                                                                                                                       
ECHO: loadb GRID,811,,8.35656000E-002,1.44780000E-001,6.03845000E-001                                                                                                                                                                                                       
ECHO: loadb GRID,812,,9.11070000E-002,1.44780000E-001,6.02753000E-001                                                                                                                                                                                                       
ECHO: loadb GRID,813,,9.86341000E-002,1.44780000E-001,6.01568000E-001                                                                                                                                                                                                       
ECHO: loadb GRID,814,,1.06146000E-001,1.44780000E-001,6.00288000E-001                                                                                                                                                                                                       
ECHO: loadb GRID,815,,1.13641000E-001,1.44780000E-001,5.98914000E-001                                                                                                                                                                                                       
ECHO: loadb GRID,816,,1.21118000E-001,1.44780000E-001,5.97447000E-001                                                                                                                                                                                                       
ECHO: loadb GRID,817,,1.28577000E-001,1.44780000E-001,5.95886000E-001                                                                                                                                                                                                       
ECHO: loadb GRID,818,,1.36015000E-001,1.44780000E-001,5.94232000E-001                                                                                                                                                                                                       
ECHO: loadb GRID,819,,1.43432000E-001,1.44780000E-001,5.92486000E-001                                                                                                                                                                                                       
ECHO: loadb GRID,820,,1.50827000E-001,1.44780000E-001,5.90647000E-001                                                                                                                                                                                                       
ECHO: loadb GRID,821,,-1.50808000E-001,1.52400000E-001,5.90651000E-001                                                                                                                                                                                                      
ECHO: loadb GRID,822,,-1.43413000E-001,1.52400000E-001,5.92490000E-001                                                                                                                                                                                                      
ECHO: loadb GRID,823,,-1.35996000E-001,1.52400000E-001,5.94237000E-001                                                                                                                                                                                                      
ECHO: loadb GRID,824,,-1.28558000E-001,1.52400000E-001,5.95890000E-001                                                                                                                                                                                                      
ECHO: loadb GRID,825,,-1.21099000E-001,1.52400000E-001,5.97450000E-001                                                                                                                                                                                                      
ECHO: loadb GRID,826,,-1.13622000E-001,1.52400000E-001,5.98918000E-001                                                                                                                                                                                                      
ECHO: loadb GRID,827,,-1.06127000E-001,1.52400000E-001,6.00291000E-001                                                                                                                                                                                                      
ECHO: loadb GRID,828,,-9.86152000E-002,1.52400000E-001,6.01571000E-001                                                                                                                                                                                                      
ECHO: loadb GRID,829,,-9.10880000E-002,1.52400000E-001,6.02756000E-001                                                                                                                                                                                                      
ECHO: loadb GRID,830,,-8.35467000E-002,1.52400000E-001,6.03848000E-001                                                                                                                                                                                                      
ECHO: loadb GRID,831,,-7.59922000E-002,1.52400000E-001,6.04845000E-001                                                                                                                                                                                                      
ECHO: loadb GRID,832,,-6.84259000E-002,1.52400000E-001,6.05748000E-001                                                                                                                                                                                                      
ECHO: loadb GRID,833,,-6.08489000E-002,1.52400000E-001,6.06555000E-001                                                                                                                                                                                                      
ECHO: loadb GRID,834,,-5.32624000E-002,1.52400000E-001,6.07269000E-001                                                                                                                                                                                                      
ECHO: loadb GRID,835,,-4.56676000E-002,1.52400000E-001,6.07887000E-001                                                                                                                                                                                                      
ECHO: loadb GRID,836,,-3.80657000E-002,1.52400000E-001,6.08410000E-001                                                                                                                                                                                                      
ECHO: loadb GRID,837,,-3.04577000E-002,1.52400000E-001,6.08839000E-001                                                                                                                                                                                                      
ECHO: loadb GRID,838,,-2.28451000E-002,1.52400000E-001,6.09172000E-001                                                                                                                                                                                                      
ECHO: loadb GRID,839,,-1.52288000E-002,1.52400000E-001,6.09410000E-001                                                                                                                                                                                                      
ECHO: loadb GRID,840,,-7.61023000E-003,1.52400000E-001,6.09552000E-001                                                                                                                                                                                                      
ECHO: loadb GRID,841,,9.57557000E-006,1.52400000E-001,6.09600000E-001                                                                                                                                                                                                       
ECHO: loadb GRID,842,,7.62938000E-003,1.52400000E-001,6.09552000E-001                                                                                                                                                                                                       
ECHO: loadb GRID,843,,1.52480000E-002,1.52400000E-001,6.09409000E-001                                                                                                                                                                                                       
ECHO: loadb GRID,844,,2.28642000E-002,1.52400000E-001,6.09171000E-001                                                                                                                                                                                                       
ECHO: loadb GRID,845,,3.04769000E-002,1.52400000E-001,6.08838000E-001                                                                                                                                                                                                       
ECHO: loadb GRID,846,,3.80848000E-002,1.52400000E-001,6.08409000E-001                                                                                                                                                                                                       
ECHO: loadb GRID,847,,4.56867000E-002,1.52400000E-001,6.07886000E-001                                                                                                                                                                                                       
ECHO: loadb GRID,848,,5.32815000E-002,1.52400000E-001,6.07267000E-001                                                                                                                                                                                                       
ECHO: loadb GRID,849,,6.08680000E-002,1.52400000E-001,6.06554000E-001                                                                                                                                                                                                       
ECHO: loadb GRID,850,,6.84450000E-002,1.52400000E-001,6.05745000E-001                                                                                                                                                                                                       
ECHO: loadb GRID,851,,7.60112000E-002,1.52400000E-001,6.04843000E-001                                                                                                                                                                                                       
ECHO: loadb GRID,852,,8.35656000E-002,1.52400000E-001,6.03845000E-001                                                                                                                                                                                                       
ECHO: loadb GRID,853,,9.11070000E-002,1.52400000E-001,6.02753000E-001                                                                                                                                                                                                       
ECHO: loadb GRID,854,,9.86341000E-002,1.52400000E-001,6.01568000E-001                                                                                                                                                                                                       
ECHO: loadb GRID,855,,1.06146000E-001,1.52400000E-001,6.00288000E-001                                                                                                                                                                                                       
ECHO: loadb GRID,856,,1.13641000E-001,1.52400000E-001,5.98914000E-001                                                                                                                                                                                                       
ECHO: loadb GRID,857,,1.21118000E-001,1.52400000E-001,5.97447000E-001                                                                                                                                                                                                       
ECHO: loadb GRID,858,,1.28577000E-001,1.52400000E-001,5.95886000E-001                                                                                                                                                                                                       
ECHO: loadb GRID,859,,1.36015000E-001,1.52400000E-001,5.94232000E-001                                                                                                                                                                                                       
ECHO: loadb GRID,860,,1.43432000E-001,1.52400000E-001,5.92486000E-001                                                                                                                                                                                                       
ECHO: loadb GRID,861,,1.50827000E-001,1.52400000E-001,5.90647000E-001                                                                                                                                                                                                       
ECHO: loadb GRID,862,,-1.50808000E-001,1.60020000E-001,5.90651000E-001                                                                                                                                                                                                      
ECHO: loadb GRID,863,,-1.43413000E-001,1.60020000E-001,5.92490000E-001                                                                                                                                                                                                      
ECHO: loadb GRID,864,,-1.35996000E-001,1.60020000E-001,5.94237000E-001                                                                                                                                                                                                      
ECHO: loadb GRID,865,,-1.28558000E-001,1.60020000E-001,5.95890000E-001                                                                                                                                                                                                      
ECHO: loadb GRID,866,,-1.21099000E-001,1.60020000E-001,5.97450000E-001                                                                                                                                                                                                      
ECHO: loadb GRID,867,,-1.13622000E-001,1.60020000E-001,5.98918000E-001                                                                                                                                                                                                      
ECHO: loadb GRID,868,,-1.06127000E-001,1.60020000E-001,6.00291000E-001                                                                                                                                                                                                      
ECHO: loadb GRID,869,,-9.86152000E-002,1.60020000E-001,6.01571000E-001                                                                                                                                                                                                      
ECHO: loadb GRID,870,,-9.10880000E-002,1.60020000E-001,6.02756000E-001                                                                                                                                                                                                      
ECHO: loadb GRID,871,,-8.35467000E-002,1.60020000E-001,6.03848000E-001                                                                                                                                                                                                      
ECHO: loadb GRID,872,,-7.59922000E-002,1.60020000E-001,6.04845000E-001                                                                                                                                                                                                      
ECHO: loadb GRID,873,,-6.84259000E-002,1.60020000E-001,6.05748000E-001                                                                                                                                                                                                      
ECHO: loadb GRID,874,,-6.08489000E-002,1.60020000E-001,6.06555000E-001                                                                                                                                                                                                      
ECHO: loadb GRID,875,,-5.32624000E-002,1.60020000E-001,6.07269000E-001                                                                                                                                                                                                      
ECHO: loadb GRID,876,,-4.56676000E-002,1.60020000E-001,6.07887000E-001                                                                                                                                                                                                      
ECHO: loadb GRID,877,,-3.80657000E-002,1.60020000E-001,6.08410000E-001                                                                                                                                                                                                      
ECHO: loadb GRID,878,,-3.04577000E-002,1.60020000E-001,6.08839000E-001                                                                                                                                                                                                      
ECHO: loadb GRID,879,,-2.28451000E-002,1.60020000E-001,6.09172000E-001                                                                                                                                                                                                      
ECHO: loadb GRID,880,,-1.52288000E-002,1.60020000E-001,6.09410000E-001                                                                                                                                                                                                      
ECHO: loadb GRID,881,,-7.61023000E-003,1.60020000E-001,6.09552000E-001                                                                                                                                                                                                      
ECHO: loadb GRID,882,,9.57557000E-006,1.60020000E-001,6.09600000E-001                                                                                                                                                                                                       
ECHO: loadb GRID,883,,7.62938000E-003,1.60020000E-001,6.09552000E-001                                                                                                                                                                                                       
ECHO: loadb GRID,884,,1.52480000E-002,1.60020000E-001,6.09409000E-001                                                                                                                                                                                                       
ECHO: loadb GRID,885,,2.28642000E-002,1.60020000E-001,6.09171000E-001                                                                                                                                                                                                       
ECHO: loadb GRID,886,,3.04769000E-002,1.60020000E-001,6.08838000E-001                                                                                                                                                                                                       
ECHO: loadb GRID,887,,3.80848000E-002,1.60020000E-001,6.08409000E-001                                                                                                                                                                                                       
ECHO: loadb GRID,888,,4.56867000E-002,1.60020000E-001,6.07886000E-001                                                                                                                                                                                                       
ECHO: loadb GRID,889,,5.32815000E-002,1.60020000E-001,6.07267000E-001                                                                                                                                                                                                       
ECHO: loadb GRID,890,,6.08680000E-002,1.60020000E-001,6.06554000E-001                                                                                                                                                                                                       
ECHO: loadb GRID,891,,6.84450000E-002,1.60020000E-001,6.05745000E-001                                                                                                                                                                                                       
ECHO: loadb GRID,892,,7.60112000E-002,1.60020000E-001,6.04843000E-001                                                                                                                                                                                                       
ECHO: loadb GRID,893,,8.35656000E-002,1.60020000E-001,6.03845000E-001                                                                                                                                                                                                       
ECHO: loadb GRID,894,,9.11070000E-002,1.60020000E-001,6.02753000E-001                                                                                                                                                                                                       
ECHO: loadb GRID,895,,9.86341000E-002,1.60020000E-001,6.01568000E-001                                                                                                                                                                                                       
ECHO: loadb GRID,896,,1.06146000E-001,1.60020000E-001,6.00288000E-001                                                                                                                                                                                                       
ECHO: loadb GRID,897,,1.13641000E-001,1.60020000E-001,5.98914000E-001                                                                                                                                                                                                       
ECHO: loadb GRID,898,,1.21118000E-001,1.60020000E-001,5.97447000E-001                                                                                                                                                                                                       
ECHO: loadb GRID,899,,1.28577000E-001,1.60020000E-001,5.95886000E-001                                                                                                                                                                                                       
ECHO: loadb GRID,900,,1.36015000E-001,1.60020000E-001,5.94232000E-001                                                                                                                                                                                                       
ECHO: loadb GRID,901,,1.43432000E-001,1.60020000E-001,5.92486000E-001                                                                                                                                                                                                       
ECHO: loadb GRID,902,,1.50827000E-001,1.60020000E-001,5.90647000E-001                                                                                                                                                                                                       
ECHO: loadb GRID,903,,-1.50808000E-001,1.67640000E-001,5.90651000E-001                                                                                                                                                                                                      
ECHO: loadb GRID,904,,-1.43413000E-001,1.67640000E-001,5.92490000E-001                                                                                                                                                                                                      
ECHO: loadb GRID,905,,-1.35996000E-001,1.67640000E-001,5.94237000E-001                                                                                                                                                                                                      
ECHO: loadb GRID,906,,-1.28558000E-001,1.67640000E-001,5.95890000E-001                                                                                                                                                                                                      
ECHO: loadb GRID,907,,-1.21099000E-001,1.67640000E-001,5.97450000E-001                                                                                                                                                                                                      
ECHO: loadb GRID,908,,-1.13622000E-001,1.67640000E-001,5.98918000E-001                                                                                                                                                                                                      
ECHO: loadb GRID,909,,-1.06127000E-001,1.67640000E-001,6.00291000E-001                                                                                                                                                                                                      
ECHO: loadb GRID,910,,-9.86152000E-002,1.67640000E-001,6.01571000E-001                                                                                                                                                                                                      
ECHO: loadb GRID,911,,-9.10880000E-002,1.67640000E-001,6.02756000E-001                                                                                                                                                                                                      
ECHO: loadb GRID,912,,-8.35467000E-002,1.67640000E-001,6.03848000E-001                                                                                                                                                                                                      
ECHO: loadb GRID,913,,-7.59922000E-002,1.67640000E-001,6.04845000E-001                                                                                                                                                                                                      
ECHO: loadb GRID,914,,-6.84259000E-002,1.67640000E-001,6.05748000E-001                                                                                                                                                                                                      
ECHO: loadb GRID,915,,-6.08489000E-002,1.67640000E-001,6.06555000E-001                                                                                                                                                                                                      
ECHO: loadb GRID,916,,-5.32624000E-002,1.67640000E-001,6.07269000E-001                                                                                                                                                                                                      
ECHO: loadb GRID,917,,-4.56676000E-002,1.67640000E-001,6.07887000E-001                                                                                                                                                                                                      
ECHO: loadb GRID,918,,-3.80657000E-002,1.67640000E-001,6.08410000E-001                                                                                                                                                                                                      
ECHO: loadb GRID,919,,-3.04577000E-002,1.67640000E-001,6.08839000E-001                                                                                                                                                                                                      
ECHO: loadb GRID,920,,-2.28451000E-002,1.67640000E-001,6.09172000E-001                                                                                                                                                                                                      
ECHO: loadb GRID,921,,-1.52288000E-002,1.67640000E-001,6.09410000E-001                                                                                                                                                                                                      
ECHO: loadb GRID,922,,-7.61023000E-003,1.67640000E-001,6.09552000E-001                                                                                                                                                                                                      
ECHO: loadb GRID,923,,9.57557000E-006,1.67640000E-001,6.09600000E-001                                                                                                                                                                                                       
ECHO: loadb GRID,924,,7.62938000E-003,1.67640000E-001,6.09552000E-001                                                                                                                                                                                                       
ECHO: loadb GRID,925,,1.52480000E-002,1.67640000E-001,6.09409000E-001                                                                                                                                                                                                       
ECHO: loadb GRID,926,,2.28642000E-002,1.67640000E-001,6.09171000E-001                                                                                                                                                                                                       
ECHO: loadb GRID,927,,3.04769000E-002,1.67640000E-001,6.08838000E-001                                                                                                                                                                                                       
ECHO: loadb GRID,928,,3.80848000E-002,1.67640000E-001,6.08409000E-001                                                                                                                                                                                                       
ECHO: loadb GRID,929,,4.56867000E-002,1.67640000E-001,6.07886000E-001                                                                                                                                                                                                       
ECHO: loadb GRID,930,,5.32815000E-002,1.67640000E-001,6.07267000E-001                                                                                                                                                                                                       
ECHO: loadb GRID,931,,6.08680000E-002,1.67640000E-001,6.06554000E-001                                                                                                                                                                                                       
ECHO: loadb GRID,932,,6.84450000E-002,1.67640000E-001,6.05745000E-001                                                                                                                                                                                                       
ECHO: loadb GRID,933,,7.60112000E-002,1.67640000E-001,6.04843000E-001                                                                                                                                                                                                       
ECHO: loadb GRID,934,,8.35656000E-002,1.67640000E-001,6.03845000E-001                                                                                                                                                                                                       
ECHO: loadb GRID,935,,9.11070000E-002,1.67640000E-001,6.02753000E-001                                                                                                                                                                                                       
ECHO: loadb GRID,936,,9.86341000E-002,1.67640000E-001,6.01568000E-001                                                                                                                                                                                                       
ECHO: loadb GRID,937,,1.06146000E-001,1.67640000E-001,6.00288000E-001                                                                                                                                                                                                       
ECHO: loadb GRID,938,,1.13641000E-001,1.67640000E-001,5.98914000E-001                                                                                                                                                                                                       
ECHO: loadb GRID,939,,1.21118000E-001,1.67640000E-001,5.97447000E-001                                                                                                                                                                                                       
ECHO: loadb GRID,940,,1.28577000E-001,1.67640000E-001,5.95886000E-001                                                                                                                                                                                                       
ECHO: loadb GRID,941,,1.36015000E-001,1.67640000E-001,5.94232000E-001                                                                                                                                                                                                       
ECHO: loadb GRID,942,,1.43432000E-001,1.67640000E-001,5.92486000E-001                                                                                                                                                                                                       
ECHO: loadb GRID,943,,1.50827000E-001,1.67640000E-001,5.90647000E-001                                                                                                                                                                                                       
ECHO: loadb GRID,944,,-1.50808000E-001,1.75260000E-001,5.90651000E-001                                                                                                                                                                                                      
ECHO: loadb GRID,945,,-1.43413000E-001,1.75260000E-001,5.92490000E-001                                                                                                                                                                                                      
ECHO: loadb GRID,946,,-1.35996000E-001,1.75260000E-001,5.94237000E-001                                                                                                                                                                                                      
ECHO: loadb GRID,947,,-1.28558000E-001,1.75260000E-001,5.95890000E-001                                                                                                                                                                                                      
ECHO: loadb GRID,948,,-1.21099000E-001,1.75260000E-001,5.97450000E-001                                                                                                                                                                                                      
ECHO: loadb GRID,949,,-1.13622000E-001,1.75260000E-001,5.98918000E-001                                                                                                                                                                                                      
ECHO: loadb GRID,950,,-1.06127000E-001,1.75260000E-001,6.00291000E-001                                                                                                                                                                                                      
ECHO: loadb GRID,951,,-9.86152000E-002,1.75260000E-001,6.01571000E-001                                                                                                                                                                                                      
ECHO: loadb GRID,952,,-9.10880000E-002,1.75260000E-001,6.02756000E-001                                                                                                                                                                                                      
ECHO: loadb GRID,953,,-8.35467000E-002,1.75260000E-001,6.03848000E-001                                                                                                                                                                                                      
ECHO: loadb GRID,954,,-7.59922000E-002,1.75260000E-001,6.04845000E-001                                                                                                                                                                                                      
ECHO: loadb GRID,955,,-6.84259000E-002,1.75260000E-001,6.05748000E-001                                                                                                                                                                                                      
ECHO: loadb GRID,956,,-6.08489000E-002,1.75260000E-001,6.06555000E-001                                                                                                                                                                                                      
ECHO: loadb GRID,957,,-5.32624000E-002,1.75260000E-001,6.07269000E-001                                                                                                                                                                                                      
ECHO: loadb GRID,958,,-4.56676000E-002,1.75260000E-001,6.07887000E-001                                                                                                                                                                                                      
ECHO: loadb GRID,959,,-3.80657000E-002,1.75260000E-001,6.08410000E-001                                                                                                                                                                                                      
ECHO: loadb GRID,960,,-3.04577000E-002,1.75260000E-001,6.08839000E-001                                                                                                                                                                                                      
ECHO: loadb GRID,961,,-2.28451000E-002,1.75260000E-001,6.09172000E-001                                                                                                                                                                                                      
ECHO: loadb GRID,962,,-1.52288000E-002,1.75260000E-001,6.09410000E-001                                                                                                                                                                                                      
ECHO: loadb GRID,963,,-7.61023000E-003,1.75260000E-001,6.09552000E-001                                                                                                                                                                                                      
ECHO: loadb GRID,964,,9.57557000E-006,1.75260000E-001,6.09600000E-001                                                                                                                                                                                                       
ECHO: loadb GRID,965,,7.62938000E-003,1.75260000E-001,6.09552000E-001                                                                                                                                                                                                       
ECHO: loadb GRID,966,,1.52480000E-002,1.75260000E-001,6.09409000E-001                                                                                                                                                                                                       
ECHO: loadb GRID,967,,2.28642000E-002,1.75260000E-001,6.09171000E-001                                                                                                                                                                                                       
ECHO: loadb GRID,968,,3.04769000E-002,1.75260000E-001,6.08838000E-001                                                                                                                                                                                                       
ECHO: loadb GRID,969,,3.80848000E-002,1.75260000E-001,6.08409000E-001                                                                                                                                                                                                       
ECHO: loadb GRID,970,,4.56867000E-002,1.75260000E-001,6.07886000E-001                                                                                                                                                                                                       
ECHO: loadb GRID,971,,5.32815000E-002,1.75260000E-001,6.07267000E-001                                                                                                                                                                                                       
ECHO: loadb GRID,972,,6.08680000E-002,1.75260000E-001,6.06554000E-001                                                                                                                                                                                                       
ECHO: loadb GRID,973,,6.84450000E-002,1.75260000E-001,6.05745000E-001                                                                                                                                                                                                       
ECHO: loadb GRID,974,,7.60112000E-002,1.75260000E-001,6.04843000E-001                                                                                                                                                                                                       
ECHO: loadb GRID,975,,8.35656000E-002,1.75260000E-001,6.03845000E-001                                                                                                                                                                                                       
ECHO: loadb GRID,976,,9.11070000E-002,1.75260000E-001,6.02753000E-001                                                                                                                                                                                                       
ECHO: loadb GRID,977,,9.86341000E-002,1.75260000E-001,6.01568000E-001                                                                                                                                                                                                       
ECHO: loadb GRID,978,,1.06146000E-001,1.75260000E-001,6.00288000E-001                                                                                                                                                                                                       
ECHO: loadb GRID,979,,1.13641000E-001,1.75260000E-001,5.98914000E-001                                                                                                                                                                                                       
ECHO: loadb GRID,980,,1.21118000E-001,1.75260000E-001,5.97447000E-001                                                                                                                                                                                                       
ECHO: loadb GRID,981,,1.28577000E-001,1.75260000E-001,5.95886000E-001                                                                                                                                                                                                       
ECHO: loadb GRID,982,,1.36015000E-001,1.75260000E-001,5.94232000E-001                                                                                                                                                                                                       
ECHO: loadb GRID,983,,1.43432000E-001,1.75260000E-001,5.92486000E-001                                                                                                                                                                                                       
ECHO: loadb GRID,984,,1.50827000E-001,1.75260000E-001,5.90647000E-001                                                                                                                                                                                                       
ECHO: loadb GRID,985,,-1.50808000E-001,1.82880000E-001,5.90651000E-001                                                                                                                                                                                                      
ECHO: loadb GRID,986,,-1.43413000E-001,1.82880000E-001,5.92490000E-001                                                                                                                                                                                                      
ECHO: loadb GRID,987,,-1.35996000E-001,1.82880000E-001,5.94237000E-001                                                                                                                                                                                                      
ECHO: loadb GRID,988,,-1.28558000E-001,1.82880000E-001,5.95890000E-001                                                                                                                                                                                                      
ECHO: loadb GRID,989,,-1.21099000E-001,1.82880000E-001,5.97450000E-001                                                                                                                                                                                                      
ECHO: loadb GRID,990,,-1.13622000E-001,1.82880000E-001,5.98918000E-001                                                                                                                                                                                                      
ECHO: loadb GRID,991,,-1.06127000E-001,1.82880000E-001,6.00291000E-001                                                                                                                                                                                                      
ECHO: loadb GRID,992,,-9.86152000E-002,1.82880000E-001,6.01571000E-001                                                                                                                                                                                                      
ECHO: loadb GRID,993,,-9.10880000E-002,1.82880000E-001,6.02756000E-001                                                                                                                                                                                                      
ECHO: loadb GRID,994,,-8.35467000E-002,1.82880000E-001,6.03848000E-001                                                                                                                                                                                                      
ECHO: loadb GRID,995,,-7.59922000E-002,1.82880000E-001,6.04845000E-001                                                                                                                                                                                                      
ECHO: loadb GRID,996,,-6.84259000E-002,1.82880000E-001,6.05748000E-001                                                                                                                                                                                                      
ECHO: loadb GRID,997,,-6.08489000E-002,1.82880000E-001,6.06555000E-001                                                                                                                                                                                                      
ECHO: loadb GRID,998,,-5.32624000E-002,1.82880000E-001,6.07269000E-001                                                                                                                                                                                                      
ECHO: loadb GRID,999,,-4.56676000E-002,1.82880000E-001,6.07887000E-001                                                                                                                                                                                                      
ECHO: loadb GRID,1000,,-3.80657000E-002,1.82880000E-001,6.08410000E-001                                                                                                                                                                                                     
ECHO: loadb GRID,1001,,-3.04577000E-002,1.82880000E-001,6.08839000E-001                                                                                                                                                                                                     
ECHO: loadb GRID,1002,,-2.28451000E-002,1.82880000E-001,6.09172000E-001                                                                                                                                                                                                     
ECHO: loadb GRID,1003,,-1.52288000E-002,1.82880000E-001,6.09410000E-001                                                                                                                                                                                                     
ECHO: loadb GRID,1004,,-7.61023000E-003,1.82880000E-001,6.09552000E-001                                                                                                                                                                                                     
ECHO: loadb GRID,1005,,9.57557000E-006,1.82880000E-001,6.09600000E-001                                                                                                                                                                                                      
ECHO: loadb GRID,1006,,7.62938000E-003,1.82880000E-001,6.09552000E-001                                                                                                                                                                                                      
ECHO: loadb GRID,1007,,1.52480000E-002,1.82880000E-001,6.09409000E-001                                                                                                                                                                                                      
ECHO: loadb GRID,1008,,2.28642000E-002,1.82880000E-001,6.09171000E-001                                                                                                                                                                                                      
ECHO: loadb GRID,1009,,3.04769000E-002,1.82880000E-001,6.08838000E-001                                                                                                                                                                                                      
ECHO: loadb GRID,1010,,3.80848000E-002,1.82880000E-001,6.08409000E-001                                                                                                                                                                                                      
ECHO: loadb GRID,1011,,4.56867000E-002,1.82880000E-001,6.07886000E-001                                                                                                                                                                                                      
ECHO: loadb GRID,1012,,5.32815000E-002,1.82880000E-001,6.07267000E-001                                                                                                                                                                                                      
ECHO: loadb GRID,1013,,6.08680000E-002,1.82880000E-001,6.06554000E-001                                                                                                                                                                                                      
ECHO: loadb GRID,1014,,6.84450000E-002,1.82880000E-001,6.05745000E-001                                                                                                                                                                                                      
ECHO: loadb GRID,1015,,7.60112000E-002,1.82880000E-001,6.04843000E-001                                                                                                                                                                                                      
ECHO: loadb GRID,1016,,8.35656000E-002,1.82880000E-001,6.03845000E-001                                                                                                                                                                                                      
ECHO: loadb GRID,1017,,9.11070000E-002,1.82880000E-001,6.02753000E-001                                                                                                                                                                                                      
ECHO: loadb GRID,1018,,9.86341000E-002,1.82880000E-001,6.01568000E-001                                                                                                                                                                                                      
ECHO: loadb GRID,1019,,1.06146000E-001,1.82880000E-001,6.00288000E-001                                                                                                                                                                                                      
ECHO: loadb GRID,1020,,1.13641000E-001,1.82880000E-001,5.98914000E-001                                                                                                                                                                                                      
ECHO: loadb GRID,1021,,1.21118000E-001,1.82880000E-001,5.97447000E-001                                                                                                                                                                                                      
ECHO: loadb GRID,1022,,1.28577000E-001,1.82880000E-001,5.95886000E-001                                                                                                                                                                                                      
ECHO: loadb GRID,1023,,1.36015000E-001,1.82880000E-001,5.94232000E-001                                                                                                                                                                                                      
ECHO: loadb GRID,1024,,1.43432000E-001,1.82880000E-001,5.92486000E-001                                                                                                                                                                                                      
ECHO: loadb GRID,1025,,1.50827000E-001,1.82880000E-001,5.90647000E-001                                                                                                                                                                                                      
ECHO: loadb GRID,1026,,-1.50808000E-001,1.90500000E-001,5.90651000E-001                                                                                                                                                                                                     
ECHO: loadb GRID,1027,,-1.43413000E-001,1.90500000E-001,5.92490000E-001                                                                                                                                                                                                     
ECHO: loadb GRID,1028,,-1.35996000E-001,1.90500000E-001,5.94237000E-001                                                                                                                                                                                                     
ECHO: loadb GRID,1029,,-1.28558000E-001,1.90500000E-001,5.95890000E-001                                                                                                                                                                                                     
ECHO: loadb GRID,1030,,-1.21099000E-001,1.90500000E-001,5.97450000E-001                                                                                                                                                                                                     
ECHO: loadb GRID,1031,,-1.13622000E-001,1.90500000E-001,5.98918000E-001                                                                                                                                                                                                     
ECHO: loadb GRID,1032,,-1.06127000E-001,1.90500000E-001,6.00291000E-001                                                                                                                                                                                                     
ECHO: loadb GRID,1033,,-9.86152000E-002,1.90500000E-001,6.01571000E-001                                                                                                                                                                                                     
ECHO: loadb GRID,1034,,-9.10880000E-002,1.90500000E-001,6.02756000E-001                                                                                                                                                                                                     
ECHO: loadb GRID,1035,,-8.35467000E-002,1.90500000E-001,6.03848000E-001                                                                                                                                                                                                     
ECHO: loadb GRID,1036,,-7.59922000E-002,1.90500000E-001,6.04845000E-001                                                                                                                                                                                                     
ECHO: loadb GRID,1037,,-6.84259000E-002,1.90500000E-001,6.05748000E-001                                                                                                                                                                                                     
ECHO: loadb GRID,1038,,-6.08489000E-002,1.90500000E-001,6.06555000E-001                                                                                                                                                                                                     
ECHO: loadb GRID,1039,,-5.32624000E-002,1.90500000E-001,6.07269000E-001                                                                                                                                                                                                     
ECHO: loadb GRID,1040,,-4.56676000E-002,1.90500000E-001,6.07887000E-001                                                                                                                                                                                                     
ECHO: loadb GRID,1041,,-3.80657000E-002,1.90500000E-001,6.08410000E-001                                                                                                                                                                                                     
ECHO: loadb GRID,1042,,-3.04577000E-002,1.90500000E-001,6.08839000E-001                                                                                                                                                                                                     
ECHO: loadb GRID,1043,,-2.28451000E-002,1.90500000E-001,6.09172000E-001                                                                                                                                                                                                     
ECHO: loadb GRID,1044,,-1.52288000E-002,1.90500000E-001,6.09410000E-001                                                                                                                                                                                                     
ECHO: loadb GRID,1045,,-7.61023000E-003,1.90500000E-001,6.09552000E-001                                                                                                                                                                                                     
ECHO: loadb GRID,1046,,9.57557000E-006,1.90500000E-001,6.09600000E-001                                                                                                                                                                                                      
ECHO: loadb GRID,1047,,7.62938000E-003,1.90500000E-001,6.09552000E-001                                                                                                                                                                                                      
ECHO: loadb GRID,1048,,1.52480000E-002,1.90500000E-001,6.09409000E-001                                                                                                                                                                                                      
ECHO: loadb GRID,1049,,2.28642000E-002,1.90500000E-001,6.09171000E-001                                                                                                                                                                                                      
ECHO: loadb GRID,1050,,3.04769000E-002,1.90500000E-001,6.08838000E-001                                                                                                                                                                                                      
ECHO: loadb GRID,1051,,3.80848000E-002,1.90500000E-001,6.08409000E-001                                                                                                                                                                                                      
ECHO: loadb GRID,1052,,4.56867000E-002,1.90500000E-001,6.07886000E-001                                                                                                                                                                                                      
ECHO: loadb GRID,1053,,5.32815000E-002,1.90500000E-001,6.07267000E-001                                                                                                                                                                                                      
ECHO: loadb GRID,1054,,6.08680000E-002,1.90500000E-001,6.06554000E-001                                                                                                                                                                                                      
ECHO: loadb GRID,1055,,6.84450000E-002,1.90500000E-001,6.05745000E-001                                                                                                                                                                                                      
ECHO: loadb GRID,1056,,7.60112000E-002,1.90500000E-001,6.04843000E-001                                                                                                                                                                                                      
ECHO: loadb GRID,1057,,8.35656000E-002,1.90500000E-001,6.03845000E-001                                                                                                                                                                                                      
ECHO: loadb GRID,1058,,9.11070000E-002,1.90500000E-001,6.02753000E-001                                                                                                                                                                                                      
ECHO: loadb GRID,1059,,9.86341000E-002,1.90500000E-001,6.01568000E-001                                                                                                                                                                                                      
ECHO: loadb GRID,1060,,1.06146000E-001,1.90500000E-001,6.00288000E-001                                                                                                                                                                                                      
ECHO: loadb GRID,1061,,1.13641000E-001,1.90500000E-001,5.98914000E-001                                                                                                                                                                                                      
ECHO: loadb GRID,1062,,1.21118000E-001,1.90500000E-001,5.97447000E-001                                                                                                                                                                                                      
ECHO: loadb GRID,1063,,1.28577000E-001,1.90500000E-001,5.95886000E-001                                                                                                                                                                                                      
ECHO: loadb GRID,1064,,1.36015000E-001,1.90500000E-001,5.94232000E-001                                                                                                                                                                                                      
ECHO: loadb GRID,1065,,1.43432000E-001,1.90500000E-001,5.92486000E-001                                                                                                                                                                                                      
ECHO: loadb GRID,1066,,1.50827000E-001,1.90500000E-001,5.90647000E-001                                                                                                                                                                                                      
ECHO: loadb GRID,1067,,-1.50808000E-001,1.98120000E-001,5.90651000E-001                                                                                                                                                                                                     
ECHO: loadb GRID,1068,,-1.43413000E-001,1.98120000E-001,5.92490000E-001                                                                                                                                                                                                     
ECHO: loadb GRID,1069,,-1.35996000E-001,1.98120000E-001,5.94237000E-001                                                                                                                                                                                                     
ECHO: loadb GRID,1070,,-1.28558000E-001,1.98120000E-001,5.95890000E-001                                                                                                                                                                                                     
ECHO: loadb GRID,1071,,-1.21099000E-001,1.98120000E-001,5.97450000E-001                                                                                                                                                                                                     
ECHO: loadb GRID,1072,,-1.13622000E-001,1.98120000E-001,5.98918000E-001                                                                                                                                                                                                     
ECHO: loadb GRID,1073,,-1.06127000E-001,1.98120000E-001,6.00291000E-001                                                                                                                                                                                                     
ECHO: loadb GRID,1074,,-9.86152000E-002,1.98120000E-001,6.01571000E-001                                                                                                                                                                                                     
ECHO: loadb GRID,1075,,-9.10880000E-002,1.98120000E-001,6.02756000E-001                                                                                                                                                                                                     
ECHO: loadb GRID,1076,,-8.35467000E-002,1.98120000E-001,6.03848000E-001                                                                                                                                                                                                     
ECHO: loadb GRID,1077,,-7.59922000E-002,1.98120000E-001,6.04845000E-001                                                                                                                                                                                                     
ECHO: loadb GRID,1078,,-6.84259000E-002,1.98120000E-001,6.05748000E-001                                                                                                                                                                                                     
ECHO: loadb GRID,1079,,-6.08489000E-002,1.98120000E-001,6.06555000E-001                                                                                                                                                                                                     
ECHO: loadb GRID,1080,,-5.32624000E-002,1.98120000E-001,6.07269000E-001                                                                                                                                                                                                     
ECHO: loadb GRID,1081,,-4.56676000E-002,1.98120000E-001,6.07887000E-001                                                                                                                                                                                                     
ECHO: loadb GRID,1082,,-3.80657000E-002,1.98120000E-001,6.08410000E-001                                                                                                                                                                                                     
ECHO: loadb GRID,1083,,-3.04577000E-002,1.98120000E-001,6.08839000E-001                                                                                                                                                                                                     
ECHO: loadb GRID,1084,,-2.28451000E-002,1.98120000E-001,6.09172000E-001                                                                                                                                                                                                     
ECHO: loadb GRID,1085,,-1.52288000E-002,1.98120000E-001,6.09410000E-001                                                                                                                                                                                                     
ECHO: loadb GRID,1086,,-7.61023000E-003,1.98120000E-001,6.09552000E-001                                                                                                                                                                                                     
ECHO: loadb GRID,1087,,9.57557000E-006,1.98120000E-001,6.09600000E-001                                                                                                                                                                                                      
ECHO: loadb GRID,1088,,7.62938000E-003,1.98120000E-001,6.09552000E-001                                                                                                                                                                                                      
ECHO: loadb GRID,1089,,1.52480000E-002,1.98120000E-001,6.09409000E-001                                                                                                                                                                                                      
ECHO: loadb GRID,1090,,2.28642000E-002,1.98120000E-001,6.09171000E-001                                                                                                                                                                                                      
ECHO: loadb GRID,1091,,3.04769000E-002,1.98120000E-001,6.08838000E-001                                                                                                                                                                                                      
ECHO: loadb GRID,1092,,3.80848000E-002,1.98120000E-001,6.08409000E-001                                                                                                                                                                                                      
ECHO: loadb GRID,1093,,4.56867000E-002,1.98120000E-001,6.07886000E-001                                                                                                                                                                                                      
ECHO: loadb GRID,1094,,5.32815000E-002,1.98120000E-001,6.07267000E-001                                                                                                                                                                                                      
ECHO: loadb GRID,1095,,6.08680000E-002,1.98120000E-001,6.06554000E-001                                                                                                                                                                                                      
ECHO: loadb GRID,1096,,6.84450000E-002,1.98120000E-001,6.05745000E-001                                                                                                                                                                                                      
ECHO: loadb GRID,1097,,7.60112000E-002,1.98120000E-001,6.04843000E-001                                                                                                                                                                                                      
ECHO: loadb GRID,1098,,8.35656000E-002,1.98120000E-001,6.03845000E-001                                                                                                                                                                                                      
ECHO: loadb GRID,1099,,9.11070000E-002,1.98120000E-001,6.02753000E-001                                                                                                                                                                                                      
ECHO: loadb GRID,1100,,9.86341000E-002,1.98120000E-001,6.01568000E-001                                                                                                                                                                                                      
ECHO: loadb GRID,1101,,1.06146000E-001,1.98120000E-001,6.00288000E-001                                                                                                                                                                                                      
ECHO: loadb GRID,1102,,1.13641000E-001,1.98120000E-001,5.98914000E-001                                                                                                                                                                                                      
ECHO: loadb GRID,1103,,1.21118000E-001,1.98120000E-001,5.97447000E-001                                                                                                                                                                                                      
ECHO: loadb GRID,1104,,1.28577000E-001,1.98120000E-001,5.95886000E-001                                                                                                                                                                                                      
ECHO: loadb GRID,1105,,1.36015000E-001,1.98120000E-001,5.94232000E-001                                                                                                                                                                                                      
ECHO: loadb GRID,1106,,1.43432000E-001,1.98120000E-001,5.92486000E-001                                                                                                                                                                                                      
ECHO: loadb GRID,1107,,1.50827000E-001,1.98120000E-001,5.90647000E-001                                                                                                                                                                                                      
ECHO: loadb GRID,1108,,-1.50808000E-001,2.05740000E-001,5.90651000E-001                                                                                                                                                                                                     
ECHO: loadb GRID,1109,,-1.43413000E-001,2.05740000E-001,5.92490000E-001                                                                                                                                                                                                     
ECHO: loadb GRID,1110,,-1.35996000E-001,2.05740000E-001,5.94237000E-001                                                                                                                                                                                                     
ECHO: loadb GRID,1111,,-1.28558000E-001,2.05740000E-001,5.95890000E-001                                                                                                                                                                                                     
ECHO: loadb GRID,1112,,-1.21099000E-001,2.05740000E-001,5.97450000E-001                                                                                                                                                                                                     
ECHO: loadb GRID,1113,,-1.13622000E-001,2.05740000E-001,5.98918000E-001                                                                                                                                                                                                     
ECHO: loadb GRID,1114,,-1.06127000E-001,2.05740000E-001,6.00291000E-001                                                                                                                                                                                                     
ECHO: loadb GRID,1115,,-9.86152000E-002,2.05740000E-001,6.01571000E-001                                                                                                                                                                                                     
ECHO: loadb GRID,1116,,-9.10880000E-002,2.05740000E-001,6.02756000E-001                                                                                                                                                                                                     
ECHO: loadb GRID,1117,,-8.35467000E-002,2.05740000E-001,6.03848000E-001                                                                                                                                                                                                     
ECHO: loadb GRID,1118,,-7.59922000E-002,2.05740000E-001,6.04845000E-001                                                                                                                                                                                                     
ECHO: loadb GRID,1119,,-6.84259000E-002,2.05740000E-001,6.05748000E-001                                                                                                                                                                                                     
ECHO: loadb GRID,1120,,-6.08489000E-002,2.05740000E-001,6.06555000E-001                                                                                                                                                                                                     
ECHO: loadb GRID,1121,,-5.32624000E-002,2.05740000E-001,6.07269000E-001                                                                                                                                                                                                     
ECHO: loadb GRID,1122,,-4.56676000E-002,2.05740000E-001,6.07887000E-001                                                                                                                                                                                                     
ECHO: loadb GRID,1123,,-3.80657000E-002,2.05740000E-001,6.08410000E-001                                                                                                                                                                                                     
ECHO: loadb GRID,1124,,-3.04577000E-002,2.05740000E-001,6.08839000E-001                                                                                                                                                                                                     
ECHO: loadb GRID,1125,,-2.28451000E-002,2.05740000E-001,6.09172000E-001                                                                                                                                                                                                     
ECHO: loadb GRID,1126,,-1.52288000E-002,2.05740000E-001,6.09410000E-001                                                                                                                                                                                                     
ECHO: loadb GRID,1127,,-7.61023000E-003,2.05740000E-001,6.09552000E-001                                                                                                                                                                                                     
ECHO: loadb GRID,1128,,9.57557000E-006,2.05740000E-001,6.09600000E-001                                                                                                                                                                                                      
ECHO: loadb GRID,1129,,7.62938000E-003,2.05740000E-001,6.09552000E-001                                                                                                                                                                                                      
ECHO: loadb GRID,1130,,1.52480000E-002,2.05740000E-001,6.09409000E-001                                                                                                                                                                                                      
ECHO: loadb GRID,1131,,2.28642000E-002,2.05740000E-001,6.09171000E-001                                                                                                                                                                                                      
ECHO: loadb GRID,1132,,3.04769000E-002,2.05740000E-001,6.08838000E-001                                                                                                                                                                                                      
ECHO: loadb GRID,1133,,3.80848000E-002,2.05740000E-001,6.08409000E-001                                                                                                                                                                                                      
ECHO: loadb GRID,1134,,4.56867000E-002,2.05740000E-001,6.07886000E-001                                                                                                                                                                                                      
ECHO: loadb GRID,1135,,5.32815000E-002,2.05740000E-001,6.07267000E-001                                                                                                                                                                                                      
ECHO: loadb GRID,1136,,6.08680000E-002,2.05740000E-001,6.06554000E-001                                                                                                                                                                                                      
ECHO: loadb GRID,1137,,6.84450000E-002,2.05740000E-001,6.05745000E-001                                                                                                                                                                                                      
ECHO: loadb GRID,1138,,7.60112000E-002,2.05740000E-001,6.04843000E-001                                                                                                                                                                                                      
ECHO: loadb GRID,1139,,8.35656000E-002,2.05740000E-001,6.03845000E-001                                                                                                                                                                                                      
ECHO: loadb GRID,1140,,9.11070000E-002,2.05740000E-001,6.02753000E-001                                                                                                                                                                                                      
ECHO: loadb GRID,1141,,9.86341000E-002,2.05740000E-001,6.01568000E-001                                                                                                                                                                                                      
ECHO: loadb GRID,1142,,1.06146000E-001,2.05740000E-001,6.00288000E-001                                                                                                                                                                                                      
ECHO: loadb GRID,1143,,1.13641000E-001,2.05740000E-001,5.98914000E-001                                                                                                                                                                                                      
ECHO: loadb GRID,1144,,1.21118000E-001,2.05740000E-001,5.97447000E-001                                                                                                                                                                                                      
ECHO: loadb GRID,1145,,1.28577000E-001,2.05740000E-001,5.95886000E-001                                                                                                                                                                                                      
ECHO: loadb GRID,1146,,1.36015000E-001,2.05740000E-001,5.94232000E-001                                                                                                                                                                                                      
ECHO: loadb GRID,1147,,1.43432000E-001,2.05740000E-001,5.92486000E-001                                                                                                                                                                                                      
ECHO: loadb GRID,1148,,1.50827000E-001,2.05740000E-001,5.90647000E-001                                                                                                                                                                                                      
ECHO: loadb GRID,1149,,-1.50808000E-001,2.13360000E-001,5.90651000E-001                                                                                                                                                                                                     
ECHO: loadb GRID,1150,,-1.43413000E-001,2.13360000E-001,5.92490000E-001                                                                                                                                                                                                     
ECHO: loadb GRID,1151,,-1.35996000E-001,2.13360000E-001,5.94237000E-001                                                                                                                                                                                                     
ECHO: loadb GRID,1152,,-1.28558000E-001,2.13360000E-001,5.95890000E-001                                                                                                                                                                                                     
ECHO: loadb GRID,1153,,-1.21099000E-001,2.13360000E-001,5.97450000E-001                                                                                                                                                                                                     
ECHO: loadb GRID,1154,,-1.13622000E-001,2.13360000E-001,5.98918000E-001                                                                                                                                                                                                     
ECHO: loadb GRID,1155,,-1.06127000E-001,2.13360000E-001,6.00291000E-001                                                                                                                                                                                                     
ECHO: loadb GRID,1156,,-9.86152000E-002,2.13360000E-001,6.01571000E-001                                                                                                                                                                                                     
ECHO: loadb GRID,1157,,-9.10880000E-002,2.13360000E-001,6.02756000E-001                                                                                                                                                                                                     
ECHO: loadb GRID,1158,,-8.35467000E-002,2.13360000E-001,6.03848000E-001                                                                                                                                                                                                     
ECHO: loadb GRID,1159,,-7.59922000E-002,2.13360000E-001,6.04845000E-001                                                                                                                                                                                                     
ECHO: loadb GRID,1160,,-6.84259000E-002,2.13360000E-001,6.05748000E-001                                                                                                                                                                                                     
ECHO: loadb GRID,1161,,-6.08489000E-002,2.13360000E-001,6.06555000E-001                                                                                                                                                                                                     
ECHO: loadb GRID,1162,,-5.32624000E-002,2.13360000E-001,6.07269000E-001                                                                                                                                                                                                     
ECHO: loadb GRID,1163,,-4.56676000E-002,2.13360000E-001,6.07887000E-001                                                                                                                                                                                                     
ECHO: loadb GRID,1164,,-3.80657000E-002,2.13360000E-001,6.08410000E-001                                                                                                                                                                                                     
ECHO: loadb GRID,1165,,-3.04577000E-002,2.13360000E-001,6.08839000E-001                                                                                                                                                                                                     
ECHO: loadb GRID,1166,,-2.28451000E-002,2.13360000E-001,6.09172000E-001                                                                                                                                                                                                     
ECHO: loadb GRID,1167,,-1.52288000E-002,2.13360000E-001,6.09410000E-001                                                                                                                                                                                                     
ECHO: loadb GRID,1168,,-7.61023000E-003,2.13360000E-001,6.09552000E-001                                                                                                                                                                                                     
ECHO: loadb GRID,1169,,9.57557000E-006,2.13360000E-001,6.09600000E-001                                                                                                                                                                                                      
ECHO: loadb GRID,1170,,7.62938000E-003,2.13360000E-001,6.09552000E-001                                                                                                                                                                                                      
ECHO: loadb GRID,1171,,1.52480000E-002,2.13360000E-001,6.09409000E-001                                                                                                                                                                                                      
ECHO: loadb GRID,1172,,2.28642000E-002,2.13360000E-001,6.09171000E-001                                                                                                                                                                                                      
ECHO: loadb GRID,1173,,3.04769000E-002,2.13360000E-001,6.08838000E-001                                                                                                                                                                                                      
ECHO: loadb GRID,1174,,3.80848000E-002,2.13360000E-001,6.08409000E-001                                                                                                                                                                                                      
ECHO: loadb GRID,1175,,4.56867000E-002,2.13360000E-001,6.07886000E-001                                                                                                                                                                                                      
ECHO: loadb GRID,1176,,5.32815000E-002,2.13360000E-001,6.07267000E-001                                                                                                                                                                                                      
ECHO: loadb GRID,1177,,6.08680000E-002,2.13360000E-001,6.06554000E-001                                                                                                                                                                                                      
ECHO: loadb GRID,1178,,6.84450000E-002,2.13360000E-001,6.05745000E-001                                                                                                                                                                                                      
ECHO: loadb GRID,1179,,7.60112000E-002,2.13360000E-001,6.04843000E-001                                                                                                                                                                                                      
ECHO: loadb GRID,1180,,8.35656000E-002,2.13360000E-001,6.03845000E-001                                                                                                                                                                                                      
ECHO: loadb GRID,1181,,9.11070000E-002,2.13360000E-001,6.02753000E-001                                                                                                                                                                                                      
ECHO: loadb GRID,1182,,9.86341000E-002,2.13360000E-001,6.01568000E-001                                                                                                                                                                                                      
ECHO: loadb GRID,1183,,1.06146000E-001,2.13360000E-001,6.00288000E-001                                                                                                                                                                                                      
ECHO: loadb GRID,1184,,1.13641000E-001,2.13360000E-001,5.98914000E-001                                                                                                                                                                                                      
ECHO: loadb GRID,1185,,1.21118000E-001,2.13360000E-001,5.97447000E-001                                                                                                                                                                                                      
ECHO: loadb GRID,1186,,1.28577000E-001,2.13360000E-001,5.95886000E-001                                                                                                                                                                                                      
ECHO: loadb GRID,1187,,1.36015000E-001,2.13360000E-001,5.94232000E-001                                                                                                                                                                                                      
ECHO: loadb GRID,1188,,1.43432000E-001,2.13360000E-001,5.92486000E-001                                                                                                                                                                                                      
ECHO: loadb GRID,1189,,1.50827000E-001,2.13360000E-001,5.90647000E-001                                                                                                                                                                                                      
ECHO: loadb GRID,1190,,-1.50808000E-001,2.20980000E-001,5.90651000E-001                                                                                                                                                                                                     
ECHO: loadb GRID,1191,,-1.43413000E-001,2.20980000E-001,5.92490000E-001                                                                                                                                                                                                     
ECHO: loadb GRID,1192,,-1.35996000E-001,2.20980000E-001,5.94237000E-001                                                                                                                                                                                                     
ECHO: loadb GRID,1193,,-1.28558000E-001,2.20980000E-001,5.95890000E-001                                                                                                                                                                                                     
ECHO: loadb GRID,1194,,-1.21099000E-001,2.20980000E-001,5.97450000E-001                                                                                                                                                                                                     
ECHO: loadb GRID,1195,,-1.13622000E-001,2.20980000E-001,5.98918000E-001                                                                                                                                                                                                     
ECHO: loadb GRID,1196,,-1.06127000E-001,2.20980000E-001,6.00291000E-001                                                                                                                                                                                                     
ECHO: loadb GRID,1197,,-9.86152000E-002,2.20980000E-001,6.01571000E-001                                                                                                                                                                                                     
ECHO: loadb GRID,1198,,-9.10880000E-002,2.20980000E-001,6.02756000E-001                                                                                                                                                                                                     
ECHO: loadb GRID,1199,,-8.35467000E-002,2.20980000E-001,6.03848000E-001                                                                                                                                                                                                     
ECHO: loadb GRID,1200,,-7.59922000E-002,2.20980000E-001,6.04845000E-001                                                                                                                                                                                                     
ECHO: loadb GRID,1201,,-6.84259000E-002,2.20980000E-001,6.05748000E-001                                                                                                                                                                                                     
ECHO: loadb GRID,1202,,-6.08489000E-002,2.20980000E-001,6.06555000E-001                                                                                                                                                                                                     
ECHO: loadb GRID,1203,,-5.32624000E-002,2.20980000E-001,6.07269000E-001                                                                                                                                                                                                     
ECHO: loadb GRID,1204,,-4.56676000E-002,2.20980000E-001,6.07887000E-001                                                                                                                                                                                                     
ECHO: loadb GRID,1205,,-3.80657000E-002,2.20980000E-001,6.08410000E-001                                                                                                                                                                                                     
ECHO: loadb GRID,1206,,-3.04577000E-002,2.20980000E-001,6.08839000E-001                                                                                                                                                                                                     
ECHO: loadb GRID,1207,,-2.28451000E-002,2.20980000E-001,6.09172000E-001                                                                                                                                                                                                     
ECHO: loadb GRID,1208,,-1.52288000E-002,2.20980000E-001,6.09410000E-001                                                                                                                                                                                                     
ECHO: loadb GRID,1209,,-7.61023000E-003,2.20980000E-001,6.09552000E-001                                                                                                                                                                                                     
ECHO: loadb GRID,1210,,9.57557000E-006,2.20980000E-001,6.09600000E-001                                                                                                                                                                                                      
ECHO: loadb GRID,1211,,7.62938000E-003,2.20980000E-001,6.09552000E-001                                                                                                                                                                                                      
ECHO: loadb GRID,1212,,1.52480000E-002,2.20980000E-001,6.09409000E-001                                                                                                                                                                                                      
ECHO: loadb GRID,1213,,2.28642000E-002,2.20980000E-001,6.09171000E-001                                                                                                                                                                                                      
ECHO: loadb GRID,1214,,3.04769000E-002,2.20980000E-001,6.08838000E-001                                                                                                                                                                                                      
ECHO: loadb GRID,1215,,3.80848000E-002,2.20980000E-001,6.08409000E-001                                                                                                                                                                                                      
ECHO: loadb GRID,1216,,4.56867000E-002,2.20980000E-001,6.07886000E-001                                                                                                                                                                                                      
ECHO: loadb GRID,1217,,5.32815000E-002,2.20980000E-001,6.07267000E-001                                                                                                                                                                                                      
ECHO: loadb GRID,1218,,6.08680000E-002,2.20980000E-001,6.06554000E-001                                                                                                                                                                                                      
ECHO: loadb GRID,1219,,6.84450000E-002,2.20980000E-001,6.05745000E-001                                                                                                                                                                                                      
ECHO: loadb GRID,1220,,7.60112000E-002,2.20980000E-001,6.04843000E-001                                                                                                                                                                                                      
ECHO: loadb GRID,1221,,8.35656000E-002,2.20980000E-001,6.03845000E-001                                                                                                                                                                                                      
ECHO: loadb GRID,1222,,9.11070000E-002,2.20980000E-001,6.02753000E-001                                                                                                                                                                                                      
ECHO: loadb GRID,1223,,9.86341000E-002,2.20980000E-001,6.01568000E-001                                                                                                                                                                                                      
ECHO: loadb GRID,1224,,1.06146000E-001,2.20980000E-001,6.00288000E-001                                                                                                                                                                                                      
ECHO: loadb GRID,1225,,1.13641000E-001,2.20980000E-001,5.98914000E-001                                                                                                                                                                                                      
ECHO: loadb GRID,1226,,1.21118000E-001,2.20980000E-001,5.97447000E-001                                                                                                                                                                                                      
ECHO: loadb GRID,1227,,1.28577000E-001,2.20980000E-001,5.95886000E-001                                                                                                                                                                                                      
ECHO: loadb GRID,1228,,1.36015000E-001,2.20980000E-001,5.94232000E-001                                                                                                                                                                                                      
ECHO: loadb GRID,1229,,1.43432000E-001,2.20980000E-001,5.92486000E-001                                                                                                                                                                                                      
ECHO: loadb GRID,1230,,1.50827000E-001,2.20980000E-001,5.90647000E-001                                                                                                                                                                                                      
ECHO: loadb GRID,1231,,-1.50808000E-001,2.28600000E-001,5.90651000E-001                                                                                                                                                                                                     
ECHO: loadb GRID,1232,,-1.43413000E-001,2.28600000E-001,5.92490000E-001                                                                                                                                                                                                     
ECHO: loadb GRID,1233,,-1.35996000E-001,2.28600000E-001,5.94237000E-001                                                                                                                                                                                                     
ECHO: loadb GRID,1234,,-1.28558000E-001,2.28600000E-001,5.95890000E-001                                                                                                                                                                                                     
ECHO: loadb GRID,1235,,-1.21099000E-001,2.28600000E-001,5.97450000E-001                                                                                                                                                                                                     
ECHO: loadb GRID,1236,,-1.13622000E-001,2.28600000E-001,5.98918000E-001                                                                                                                                                                                                     
ECHO: loadb GRID,1237,,-1.06127000E-001,2.28600000E-001,6.00291000E-001                                                                                                                                                                                                     
ECHO: loadb GRID,1238,,-9.86152000E-002,2.28600000E-001,6.01571000E-001                                                                                                                                                                                                     
ECHO: loadb GRID,1239,,-9.10880000E-002,2.28600000E-001,6.02756000E-001                                                                                                                                                                                                     
ECHO: loadb GRID,1240,,-8.35467000E-002,2.28600000E-001,6.03848000E-001                                                                                                                                                                                                     
ECHO: loadb GRID,1241,,-7.59922000E-002,2.28600000E-001,6.04845000E-001                                                                                                                                                                                                     
ECHO: loadb GRID,1242,,-6.84259000E-002,2.28600000E-001,6.05748000E-001                                                                                                                                                                                                     
ECHO: loadb GRID,1243,,-6.08489000E-002,2.28600000E-001,6.06555000E-001                                                                                                                                                                                                     
ECHO: loadb GRID,1244,,-5.32624000E-002,2.28600000E-001,6.07269000E-001                                                                                                                                                                                                     
ECHO: loadb GRID,1245,,-4.56676000E-002,2.28600000E-001,6.07887000E-001                                                                                                                                                                                                     
ECHO: loadb GRID,1246,,-3.80657000E-002,2.28600000E-001,6.08410000E-001                                                                                                                                                                                                     
ECHO: loadb GRID,1247,,-3.04577000E-002,2.28600000E-001,6.08839000E-001                                                                                                                                                                                                     
ECHO: loadb GRID,1248,,-2.28451000E-002,2.28600000E-001,6.09172000E-001                                                                                                                                                                                                     
ECHO: loadb GRID,1249,,-1.52288000E-002,2.28600000E-001,6.09410000E-001                                                                                                                                                                                                     
ECHO: loadb GRID,1250,,-7.61023000E-003,2.28600000E-001,6.09552000E-001                                                                                                                                                                                                     
ECHO: loadb GRID,1251,,9.57557000E-006,2.28600000E-001,6.09600000E-001                                                                                                                                                                                                      
ECHO: loadb GRID,1252,,7.62938000E-003,2.28600000E-001,6.09552000E-001                                                                                                                                                                                                      
ECHO: loadb GRID,1253,,1.52480000E-002,2.28600000E-001,6.09409000E-001                                                                                                                                                                                                      
ECHO: loadb GRID,1254,,2.28642000E-002,2.28600000E-001,6.09171000E-001                                                                                                                                                                                                      
ECHO: loadb GRID,1255,,3.04769000E-002,2.28600000E-001,6.08838000E-001                                                                                                                                                                                                      
ECHO: loadb GRID,1256,,3.80848000E-002,2.28600000E-001,6.08409000E-001                                                                                                                                                                                                      
ECHO: loadb GRID,1257,,4.56867000E-002,2.28600000E-001,6.07886000E-001                                                                                                                                                                                                      
ECHO: loadb GRID,1258,,5.32815000E-002,2.28600000E-001,6.07267000E-001                                                                                                                                                                                                      
ECHO: loadb GRID,1259,,6.08680000E-002,2.28600000E-001,6.06554000E-001                                                                                                                                                                                                      
ECHO: loadb GRID,1260,,6.84450000E-002,2.28600000E-001,6.05745000E-001                                                                                                                                                                                                      
ECHO: loadb GRID,1261,,7.60112000E-002,2.28600000E-001,6.04843000E-001                                                                                                                                                                                                      
ECHO: loadb GRID,1262,,8.35656000E-002,2.28600000E-001,6.03845000E-001                                                                                                                                                                                                      
ECHO: loadb GRID,1263,,9.11070000E-002,2.28600000E-001,6.02753000E-001                                                                                                                                                                                                      
ECHO: loadb GRID,1264,,9.86341000E-002,2.28600000E-001,6.01568000E-001                                                                                                                                                                                                      
ECHO: loadb GRID,1265,,1.06146000E-001,2.28600000E-001,6.00288000E-001                                                                                                                                                                                                      
ECHO: loadb GRID,1266,,1.13641000E-001,2.28600000E-001,5.98914000E-001                                                                                                                                                                                                      
ECHO: loadb GRID,1267,,1.21118000E-001,2.28600000E-001,5.97447000E-001                                                                                                                                                                                                      
ECHO: loadb GRID,1268,,1.28577000E-001,2.28600000E-001,5.95886000E-001                                                                                                                                                                                                      
ECHO: loadb GRID,1269,,1.36015000E-001,2.28600000E-001,5.94232000E-001                                                                                                                                                                                                      
ECHO: loadb GRID,1270,,1.43432000E-001,2.28600000E-001,5.92486000E-001                                                                                                                                                                                                      
ECHO: loadb GRID,1271,,1.50827000E-001,2.28600000E-001,5.90647000E-001                                                                                                                                                                                                      
ECHO: loadb GRID,1272,,-1.50808000E-001,2.36220000E-001,5.90651000E-001                                                                                                                                                                                                     
ECHO: loadb GRID,1273,,-1.43413000E-001,2.36220000E-001,5.92490000E-001                                                                                                                                                                                                     
ECHO: loadb GRID,1274,,-1.35996000E-001,2.36220000E-001,5.94237000E-001                                                                                                                                                                                                     
ECHO: loadb GRID,1275,,-1.28558000E-001,2.36220000E-001,5.95890000E-001                                                                                                                                                                                                     
ECHO: loadb GRID,1276,,-1.21099000E-001,2.36220000E-001,5.97450000E-001                                                                                                                                                                                                     
ECHO: loadb GRID,1277,,-1.13622000E-001,2.36220000E-001,5.98918000E-001                                                                                                                                                                                                     
ECHO: loadb GRID,1278,,-1.06127000E-001,2.36220000E-001,6.00291000E-001                                                                                                                                                                                                     
ECHO: loadb GRID,1279,,-9.86152000E-002,2.36220000E-001,6.01571000E-001                                                                                                                                                                                                     
ECHO: loadb GRID,1280,,-9.10880000E-002,2.36220000E-001,6.02756000E-001                                                                                                                                                                                                     
ECHO: loadb GRID,1281,,-8.35467000E-002,2.36220000E-001,6.03848000E-001                                                                                                                                                                                                     
ECHO: loadb GRID,1282,,-7.59922000E-002,2.36220000E-001,6.04845000E-001                                                                                                                                                                                                     
ECHO: loadb GRID,1283,,-6.84259000E-002,2.36220000E-001,6.05748000E-001                                                                                                                                                                                                     
ECHO: loadb GRID,1284,,-6.08489000E-002,2.36220000E-001,6.06555000E-001                                                                                                                                                                                                     
ECHO: loadb GRID,1285,,-5.32624000E-002,2.36220000E-001,6.07269000E-001                                                                                                                                                                                                     
ECHO: loadb GRID,1286,,-4.56676000E-002,2.36220000E-001,6.07887000E-001                                                                                                                                                                                                     
ECHO: loadb GRID,1287,,-3.80657000E-002,2.36220000E-001,6.08410000E-001                                                                                                                                                                                                     
ECHO: loadb GRID,1288,,-3.04577000E-002,2.36220000E-001,6.08839000E-001                                                                                                                                                                                                     
ECHO: loadb GRID,1289,,-2.28451000E-002,2.36220000E-001,6.09172000E-001                                                                                                                                                                                                     
ECHO: loadb GRID,1290,,-1.52288000E-002,2.36220000E-001,6.09410000E-001                                                                                                                                                                                                     
ECHO: loadb GRID,1291,,-7.61023000E-003,2.36220000E-001,6.09552000E-001                                                                                                                                                                                                     
ECHO: loadb GRID,1292,,9.57557000E-006,2.36220000E-001,6.09600000E-001                                                                                                                                                                                                      
ECHO: loadb GRID,1293,,7.62938000E-003,2.36220000E-001,6.09552000E-001                                                                                                                                                                                                      
ECHO: loadb GRID,1294,,1.52480000E-002,2.36220000E-001,6.09409000E-001                                                                                                                                                                                                      
ECHO: loadb GRID,1295,,2.28642000E-002,2.36220000E-001,6.09171000E-001                                                                                                                                                                                                      
ECHO: loadb GRID,1296,,3.04769000E-002,2.36220000E-001,6.08838000E-001                                                                                                                                                                                                      
ECHO: loadb GRID,1297,,3.80848000E-002,2.36220000E-001,6.08409000E-001                                                                                                                                                                                                      
ECHO: loadb GRID,1298,,4.56867000E-002,2.36220000E-001,6.07886000E-001                                                                                                                                                                                                      
ECHO: loadb GRID,1299,,5.32815000E-002,2.36220000E-001,6.07267000E-001                                                                                                                                                                                                      
ECHO: loadb GRID,1300,,6.08680000E-002,2.36220000E-001,6.06554000E-001                                                                                                                                                                                                      
ECHO: loadb GRID,1301,,6.84450000E-002,2.36220000E-001,6.05745000E-001                                                                                                                                                                                                      
ECHO: loadb GRID,1302,,7.60112000E-002,2.36220000E-001,6.04843000E-001                                                                                                                                                                                                      
ECHO: loadb GRID,1303,,8.35656000E-002,2.36220000E-001,6.03845000E-001                                                                                                                                                                                                      
ECHO: loadb GRID,1304,,9.11070000E-002,2.36220000E-001,6.02753000E-001                                                                                                                                                                                                      
ECHO: loadb GRID,1305,,9.86341000E-002,2.36220000E-001,6.01568000E-001                                                                                                                                                                                                      
ECHO: loadb GRID,1306,,1.06146000E-001,2.36220000E-001,6.00288000E-001                                                                                                                                                                                                      
ECHO: loadb GRID,1307,,1.13641000E-001,2.36220000E-001,5.98914000E-001                                                                                                                                                                                                      
ECHO: loadb GRID,1308,,1.21118000E-001,2.36220000E-001,5.97447000E-001                                                                                                                                                                                                      
ECHO: loadb GRID,1309,,1.28577000E-001,2.36220000E-001,5.95886000E-001                                                                                                                                                                                                      
ECHO: loadb GRID,1310,,1.36015000E-001,2.36220000E-001,5.94232000E-001                                                                                                                                                                                                      
ECHO: loadb GRID,1311,,1.43432000E-001,2.36220000E-001,5.92486000E-001                                                                                                                                                                                                      
ECHO: loadb GRID,1312,,1.50827000E-001,2.36220000E-001,5.90647000E-001                                                                                                                                                                                                      
ECHO: loadb GRID,1313,,-1.50808000E-001,2.43840000E-001,5.90651000E-001                                                                                                                                                                                                     
ECHO: loadb GRID,1314,,-1.43413000E-001,2.43840000E-001,5.92490000E-001                                                                                                                                                                                                     
ECHO: loadb GRID,1315,,-1.35996000E-001,2.43840000E-001,5.94237000E-001                                                                                                                                                                                                     
ECHO: loadb GRID,1316,,-1.28558000E-001,2.43840000E-001,5.95890000E-001                                                                                                                                                                                                     
ECHO: loadb GRID,1317,,-1.21099000E-001,2.43840000E-001,5.97450000E-001                                                                                                                                                                                                     
ECHO: loadb GRID,1318,,-1.13622000E-001,2.43840000E-001,5.98918000E-001                                                                                                                                                                                                     
ECHO: loadb GRID,1319,,-1.06127000E-001,2.43840000E-001,6.00291000E-001                                                                                                                                                                                                     
ECHO: loadb GRID,1320,,-9.86152000E-002,2.43840000E-001,6.01571000E-001                                                                                                                                                                                                     
ECHO: loadb GRID,1321,,-9.10880000E-002,2.43840000E-001,6.02756000E-001                                                                                                                                                                                                     
ECHO: loadb GRID,1322,,-8.35467000E-002,2.43840000E-001,6.03848000E-001                                                                                                                                                                                                     
ECHO: loadb GRID,1323,,-7.59922000E-002,2.43840000E-001,6.04845000E-001                                                                                                                                                                                                     
ECHO: loadb GRID,1324,,-6.84259000E-002,2.43840000E-001,6.05748000E-001                                                                                                                                                                                                     
ECHO: loadb GRID,1325,,-6.08489000E-002,2.43840000E-001,6.06555000E-001                                                                                                                                                                                                     
ECHO: loadb GRID,1326,,-5.32624000E-002,2.43840000E-001,6.07269000E-001                                                                                                                                                                                                     
ECHO: loadb GRID,1327,,-4.56676000E-002,2.43840000E-001,6.07887000E-001                                                                                                                                                                                                     
ECHO: loadb GRID,1328,,-3.80657000E-002,2.43840000E-001,6.08410000E-001                                                                                                                                                                                                     
ECHO: loadb GRID,1329,,-3.04577000E-002,2.43840000E-001,6.08839000E-001                                                                                                                                                                                                     
ECHO: loadb GRID,1330,,-2.28451000E-002,2.43840000E-001,6.09172000E-001                                                                                                                                                                                                     
ECHO: loadb GRID,1331,,-1.52288000E-002,2.43840000E-001,6.09410000E-001                                                                                                                                                                                                     
ECHO: loadb GRID,1332,,-7.61023000E-003,2.43840000E-001,6.09552000E-001                                                                                                                                                                                                     
ECHO: loadb GRID,1333,,9.57557000E-006,2.43840000E-001,6.09600000E-001                                                                                                                                                                                                      
ECHO: loadb GRID,1334,,7.62938000E-003,2.43840000E-001,6.09552000E-001                                                                                                                                                                                                      
ECHO: loadb GRID,1335,,1.52480000E-002,2.43840000E-001,6.09409000E-001                                                                                                                                                                                                      
ECHO: loadb GRID,1336,,2.28642000E-002,2.43840000E-001,6.09171000E-001                                                                                                                                                                                                      
ECHO: loadb GRID,1337,,3.04769000E-002,2.43840000E-001,6.08838000E-001                                                                                                                                                                                                      
ECHO: loadb GRID,1338,,3.80848000E-002,2.43840000E-001,6.08409000E-001                                                                                                                                                                                                      
ECHO: loadb GRID,1339,,4.56867000E-002,2.43840000E-001,6.07886000E-001                                                                                                                                                                                                      
ECHO: loadb GRID,1340,,5.32815000E-002,2.43840000E-001,6.07267000E-001                                                                                                                                                                                                      
ECHO: loadb GRID,1341,,6.08680000E-002,2.43840000E-001,6.06554000E-001                                                                                                                                                                                                      
ECHO: loadb GRID,1342,,6.84450000E-002,2.43840000E-001,6.05745000E-001                                                                                                                                                                                                      
ECHO: loadb GRID,1343,,7.60112000E-002,2.43840000E-001,6.04843000E-001                                                                                                                                                                                                      
ECHO: loadb GRID,1344,,8.35656000E-002,2.43840000E-001,6.03845000E-001                                                                                                                                                                                                      
ECHO: loadb GRID,1345,,9.11070000E-002,2.43840000E-001,6.02753000E-001                                                                                                                                                                                                      
ECHO: loadb GRID,1346,,9.86341000E-002,2.43840000E-001,6.01568000E-001                                                                                                                                                                                                      
ECHO: loadb GRID,1347,,1.06146000E-001,2.43840000E-001,6.00288000E-001                                                                                                                                                                                                      
ECHO: loadb GRID,1348,,1.13641000E-001,2.43840000E-001,5.98914000E-001                                                                                                                                                                                                      
ECHO: loadb GRID,1349,,1.21118000E-001,2.43840000E-001,5.97447000E-001                                                                                                                                                                                                      
ECHO: loadb GRID,1350,,1.28577000E-001,2.43840000E-001,5.95886000E-001                                                                                                                                                                                                      
ECHO: loadb GRID,1351,,1.36015000E-001,2.43840000E-001,5.94232000E-001                                                                                                                                                                                                      
ECHO: loadb GRID,1352,,1.43432000E-001,2.43840000E-001,5.92486000E-001                                                                                                                                                                                                      
ECHO: loadb GRID,1353,,1.50827000E-001,2.43840000E-001,5.90647000E-001                                                                                                                                                                                                      
ECHO: loadb GRID,1354,,-1.50808000E-001,2.51460000E-001,5.90651000E-001                                                                                                                                                                                                     
ECHO: loadb GRID,1355,,-1.43413000E-001,2.51460000E-001,5.92490000E-001                                                                                                                                                                                                     
ECHO: loadb GRID,1356,,-1.35996000E-001,2.51460000E-001,5.94237000E-001                                                                                                                                                                                                     
ECHO: loadb GRID,1357,,-1.28558000E-001,2.51460000E-001,5.95890000E-001                                                                                                                                                                                                     
ECHO: loadb GRID,1358,,-1.21099000E-001,2.51460000E-001,5.97450000E-001                                                                                                                                                                                                     
ECHO: loadb GRID,1359,,-1.13622000E-001,2.51460000E-001,5.98918000E-001                                                                                                                                                                                                     
ECHO: loadb GRID,1360,,-1.06127000E-001,2.51460000E-001,6.00291000E-001                                                                                                                                                                                                     
ECHO: loadb GRID,1361,,-9.86152000E-002,2.51460000E-001,6.01571000E-001                                                                                                                                                                                                     
ECHO: loadb GRID,1362,,-9.10880000E-002,2.51460000E-001,6.02756000E-001                                                                                                                                                                                                     
ECHO: loadb GRID,1363,,-8.35467000E-002,2.51460000E-001,6.03848000E-001                                                                                                                                                                                                     
ECHO: loadb GRID,1364,,-7.59922000E-002,2.51460000E-001,6.04845000E-001                                                                                                                                                                                                     
ECHO: loadb GRID,1365,,-6.84259000E-002,2.51460000E-001,6.05748000E-001                                                                                                                                                                                                     
ECHO: loadb GRID,1366,,-6.08489000E-002,2.51460000E-001,6.06555000E-001                                                                                                                                                                                                     
ECHO: loadb GRID,1367,,-5.32624000E-002,2.51460000E-001,6.07269000E-001                                                                                                                                                                                                     
ECHO: loadb GRID,1368,,-4.56676000E-002,2.51460000E-001,6.07887000E-001                                                                                                                                                                                                     
ECHO: loadb GRID,1369,,-3.80657000E-002,2.51460000E-001,6.08410000E-001                                                                                                                                                                                                     
ECHO: loadb GRID,1370,,-3.04577000E-002,2.51460000E-001,6.08839000E-001                                                                                                                                                                                                     
ECHO: loadb GRID,1371,,-2.28451000E-002,2.51460000E-001,6.09172000E-001                                                                                                                                                                                                     
ECHO: loadb GRID,1372,,-1.52288000E-002,2.51460000E-001,6.09410000E-001                                                                                                                                                                                                     
ECHO: loadb GRID,1373,,-7.61023000E-003,2.51460000E-001,6.09552000E-001                                                                                                                                                                                                     
ECHO: loadb GRID,1374,,9.57557000E-006,2.51460000E-001,6.09600000E-001                                                                                                                                                                                                      
ECHO: loadb GRID,1375,,7.62938000E-003,2.51460000E-001,6.09552000E-001                                                                                                                                                                                                      
ECHO: loadb GRID,1376,,1.52480000E-002,2.51460000E-001,6.09409000E-001                                                                                                                                                                                                      
ECHO: loadb GRID,1377,,2.28642000E-002,2.51460000E-001,6.09171000E-001                                                                                                                                                                                                      
ECHO: loadb GRID,1378,,3.04769000E-002,2.51460000E-001,6.08838000E-001                                                                                                                                                                                                      
ECHO: loadb GRID,1379,,3.80848000E-002,2.51460000E-001,6.08409000E-001                                                                                                                                                                                                      
ECHO: loadb GRID,1380,,4.56867000E-002,2.51460000E-001,6.07886000E-001                                                                                                                                                                                                      
ECHO: loadb GRID,1381,,5.32815000E-002,2.51460000E-001,6.07267000E-001                                                                                                                                                                                                      
ECHO: loadb GRID,1382,,6.08680000E-002,2.51460000E-001,6.06554000E-001                                                                                                                                                                                                      
ECHO: loadb GRID,1383,,6.84450000E-002,2.51460000E-001,6.05745000E-001                                                                                                                                                                                                      
ECHO: loadb GRID,1384,,7.60112000E-002,2.51460000E-001,6.04843000E-001                                                                                                                                                                                                      
ECHO: loadb GRID,1385,,8.35656000E-002,2.51460000E-001,6.03845000E-001                                                                                                                                                                                                      
ECHO: loadb GRID,1386,,9.11070000E-002,2.51460000E-001,6.02753000E-001                                                                                                                                                                                                      
ECHO: loadb GRID,1387,,9.86341000E-002,2.51460000E-001,6.01568000E-001                                                                                                                                                                                                      
ECHO: loadb GRID,1388,,1.06146000E-001,2.51460000E-001,6.00288000E-001                                                                                                                                                                                                      
ECHO: loadb GRID,1389,,1.13641000E-001,2.51460000E-001,5.98914000E-001                                                                                                                                                                                                      
ECHO: loadb GRID,1390,,1.21118000E-001,2.51460000E-001,5.97447000E-001                                                                                                                                                                                                      
ECHO: loadb GRID,1391,,1.28577000E-001,2.51460000E-001,5.95886000E-001                                                                                                                                                                                                      
ECHO: loadb GRID,1392,,1.36015000E-001,2.51460000E-001,5.94232000E-001                                                                                                                                                                                                      
ECHO: loadb GRID,1393,,1.43432000E-001,2.51460000E-001,5.92486000E-001                                                                                                                                                                                                      
ECHO: loadb GRID,1394,,1.50827000E-001,2.51460000E-001,5.90647000E-001                                                                                                                                                                                                      
ECHO: loadb GRID,1395,,-1.50808000E-001,2.59080000E-001,5.90651000E-001                                                                                                                                                                                                     
ECHO: loadb GRID,1396,,-1.43413000E-001,2.59080000E-001,5.92490000E-001                                                                                                                                                                                                     
ECHO: loadb GRID,1397,,-1.35996000E-001,2.59080000E-001,5.94237000E-001                                                                                                                                                                                                     
ECHO: loadb GRID,1398,,-1.28558000E-001,2.59080000E-001,5.95890000E-001                                                                                                                                                                                                     
ECHO: loadb GRID,1399,,-1.21099000E-001,2.59080000E-001,5.97450000E-001                                                                                                                                                                                                     
ECHO: loadb GRID,1400,,-1.13622000E-001,2.59080000E-001,5.98918000E-001                                                                                                                                                                                                     
ECHO: loadb GRID,1401,,-1.06127000E-001,2.59080000E-001,6.00291000E-001                                                                                                                                                                                                     
ECHO: loadb GRID,1402,,-9.86152000E-002,2.59080000E-001,6.01571000E-001                                                                                                                                                                                                     
ECHO: loadb GRID,1403,,-9.10880000E-002,2.59080000E-001,6.02756000E-001                                                                                                                                                                                                     
ECHO: loadb GRID,1404,,-8.35467000E-002,2.59080000E-001,6.03848000E-001                                                                                                                                                                                                     
ECHO: loadb GRID,1405,,-7.59922000E-002,2.59080000E-001,6.04845000E-001                                                                                                                                                                                                     
ECHO: loadb GRID,1406,,-6.84259000E-002,2.59080000E-001,6.05748000E-001                                                                                                                                                                                                     
ECHO: loadb GRID,1407,,-6.08489000E-002,2.59080000E-001,6.06555000E-001                                                                                                                                                                                                     
ECHO: loadb GRID,1408,,-5.32624000E-002,2.59080000E-001,6.07269000E-001                                                                                                                                                                                                     
ECHO: loadb GRID,1409,,-4.56676000E-002,2.59080000E-001,6.07887000E-001                                                                                                                                                                                                     
ECHO: loadb GRID,1410,,-3.80657000E-002,2.59080000E-001,6.08410000E-001                                                                                                                                                                                                     
ECHO: loadb GRID,1411,,-3.04577000E-002,2.59080000E-001,6.08839000E-001                                                                                                                                                                                                     
ECHO: loadb GRID,1412,,-2.28451000E-002,2.59080000E-001,6.09172000E-001                                                                                                                                                                                                     
ECHO: loadb GRID,1413,,-1.52288000E-002,2.59080000E-001,6.09410000E-001                                                                                                                                                                                                     
ECHO: loadb GRID,1414,,-7.61023000E-003,2.59080000E-001,6.09552000E-001                                                                                                                                                                                                     
ECHO: loadb GRID,1415,,9.57557000E-006,2.59080000E-001,6.09600000E-001                                                                                                                                                                                                      
ECHO: loadb GRID,1416,,7.62938000E-003,2.59080000E-001,6.09552000E-001                                                                                                                                                                                                      
ECHO: loadb GRID,1417,,1.52480000E-002,2.59080000E-001,6.09409000E-001                                                                                                                                                                                                      
ECHO: loadb GRID,1418,,2.28642000E-002,2.59080000E-001,6.09171000E-001                                                                                                                                                                                                      
ECHO: loadb GRID,1419,,3.04769000E-002,2.59080000E-001,6.08838000E-001                                                                                                                                                                                                      
ECHO: loadb GRID,1420,,3.80848000E-002,2.59080000E-001,6.08409000E-001                                                                                                                                                                                                      
ECHO: loadb GRID,1421,,4.56867000E-002,2.59080000E-001,6.07886000E-001                                                                                                                                                                                                      
ECHO: loadb GRID,1422,,5.32815000E-002,2.59080000E-001,6.07267000E-001                                                                                                                                                                                                      
ECHO: loadb GRID,1423,,6.08680000E-002,2.59080000E-001,6.06554000E-001                                                                                                                                                                                                      
ECHO: loadb GRID,1424,,6.84450000E-002,2.59080000E-001,6.05745000E-001                                                                                                                                                                                                      
ECHO: loadb GRID,1425,,7.60112000E-002,2.59080000E-001,6.04843000E-001                                                                                                                                                                                                      
ECHO: loadb GRID,1426,,8.35656000E-002,2.59080000E-001,6.03845000E-001                                                                                                                                                                                                      
ECHO: loadb GRID,1427,,9.11070000E-002,2.59080000E-001,6.02753000E-001                                                                                                                                                                                                      
ECHO: loadb GRID,1428,,9.86341000E-002,2.59080000E-001,6.01568000E-001                                                                                                                                                                                                      
ECHO: loadb GRID,1429,,1.06146000E-001,2.59080000E-001,6.00288000E-001                                                                                                                                                                                                      
ECHO: loadb GRID,1430,,1.13641000E-001,2.59080000E-001,5.98914000E-001                                                                                                                                                                                                      
ECHO: loadb GRID,1431,,1.21118000E-001,2.59080000E-001,5.97447000E-001                                                                                                                                                                                                      
ECHO: loadb GRID,1432,,1.28577000E-001,2.59080000E-001,5.95886000E-001                                                                                                                                                                                                      
ECHO: loadb GRID,1433,,1.36015000E-001,2.59080000E-001,5.94232000E-001                                                                                                                                                                                                      
ECHO: loadb GRID,1434,,1.43432000E-001,2.59080000E-001,5.92486000E-001                                                                                                                                                                                                      
ECHO: loadb GRID,1435,,1.50827000E-001,2.59080000E-001,5.90647000E-001                                                                                                                                                                                                      
ECHO: loadb GRID,1436,,-1.50808000E-001,2.66700000E-001,5.90651000E-001                                                                                                                                                                                                     
ECHO: loadb GRID,1437,,-1.43413000E-001,2.66700000E-001,5.92490000E-001                                                                                                                                                                                                     
ECHO: loadb GRID,1438,,-1.35996000E-001,2.66700000E-001,5.94237000E-001                                                                                                                                                                                                     
ECHO: loadb GRID,1439,,-1.28558000E-001,2.66700000E-001,5.95890000E-001                                                                                                                                                                                                     
ECHO: loadb GRID,1440,,-1.21099000E-001,2.66700000E-001,5.97450000E-001                                                                                                                                                                                                     
ECHO: loadb GRID,1441,,-1.13622000E-001,2.66700000E-001,5.98918000E-001                                                                                                                                                                                                     
ECHO: loadb GRID,1442,,-1.06127000E-001,2.66700000E-001,6.00291000E-001                                                                                                                                                                                                     
ECHO: loadb GRID,1443,,-9.86152000E-002,2.66700000E-001,6.01571000E-001                                                                                                                                                                                                     
ECHO: loadb GRID,1444,,-9.10880000E-002,2.66700000E-001,6.02756000E-001                                                                                                                                                                                                     
ECHO: loadb GRID,1445,,-8.35467000E-002,2.66700000E-001,6.03848000E-001                                                                                                                                                                                                     
ECHO: loadb GRID,1446,,-7.59922000E-002,2.66700000E-001,6.04845000E-001                                                                                                                                                                                                     
ECHO: loadb GRID,1447,,-6.84259000E-002,2.66700000E-001,6.05748000E-001                                                                                                                                                                                                     
ECHO: loadb GRID,1448,,-6.08489000E-002,2.66700000E-001,6.06555000E-001                                                                                                                                                                                                     
ECHO: loadb GRID,1449,,-5.32624000E-002,2.66700000E-001,6.07269000E-001                                                                                                                                                                                                     
ECHO: loadb GRID,1450,,-4.56676000E-002,2.66700000E-001,6.07887000E-001                                                                                                                                                                                                     
ECHO: loadb GRID,1451,,-3.80657000E-002,2.66700000E-001,6.08410000E-001                                                                                                                                                                                                     
ECHO: loadb GRID,1452,,-3.04577000E-002,2.66700000E-001,6.08839000E-001                                                                                                                                                                                                     
ECHO: loadb GRID,1453,,-2.28451000E-002,2.66700000E-001,6.09172000E-001                                                                                                                                                                                                     
ECHO: loadb GRID,1454,,-1.52288000E-002,2.66700000E-001,6.09410000E-001                                                                                                                                                                                                     
ECHO: loadb GRID,1455,,-7.61023000E-003,2.66700000E-001,6.09552000E-001                                                                                                                                                                                                     
ECHO: loadb GRID,1456,,9.57557000E-006,2.66700000E-001,6.09600000E-001                                                                                                                                                                                                      
ECHO: loadb GRID,1457,,7.62938000E-003,2.66700000E-001,6.09552000E-001                                                                                                                                                                                                      
ECHO: loadb GRID,1458,,1.52480000E-002,2.66700000E-001,6.09409000E-001                                                                                                                                                                                                      
ECHO: loadb GRID,1459,,2.28642000E-002,2.66700000E-001,6.09171000E-001                                                                                                                                                                                                      
ECHO: loadb GRID,1460,,3.04769000E-002,2.66700000E-001,6.08838000E-001                                                                                                                                                                                                      
ECHO: loadb GRID,1461,,3.80848000E-002,2.66700000E-001,6.08409000E-001                                                                                                                                                                                                      
ECHO: loadb GRID,1462,,4.56867000E-002,2.66700000E-001,6.07886000E-001                                                                                                                                                                                                      
ECHO: loadb GRID,1463,,5.32815000E-002,2.66700000E-001,6.07267000E-001                                                                                                                                                                                                      
ECHO: loadb GRID,1464,,6.08680000E-002,2.66700000E-001,6.06554000E-001                                                                                                                                                                                                      
ECHO: loadb GRID,1465,,6.84450000E-002,2.66700000E-001,6.05745000E-001                                                                                                                                                                                                      
ECHO: loadb GRID,1466,,7.60112000E-002,2.66700000E-001,6.04843000E-001                                                                                                                                                                                                      
ECHO: loadb GRID,1467,,8.35656000E-002,2.66700000E-001,6.03845000E-001                                                                                                                                                                                                      
ECHO: loadb GRID,1468,,9.11070000E-002,2.66700000E-001,6.02753000E-001                                                                                                                                                                                                      
ECHO: loadb GRID,1469,,9.86341000E-002,2.66700000E-001,6.01568000E-001                                                                                                                                                                                                      
ECHO: loadb GRID,1470,,1.06146000E-001,2.66700000E-001,6.00288000E-001                                                                                                                                                                                                      
ECHO: loadb GRID,1471,,1.13641000E-001,2.66700000E-001,5.98914000E-001                                                                                                                                                                                                      
ECHO: loadb GRID,1472,,1.21118000E-001,2.66700000E-001,5.97447000E-001                                                                                                                                                                                                      
ECHO: loadb GRID,1473,,1.28577000E-001,2.66700000E-001,5.95886000E-001                                                                                                                                                                                                      
ECHO: loadb GRID,1474,,1.36015000E-001,2.66700000E-001,5.94232000E-001                                                                                                                                                                                                      
ECHO: loadb GRID,1475,,1.43432000E-001,2.66700000E-001,5.92486000E-001                                                                                                                                                                                                      
ECHO: loadb GRID,1476,,1.50827000E-001,2.66700000E-001,5.90647000E-001                                                                                                                                                                                                      
ECHO: loadb GRID,1477,,-1.50808000E-001,2.74320000E-001,5.90651000E-001                                                                                                                                                                                                     
ECHO: loadb GRID,1478,,-1.43413000E-001,2.74320000E-001,5.92490000E-001                                                                                                                                                                                                     
ECHO: loadb GRID,1479,,-1.35996000E-001,2.74320000E-001,5.94237000E-001                                                                                                                                                                                                     
ECHO: loadb GRID,1480,,-1.28558000E-001,2.74320000E-001,5.95890000E-001                                                                                                                                                                                                     
ECHO: loadb GRID,1481,,-1.21099000E-001,2.74320000E-001,5.97450000E-001                                                                                                                                                                                                     
ECHO: loadb GRID,1482,,-1.13622000E-001,2.74320000E-001,5.98918000E-001                                                                                                                                                                                                     
ECHO: loadb GRID,1483,,-1.06127000E-001,2.74320000E-001,6.00291000E-001                                                                                                                                                                                                     
ECHO: loadb GRID,1484,,-9.86152000E-002,2.74320000E-001,6.01571000E-001                                                                                                                                                                                                     
ECHO: loadb GRID,1485,,-9.10880000E-002,2.74320000E-001,6.02756000E-001                                                                                                                                                                                                     
ECHO: loadb GRID,1486,,-8.35467000E-002,2.74320000E-001,6.03848000E-001                                                                                                                                                                                                     
ECHO: loadb GRID,1487,,-7.59922000E-002,2.74320000E-001,6.04845000E-001                                                                                                                                                                                                     
ECHO: loadb GRID,1488,,-6.84259000E-002,2.74320000E-001,6.05748000E-001                                                                                                                                                                                                     
ECHO: loadb GRID,1489,,-6.08489000E-002,2.74320000E-001,6.06555000E-001                                                                                                                                                                                                     
ECHO: loadb GRID,1490,,-5.32624000E-002,2.74320000E-001,6.07269000E-001                                                                                                                                                                                                     
ECHO: loadb GRID,1491,,-4.56676000E-002,2.74320000E-001,6.07887000E-001                                                                                                                                                                                                     
ECHO: loadb GRID,1492,,-3.80657000E-002,2.74320000E-001,6.08410000E-001                                                                                                                                                                                                     
ECHO: loadb GRID,1493,,-3.04577000E-002,2.74320000E-001,6.08839000E-001                                                                                                                                                                                                     
ECHO: loadb GRID,1494,,-2.28451000E-002,2.74320000E-001,6.09172000E-001                                                                                                                                                                                                     
ECHO: loadb GRID,1495,,-1.52288000E-002,2.74320000E-001,6.09410000E-001                                                                                                                                                                                                     
ECHO: loadb GRID,1496,,-7.61023000E-003,2.74320000E-001,6.09552000E-001                                                                                                                                                                                                     
ECHO: loadb GRID,1497,,9.57557000E-006,2.74320000E-001,6.09600000E-001                                                                                                                                                                                                      
ECHO: loadb GRID,1498,,7.62938000E-003,2.74320000E-001,6.09552000E-001                                                                                                                                                                                                      
ECHO: loadb GRID,1499,,1.52480000E-002,2.74320000E-001,6.09409000E-001                                                                                                                                                                                                      
ECHO: loadb GRID,1500,,2.28642000E-002,2.74320000E-001,6.09171000E-001                                                                                                                                                                                                      
ECHO: loadb GRID,1501,,3.04769000E-002,2.74320000E-001,6.08838000E-001                                                                                                                                                                                                      
ECHO: loadb GRID,1502,,3.80848000E-002,2.74320000E-001,6.08409000E-001                                                                                                                                                                                                      
ECHO: loadb GRID,1503,,4.56867000E-002,2.74320000E-001,6.07886000E-001                                                                                                                                                                                                      
ECHO: loadb GRID,1504,,5.32815000E-002,2.74320000E-001,6.07267000E-001                                                                                                                                                                                                      
ECHO: loadb GRID,1505,,6.08680000E-002,2.74320000E-001,6.06554000E-001                                                                                                                                                                                                      
ECHO: loadb GRID,1506,,6.84450000E-002,2.74320000E-001,6.05745000E-001                                                                                                                                                                                                      
ECHO: loadb GRID,1507,,7.60112000E-002,2.74320000E-001,6.04843000E-001                                                                                                                                                                                                      
ECHO: loadb GRID,1508,,8.35656000E-002,2.74320000E-001,6.03845000E-001                                                                                                                                                                                                      
ECHO: loadb GRID,1509,,9.11070000E-002,2.74320000E-001,6.02753000E-001                                                                                                                                                                                                      
ECHO: loadb GRID,1510,,9.86341000E-002,2.74320000E-001,6.01568000E-001                                                                                                                                                                                                      
ECHO: loadb GRID,1511,,1.06146000E-001,2.74320000E-001,6.00288000E-001                                                                                                                                                                                                      
ECHO: loadb GRID,1512,,1.13641000E-001,2.74320000E-001,5.98914000E-001                                                                                                                                                                                                      
ECHO: loadb GRID,1513,,1.21118000E-001,2.74320000E-001,5.97447000E-001                                                                                                                                                                                                      
ECHO: loadb GRID,1514,,1.28577000E-001,2.74320000E-001,5.95886000E-001                                                                                                                                                                                                      
ECHO: loadb GRID,1515,,1.36015000E-001,2.74320000E-001,5.94232000E-001                                                                                                                                                                                                      
ECHO: loadb GRID,1516,,1.43432000E-001,2.74320000E-001,5.92486000E-001                                                                                                                                                                                                      
ECHO: loadb GRID,1517,,1.50827000E-001,2.74320000E-001,5.90647000E-001                                                                                                                                                                                                      
ECHO: loadb GRID,1518,,-1.50808000E-001,2.81940000E-001,5.90651000E-001                                                                                                                                                                                                     
ECHO: loadb GRID,1519,,-1.43413000E-001,2.81940000E-001,5.92490000E-001                                                                                                                                                                                                     
ECHO: loadb GRID,1520,,-1.35996000E-001,2.81940000E-001,5.94237000E-001                                                                                                                                                                                                     
ECHO: loadb GRID,1521,,-1.28558000E-001,2.81940000E-001,5.95890000E-001                                                                                                                                                                                                     
ECHO: loadb GRID,1522,,-1.21099000E-001,2.81940000E-001,5.97450000E-001                                                                                                                                                                                                     
ECHO: loadb GRID,1523,,-1.13622000E-001,2.81940000E-001,5.98918000E-001                                                                                                                                                                                                     
ECHO: loadb GRID,1524,,-1.06127000E-001,2.81940000E-001,6.00291000E-001                                                                                                                                                                                                     
ECHO: loadb GRID,1525,,-9.86152000E-002,2.81940000E-001,6.01571000E-001                                                                                                                                                                                                     
ECHO: loadb GRID,1526,,-9.10880000E-002,2.81940000E-001,6.02756000E-001                                                                                                                                                                                                     
ECHO: loadb GRID,1527,,-8.35467000E-002,2.81940000E-001,6.03848000E-001                                                                                                                                                                                                     
ECHO: loadb GRID,1528,,-7.59922000E-002,2.81940000E-001,6.04845000E-001                                                                                                                                                                                                     
ECHO: loadb GRID,1529,,-6.84259000E-002,2.81940000E-001,6.05748000E-001                                                                                                                                                                                                     
ECHO: loadb GRID,1530,,-6.08489000E-002,2.81940000E-001,6.06555000E-001                                                                                                                                                                                                     
ECHO: loadb GRID,1531,,-5.32624000E-002,2.81940000E-001,6.07269000E-001                                                                                                                                                                                                     
ECHO: loadb GRID,1532,,-4.56676000E-002,2.81940000E-001,6.07887000E-001                                                                                                                                                                                                     
ECHO: loadb GRID,1533,,-3.80657000E-002,2.81940000E-001,6.08410000E-001                                                                                                                                                                                                     
ECHO: loadb GRID,1534,,-3.04577000E-002,2.81940000E-001,6.08839000E-001                                                                                                                                                                                                     
ECHO: loadb GRID,1535,,-2.28451000E-002,2.81940000E-001,6.09172000E-001                                                                                                                                                                                                     
ECHO: loadb GRID,1536,,-1.52288000E-002,2.81940000E-001,6.09410000E-001                                                                                                                                                                                                     
ECHO: loadb GRID,1537,,-7.61023000E-003,2.81940000E-001,6.09552000E-001                                                                                                                                                                                                     
ECHO: loadb GRID,1538,,9.57557000E-006,2.81940000E-001,6.09600000E-001                                                                                                                                                                                                      
ECHO: loadb GRID,1539,,7.62938000E-003,2.81940000E-001,6.09552000E-001                                                                                                                                                                                                      
ECHO: loadb GRID,1540,,1.52480000E-002,2.81940000E-001,6.09409000E-001                                                                                                                                                                                                      
ECHO: loadb GRID,1541,,2.28642000E-002,2.81940000E-001,6.09171000E-001                                                                                                                                                                                                      
ECHO: loadb GRID,1542,,3.04769000E-002,2.81940000E-001,6.08838000E-001                                                                                                                                                                                                      
ECHO: loadb GRID,1543,,3.80848000E-002,2.81940000E-001,6.08409000E-001                                                                                                                                                                                                      
ECHO: loadb GRID,1544,,4.56867000E-002,2.81940000E-001,6.07886000E-001                                                                                                                                                                                                      
ECHO: loadb GRID,1545,,5.32815000E-002,2.81940000E-001,6.07267000E-001                                                                                                                                                                                                      
ECHO: loadb GRID,1546,,6.08680000E-002,2.81940000E-001,6.06554000E-001                                                                                                                                                                                                      
ECHO: loadb GRID,1547,,6.84450000E-002,2.81940000E-001,6.05745000E-001                                                                                                                                                                                                      
ECHO: loadb GRID,1548,,7.60112000E-002,2.81940000E-001,6.04843000E-001                                                                                                                                                                                                      
ECHO: loadb GRID,1549,,8.35656000E-002,2.81940000E-001,6.03845000E-001                                                                                                                                                                                                      
ECHO: loadb GRID,1550,,9.11070000E-002,2.81940000E-001,6.02753000E-001                                                                                                                                                                                                      
ECHO: loadb GRID,1551,,9.86341000E-002,2.81940000E-001,6.01568000E-001                                                                                                                                                                                                      
ECHO: loadb GRID,1552,,1.06146000E-001,2.81940000E-001,6.00288000E-001                                                                                                                                                                                                      
ECHO: loadb GRID,1553,,1.13641000E-001,2.81940000E-001,5.98914000E-001                                                                                                                                                                                                      
ECHO: loadb GRID,1554,,1.21118000E-001,2.81940000E-001,5.97447000E-001                                                                                                                                                                                                      
ECHO: loadb GRID,1555,,1.28577000E-001,2.81940000E-001,5.95886000E-001                                                                                                                                                                                                      
ECHO: loadb GRID,1556,,1.36015000E-001,2.81940000E-001,5.94232000E-001                                                                                                                                                                                                      
ECHO: loadb GRID,1557,,1.43432000E-001,2.81940000E-001,5.92486000E-001                                                                                                                                                                                                      
ECHO: loadb GRID,1558,,1.50827000E-001,2.81940000E-001,5.90647000E-001                                                                                                                                                                                                      
ECHO: loadb GRID,1559,,-1.50808000E-001,2.89560000E-001,5.90651000E-001                                                                                                                                                                                                     
ECHO: loadb GRID,1560,,-1.43413000E-001,2.89560000E-001,5.92490000E-001                                                                                                                                                                                                     
ECHO: loadb GRID,1561,,-1.35996000E-001,2.89560000E-001,5.94237000E-001                                                                                                                                                                                                     
ECHO: loadb GRID,1562,,-1.28558000E-001,2.89560000E-001,5.95890000E-001                                                                                                                                                                                                     
ECHO: loadb GRID,1563,,-1.21099000E-001,2.89560000E-001,5.97450000E-001                                                                                                                                                                                                     
ECHO: loadb GRID,1564,,-1.13622000E-001,2.89560000E-001,5.98918000E-001                                                                                                                                                                                                     
ECHO: loadb GRID,1565,,-1.06127000E-001,2.89560000E-001,6.00291000E-001                                                                                                                                                                                                     
ECHO: loadb GRID,1566,,-9.86152000E-002,2.89560000E-001,6.01571000E-001                                                                                                                                                                                                     
ECHO: loadb GRID,1567,,-9.10880000E-002,2.89560000E-001,6.02756000E-001                                                                                                                                                                                                     
ECHO: loadb GRID,1568,,-8.35467000E-002,2.89560000E-001,6.03848000E-001                                                                                                                                                                                                     
ECHO: loadb GRID,1569,,-7.59922000E-002,2.89560000E-001,6.04845000E-001                                                                                                                                                                                                     
ECHO: loadb GRID,1570,,-6.84259000E-002,2.89560000E-001,6.05748000E-001                                                                                                                                                                                                     
ECHO: loadb GRID,1571,,-6.08489000E-002,2.89560000E-001,6.06555000E-001                                                                                                                                                                                                     
ECHO: loadb GRID,1572,,-5.32624000E-002,2.89560000E-001,6.07269000E-001                                                                                                                                                                                                     
ECHO: loadb GRID,1573,,-4.56676000E-002,2.89560000E-001,6.07887000E-001                                                                                                                                                                                                     
ECHO: loadb GRID,1574,,-3.80657000E-002,2.89560000E-001,6.08410000E-001                                                                                                                                                                                                     
ECHO: loadb GRID,1575,,-3.04577000E-002,2.89560000E-001,6.08839000E-001                                                                                                                                                                                                     
ECHO: loadb GRID,1576,,-2.28451000E-002,2.89560000E-001,6.09172000E-001                                                                                                                                                                                                     
ECHO: loadb GRID,1577,,-1.52288000E-002,2.89560000E-001,6.09410000E-001                                                                                                                                                                                                     
ECHO: loadb GRID,1578,,-7.61023000E-003,2.89560000E-001,6.09552000E-001                                                                                                                                                                                                     
ECHO: loadb GRID,1579,,9.57557000E-006,2.89560000E-001,6.09600000E-001                                                                                                                                                                                                      
ECHO: loadb GRID,1580,,7.62938000E-003,2.89560000E-001,6.09552000E-001                                                                                                                                                                                                      
ECHO: loadb GRID,1581,,1.52480000E-002,2.89560000E-001,6.09409000E-001                                                                                                                                                                                                      
ECHO: loadb GRID,1582,,2.28642000E-002,2.89560000E-001,6.09171000E-001                                                                                                                                                                                                      
ECHO: loadb GRID,1583,,3.04769000E-002,2.89560000E-001,6.08838000E-001                                                                                                                                                                                                      
ECHO: loadb GRID,1584,,3.80848000E-002,2.89560000E-001,6.08409000E-001                                                                                                                                                                                                      
ECHO: loadb GRID,1585,,4.56867000E-002,2.89560000E-001,6.07886000E-001                                                                                                                                                                                                      
ECHO: loadb GRID,1586,,5.32815000E-002,2.89560000E-001,6.07267000E-001                                                                                                                                                                                                      
ECHO: loadb GRID,1587,,6.08680000E-002,2.89560000E-001,6.06554000E-001                                                                                                                                                                                                      
ECHO: loadb GRID,1588,,6.84450000E-002,2.89560000E-001,6.05745000E-001                                                                                                                                                                                                      
ECHO: loadb GRID,1589,,7.60112000E-002,2.89560000E-001,6.04843000E-001                                                                                                                                                                                                      
ECHO: loadb GRID,1590,,8.35656000E-002,2.89560000E-001,6.03845000E-001                                                                                                                                                                                                      
ECHO: loadb GRID,1591,,9.11070000E-002,2.89560000E-001,6.02753000E-001                                                                                                                                                                                                      
ECHO: loadb GRID,1592,,9.86341000E-002,2.89560000E-001,6.01568000E-001                                                                                                                                                                                                      
ECHO: loadb GRID,1593,,1.06146000E-001,2.89560000E-001,6.00288000E-001                                                                                                                                                                                                      
ECHO: loadb GRID,1594,,1.13641000E-001,2.89560000E-001,5.98914000E-001                                                                                                                                                                                                      
ECHO: loadb GRID,1595,,1.21118000E-001,2.89560000E-001,5.97447000E-001                                                                                                                                                                                                      
ECHO: loadb GRID,1596,,1.28577000E-001,2.89560000E-001,5.95886000E-001                                                                                                                                                                                                      
ECHO: loadb GRID,1597,,1.36015000E-001,2.89560000E-001,5.94232000E-001                                                                                                                                                                                                      
ECHO: loadb GRID,1598,,1.43432000E-001,2.89560000E-001,5.92486000E-001                                                                                                                                                                                                      
ECHO: loadb GRID,1599,,1.50827000E-001,2.89560000E-001,5.90647000E-001                                                                                                                                                                                                      
ECHO: loadb GRID,1600,,-1.50808000E-001,2.97180000E-001,5.90651000E-001                                                                                                                                                                                                     
ECHO: loadb GRID,1601,,-1.43413000E-001,2.97180000E-001,5.92490000E-001                                                                                                                                                                                                     
ECHO: loadb GRID,1602,,-1.35996000E-001,2.97180000E-001,5.94237000E-001                                                                                                                                                                                                     
ECHO: loadb GRID,1603,,-1.28558000E-001,2.97180000E-001,5.95890000E-001                                                                                                                                                                                                     
ECHO: loadb GRID,1604,,-1.21099000E-001,2.97180000E-001,5.97450000E-001                                                                                                                                                                                                     
ECHO: loadb GRID,1605,,-1.13622000E-001,2.97180000E-001,5.98918000E-001                                                                                                                                                                                                     
ECHO: loadb GRID,1606,,-1.06127000E-001,2.97180000E-001,6.00291000E-001                                                                                                                                                                                                     
ECHO: loadb GRID,1607,,-9.86152000E-002,2.97180000E-001,6.01571000E-001                                                                                                                                                                                                     
ECHO: loadb GRID,1608,,-9.10880000E-002,2.97180000E-001,6.02756000E-001                                                                                                                                                                                                     
ECHO: loadb GRID,1609,,-8.35467000E-002,2.97180000E-001,6.03848000E-001                                                                                                                                                                                                     
ECHO: loadb GRID,1610,,-7.59922000E-002,2.97180000E-001,6.04845000E-001                                                                                                                                                                                                     
ECHO: loadb GRID,1611,,-6.84259000E-002,2.97180000E-001,6.05748000E-001                                                                                                                                                                                                     
ECHO: loadb GRID,1612,,-6.08489000E-002,2.97180000E-001,6.06555000E-001                                                                                                                                                                                                     
ECHO: loadb GRID,1613,,-5.32624000E-002,2.97180000E-001,6.07269000E-001                                                                                                                                                                                                     
ECHO: loadb GRID,1614,,-4.56676000E-002,2.97180000E-001,6.07887000E-001                                                                                                                                                                                                     
ECHO: loadb GRID,1615,,-3.80657000E-002,2.97180000E-001,6.08410000E-001                                                                                                                                                                                                     
ECHO: loadb GRID,1616,,-3.04577000E-002,2.97180000E-001,6.08839000E-001                                                                                                                                                                                                     
ECHO: loadb GRID,1617,,-2.28451000E-002,2.97180000E-001,6.09172000E-001                                                                                                                                                                                                     
ECHO: loadb GRID,1618,,-1.52288000E-002,2.97180000E-001,6.09410000E-001                                                                                                                                                                                                     
ECHO: loadb GRID,1619,,-7.61023000E-003,2.97180000E-001,6.09552000E-001                                                                                                                                                                                                     
ECHO: loadb GRID,1620,,9.57557000E-006,2.97180000E-001,6.09600000E-001                                                                                                                                                                                                      
ECHO: loadb GRID,1621,,7.62938000E-003,2.97180000E-001,6.09552000E-001                                                                                                                                                                                                      
ECHO: loadb GRID,1622,,1.52480000E-002,2.97180000E-001,6.09409000E-001                                                                                                                                                                                                      
ECHO: loadb GRID,1623,,2.28642000E-002,2.97180000E-001,6.09171000E-001                                                                                                                                                                                                      
ECHO: loadb GRID,1624,,3.04769000E-002,2.97180000E-001,6.08838000E-001                                                                                                                                                                                                      
ECHO: loadb GRID,1625,,3.80848000E-002,2.97180000E-001,6.08409000E-001                                                                                                                                                                                                      
ECHO: loadb GRID,1626,,4.56867000E-002,2.97180000E-001,6.07886000E-001                                                                                                                                                                                                      
ECHO: loadb GRID,1627,,5.32815000E-002,2.97180000E-001,6.07267000E-001                                                                                                                                                                                                      
ECHO: loadb GRID,1628,,6.08680000E-002,2.97180000E-001,6.06554000E-001                                                                                                                                                                                                      
ECHO: loadb GRID,1629,,6.84450000E-002,2.97180000E-001,6.05745000E-001                                                                                                                                                                                                      
ECHO: loadb GRID,1630,,7.60112000E-002,2.97180000E-001,6.04843000E-001                                                                                                                                                                                                      
ECHO: loadb GRID,1631,,8.35656000E-002,2.97180000E-001,6.03845000E-001                                                                                                                                                                                                      
ECHO: loadb GRID,1632,,9.11070000E-002,2.97180000E-001,6.02753000E-001                                                                                                                                                                                                      
ECHO: loadb GRID,1633,,9.86341000E-002,2.97180000E-001,6.01568000E-001                                                                                                                                                                                                      
ECHO: loadb GRID,1634,,1.06146000E-001,2.97180000E-001,6.00288000E-001                                                                                                                                                                                                      
ECHO: loadb GRID,1635,,1.13641000E-001,2.97180000E-001,5.98914000E-001                                                                                                                                                                                                      
ECHO: loadb GRID,1636,,1.21118000E-001,2.97180000E-001,5.97447000E-001                                                                                                                                                                                                      
ECHO: loadb GRID,1637,,1.28577000E-001,2.97180000E-001,5.95886000E-001                                                                                                                                                                                                      
ECHO: loadb GRID,1638,,1.36015000E-001,2.97180000E-001,5.94232000E-001                                                                                                                                                                                                      
ECHO: loadb GRID,1639,,1.43432000E-001,2.97180000E-001,5.92486000E-001                                                                                                                                                                                                      
ECHO: loadb GRID,1640,,1.50827000E-001,2.97180000E-001,5.90647000E-001                                                                                                                                                                                                      
ECHO: loadb GRID,1641,,-1.50808000E-001,3.04800000E-001,5.90651000E-001                                                                                                                                                                                                     
ECHO: loadb GRID,1642,,-1.43413000E-001,3.04800000E-001,5.92490000E-001                                                                                                                                                                                                     
ECHO: loadb GRID,1643,,-1.35996000E-001,3.04800000E-001,5.94237000E-001                                                                                                                                                                                                     
ECHO: loadb GRID,1644,,-1.28558000E-001,3.04800000E-001,5.95890000E-001                                                                                                                                                                                                     
ECHO: loadb GRID,1645,,-1.21099000E-001,3.04800000E-001,5.97450000E-001                                                                                                                                                                                                     
ECHO: loadb GRID,1646,,-1.13622000E-001,3.04800000E-001,5.98918000E-001                                                                                                                                                                                                     
ECHO: loadb GRID,1647,,-1.06127000E-001,3.04800000E-001,6.00291000E-001                                                                                                                                                                                                     
ECHO: loadb GRID,1648,,-9.86152000E-002,3.04800000E-001,6.01571000E-001                                                                                                                                                                                                     
ECHO: loadb GRID,1649,,-9.10880000E-002,3.04800000E-001,6.02756000E-001                                                                                                                                                                                                     
ECHO: loadb GRID,1650,,-8.35467000E-002,3.04800000E-001,6.03848000E-001                                                                                                                                                                                                     
ECHO: loadb GRID,1651,,-7.59922000E-002,3.04800000E-001,6.04845000E-001                                                                                                                                                                                                     
ECHO: loadb GRID,1652,,-6.84259000E-002,3.04800000E-001,6.05748000E-001                                                                                                                                                                                                     
ECHO: loadb GRID,1653,,-6.08489000E-002,3.04800000E-001,6.06555000E-001                                                                                                                                                                                                     
ECHO: loadb GRID,1654,,-5.32624000E-002,3.04800000E-001,6.07269000E-001                                                                                                                                                                                                     
ECHO: loadb GRID,1655,,-4.56676000E-002,3.04800000E-001,6.07887000E-001                                                                                                                                                                                                     
ECHO: loadb GRID,1656,,-3.80657000E-002,3.04800000E-001,6.08410000E-001                                                                                                                                                                                                     
ECHO: loadb GRID,1657,,-3.04577000E-002,3.04800000E-001,6.08839000E-001                                                                                                                                                                                                     
ECHO: loadb GRID,1658,,-2.28451000E-002,3.04800000E-001,6.09172000E-001                                                                                                                                                                                                     
ECHO: loadb GRID,1659,,-1.52288000E-002,3.04800000E-001,6.09410000E-001                                                                                                                                                                                                     
ECHO: loadb GRID,1660,,-7.61023000E-003,3.04800000E-001,6.09552000E-001                                                                                                                                                                                                     
ECHO: loadb GRID,1661,,9.57557000E-006,3.04800000E-001,6.09600000E-001                                                                                                                                                                                                      
ECHO: loadb GRID,1662,,7.62938000E-003,3.04800000E-001,6.09552000E-001                                                                                                                                                                                                      
ECHO: loadb GRID,1663,,1.52480000E-002,3.04800000E-001,6.09409000E-001                                                                                                                                                                                                      
ECHO: loadb GRID,1664,,2.28642000E-002,3.04800000E-001,6.09171000E-001                                                                                                                                                                                                      
ECHO: loadb GRID,1665,,3.04769000E-002,3.04800000E-001,6.08838000E-001                                                                                                                                                                                                      
ECHO: loadb GRID,1666,,3.80848000E-002,3.04800000E-001,6.08409000E-001                                                                                                                                                                                                      
ECHO: loadb GRID,1667,,4.56867000E-002,3.04800000E-001,6.07886000E-001                                                                                                                                                                                                      
ECHO: loadb GRID,1668,,5.32815000E-002,3.04800000E-001,6.07267000E-001                                                                                                                                                                                                      
ECHO: loadb GRID,1669,,6.08680000E-002,3.04800000E-001,6.06554000E-001                                                                                                                                                                                                      
ECHO: loadb GRID,1670,,6.84450000E-002,3.04800000E-001,6.05745000E-001                                                                                                                                                                                                      
ECHO: loadb GRID,1671,,7.60112000E-002,3.04800000E-001,6.04843000E-001                                                                                                                                                                                                      
ECHO: loadb GRID,1672,,8.35656000E-002,3.04800000E-001,6.03845000E-001                                                                                                                                                                                                      
ECHO: loadb GRID,1673,,9.11070000E-002,3.04800000E-001,6.02753000E-001                                                                                                                                                                                                      
ECHO: loadb GRID,1674,,9.86341000E-002,3.04800000E-001,6.01568000E-001                                                                                                                                                                                                      
ECHO: loadb GRID,1675,,1.06146000E-001,3.04800000E-001,6.00288000E-001                                                                                                                                                                                                      
ECHO: loadb GRID,1676,,1.13641000E-001,3.04800000E-001,5.98914000E-001                                                                                                                                                                                                      
ECHO: loadb GRID,1677,,1.21118000E-001,3.04800000E-001,5.97447000E-001                                                                                                                                                                                                      
ECHO: loadb GRID,1678,,1.28577000E-001,3.04800000E-001,5.95886000E-001                                                                                                                                                                                                      
ECHO: loadb GRID,1679,,1.36015000E-001,3.04800000E-001,5.94232000E-001                                                                                                                                                                                                      
ECHO: loadb GRID,1680,,1.43432000E-001,3.04800000E-001,5.92486000E-001                                                                                                                                                                                                      
ECHO: loadb GRID,1681,,1.50827000E-001,3.04800000E-001,5.90647000E-001                                                                                                                                                                                                      
ECHO: loadb CQUAD4,1,1,2,1,42,43                                                                                                                                                                                                                                            
ECHO: loadb CQUAD4,2,1,3,2,43,44                                                                                                                                                                                                                                            
ECHO: loadb CQUAD4,3,1,4,3,44,45                                                                                                                                                                                                                                            
ECHO: loadb CQUAD4,4,1,5,4,45,46                                                                                                                                                                                                                                            
ECHO: loadb CQUAD4,5,1,6,5,46,47                                                                                                                                                                                                                                            
ECHO: loadb CQUAD4,6,1,7,6,47,48                                                                                                                                                                                                                                            
ECHO: loadb CQUAD4,7,1,8,7,48,49                                                                                                                                                                                                                                            
ECHO: loadb CQUAD4,8,1,9,8,49,50                                                                                                                                                                                                                                            
ECHO: loadb CQUAD4,9,1,10,9,50,51                                                                                                                                                                                                                                           
ECHO: loadb CQUAD4,10,1,11,10,51,52                                                                                                                                                                                                                                         
ECHO: loadb CQUAD4,11,1,12,11,52,53                                                                                                                                                                                                                                         
ECHO: loadb CQUAD4,12,1,13,12,53,54                                                                                                                                                                                                                                         
ECHO: loadb CQUAD4,13,1,14,13,54,55                                                                                                                                                                                                                                         
ECHO: loadb CQUAD4,14,1,15,14,55,56                                                                                                                                                                                                                                         
ECHO: loadb CQUAD4,15,1,16,15,56,57                                                                                                                                                                                                                                         
ECHO: loadb CQUAD4,16,1,17,16,57,58                                                                                                                                                                                                                                         
ECHO: loadb CQUAD4,17,1,18,17,58,59                                                                                                                                                                                                                                         
ECHO: loadb CQUAD4,18,1,19,18,59,60                                                                                                                                                                                                                                         
ECHO: loadb CQUAD4,19,1,20,19,60,61                                                                                                                                                                                                                                         
ECHO: loadb CQUAD4,20,1,21,20,61,62                                                                                                                                                                                                                                         
ECHO: loadb CQUAD4,21,1,22,21,62,63                                                                                                                                                                                                                                         
ECHO: loadb CQUAD4,22,1,23,22,63,64                                                                                                                                                                                                                                         
ECHO: loadb CQUAD4,23,1,24,23,64,65                                                                                                                                                                                                                                         
ECHO: loadb CQUAD4,24,1,25,24,65,66                                                                                                                                                                                                                                         
ECHO: loadb CQUAD4,25,1,26,25,66,67                                                                                                                                                                                                                                         
ECHO: loadb CQUAD4,26,1,27,26,67,68                                                                                                                                                                                                                                         
ECHO: loadb CQUAD4,27,1,28,27,68,69                                                                                                                                                                                                                                         
ECHO: loadb CQUAD4,28,1,29,28,69,70                                                                                                                                                                                                                                         
ECHO: loadb CQUAD4,29,1,30,29,70,71                                                                                                                                                                                                                                         
ECHO: loadb CQUAD4,30,1,31,30,71,72                                                                                                                                                                                                                                         
ECHO: loadb CQUAD4,31,1,32,31,72,73                                                                                                                                                                                                                                         
ECHO: loadb CQUAD4,32,1,33,32,73,74                                                                                                                                                                                                                                         
ECHO: loadb CQUAD4,33,1,34,33,74,75                                                                                                                                                                                                                                         
ECHO: loadb CQUAD4,34,1,35,34,75,76                                                                                                                                                                                                                                         
ECHO: loadb CQUAD4,35,1,36,35,76,77                                                                                                                                                                                                                                         
ECHO: loadb CQUAD4,36,1,37,36,77,78                                                                                                                                                                                                                                         
ECHO: loadb CQUAD4,37,1,38,37,78,79                                                                                                                                                                                                                                         
ECHO: loadb CQUAD4,38,1,39,38,79,80                                                                                                                                                                                                                                         
ECHO: loadb CQUAD4,39,1,40,39,80,81                                                                                                                                                                                                                                         
ECHO: loadb CQUAD4,40,1,41,40,81,82                                                                                                                                                                                                                                         
ECHO: loadb CQUAD4,41,1,43,42,83,84                                                                                                                                                                                                                                         
ECHO: loadb CQUAD4,42,1,44,43,84,85                                                                                                                                                                                                                                         
ECHO: loadb CQUAD4,43,1,45,44,85,86                                                                                                                                                                                                                                         
ECHO: loadb CQUAD4,44,1,46,45,86,87                                                                                                                                                                                                                                         
ECHO: loadb CQUAD4,45,1,47,46,87,88                                                                                                                                                                                                                                         
ECHO: loadb CQUAD4,46,1,48,47,88,89                                                                                                                                                                                                                                         
ECHO: loadb CQUAD4,47,1,49,48,89,90                                                                                                                                                                                                                                         
ECHO: loadb CQUAD4,48,1,50,49,90,91                                                                                                                                                                                                                                         
ECHO: loadb CQUAD4,49,1,51,50,91,92                                                                                                                                                                                                                                         
ECHO: loadb CQUAD4,50,1,52,51,92,93                                                                                                                                                                                                                                         
ECHO: loadb CQUAD4,51,1,53,52,93,94                                                                                                                                                                                                                                         
ECHO: loadb CQUAD4,52,1,54,53,94,95                                                                                                                                                                                                                                         
ECHO: loadb CQUAD4,53,1,55,54,95,96                                                                                                                                                                                                                                         
ECHO: loadb CQUAD4,54,1,56,55,96,97                                                                                                                                                                                                                                         
ECHO: loadb CQUAD4,55,1,57,56,97,98                                                                                                                                                                                                                                         
ECHO: loadb CQUAD4,56,1,58,57,98,99                                                                                                                                                                                                                                         
ECHO: loadb CQUAD4,57,1,59,58,99,100                                                                                                                                                                                                                                        
ECHO: loadb CQUAD4,58,1,60,59,100,101                                                                                                                                                                                                                                       
ECHO: loadb CQUAD4,59,1,61,60,101,102                                                                                                                                                                                                                                       
ECHO: loadb CQUAD4,60,1,62,61,102,103                                                                                                                                                                                                                                       
ECHO: loadb CQUAD4,61,1,63,62,103,104                                                                                                                                                                                                                                       
ECHO: loadb CQUAD4,62,1,64,63,104,105                                                                                                                                                                                                                                       
ECHO: loadb CQUAD4,63,1,65,64,105,106                                                                                                                                                                                                                                       
ECHO: loadb CQUAD4,64,1,66,65,106,107                                                                                                                                                                                                                                       
ECHO: loadb CQUAD4,65,1,67,66,107,108                                                                                                                                                                                                                                       
ECHO: loadb CQUAD4,66,1,68,67,108,109                                                                                                                                                                                                                                       
ECHO: loadb CQUAD4,67,1,69,68,109,110                                                                                                                                                                                                                                       
ECHO: loadb CQUAD4,68,1,70,69,110,111                                                                                                                                                                                                                                       
ECHO: loadb CQUAD4,69,1,71,70,111,112                                                                                                                                                                                                                                       
ECHO: loadb CQUAD4,70,1,72,71,112,113                                                                                                                                                                                                                                       
ECHO: loadb CQUAD4,71,1,73,72,113,114                                                                                                                                                                                                                                       
ECHO: loadb CQUAD4,72,1,74,73,114,115                                                                                                                                                                                                                                       
ECHO: loadb CQUAD4,73,1,75,74,115,116                                                                                                                                                                                                                                       
ECHO: loadb CQUAD4,74,1,76,75,116,117                                                                                                                                                                                                                                       
ECHO: loadb CQUAD4,75,1,77,76,117,118                                                                                                                                                                                                                                       
ECHO: loadb CQUAD4,76,1,78,77,118,119                                                                                                                                                                                                                                       
ECHO: loadb CQUAD4,77,1,79,78,119,120                                                                                                                                                                                                                                       
ECHO: loadb CQUAD4,78,1,80,79,120,121                                                                                                                                                                                                                                       
ECHO: loadb CQUAD4,79,1,81,80,121,122                                                                                                                                                                                                                                       
ECHO: loadb CQUAD4,80,1,82,81,122,123                                                                                                                                                                                                                                       
ECHO: loadb CQUAD4,81,1,84,83,124,125                                                                                                                                                                                                                                       
ECHO: loadb CQUAD4,82,1,85,84,125,126                                                                                                                                                                                                                                       
ECHO: loadb CQUAD4,83,1,86,85,126,127                                                                                                                                                                                                                                       
ECHO: loadb CQUAD4,84,1,87,86,127,128                                                                                                                                                                                                                                       
ECHO: loadb CQUAD4,85,1,88,87,128,129                                                                                                                                                                                                                                       
ECHO: loadb CQUAD4,86,1,89,88,129,130                                                                                                                                                                                                                                       
ECHO: loadb CQUAD4,87,1,90,89,130,131                                                                                                                                                                                                                                       
ECHO: loadb CQUAD4,88,1,91,90,131,132                                                                                                                                                                                                                                       
ECHO: loadb CQUAD4,89,1,92,91,132,133                                                                                                                                                                                                                                       
ECHO: loadb CQUAD4,90,1,93,92,133,134                                                                                                                                                                                                                                       
ECHO: loadb CQUAD4,91,1,94,93,134,135                                                                                                                                                                                                                                       
ECHO: loadb CQUAD4,92,1,95,94,135,136                                                                                                                                                                                                                                       
ECHO: loadb CQUAD4,93,1,96,95,136,137                                                                                                                                                                                                                                       
ECHO: loadb CQUAD4,94,1,97,96,137,138                                                                                                                                                                                                                                       
ECHO: loadb CQUAD4,95,1,98,97,138,139                                                                                                                                                                                                                                       
ECHO: loadb CQUAD4,96,1,99,98,139,140                                                                                                                                                                                                                                       
ECHO: loadb CQUAD4,97,1,100,99,140,141                                                                                                                                                                                                                                      
ECHO: loadb CQUAD4,98,1,101,100,141,142                                                                                                                                                                                                                                     
ECHO: loadb CQUAD4,99,1,102,101,142,143                                                                                                                                                                                                                                     
ECHO: loadb CQUAD4,100,1,103,102,143,144                                                                                                                                                                                                                                    
ECHO: loadb CQUAD4,101,1,104,103,144,145                                                                                                                                                                                                                                    
ECHO: loadb CQUAD4,102,1,105,104,145,146                                                                                                                                                                                                                                    
ECHO: loadb CQUAD4,103,1,106,105,146,147                                                                                                                                                                                                                                    
ECHO: loadb CQUAD4,104,1,107,106,147,148                                                                                                                                                                                                                                    
ECHO: loadb CQUAD4,105,1,108,107,148,149                                                                                                                                                                                                                                    
ECHO: loadb CQUAD4,106,1,109,108,149,150                                                                                                                                                                                                                                    
ECHO: loadb CQUAD4,107,1,110,109,150,151                                                                                                                                                                                                                                    
ECHO: loadb CQUAD4,108,1,111,110,151,152                                                                                                                                                                                                                                    
ECHO: loadb CQUAD4,109,1,112,111,152,153                                                                                                                                                                                                                                    
ECHO: loadb CQUAD4,110,1,113,112,153,154                                                                                                                                                                                                                                    
ECHO: loadb CQUAD4,111,1,114,113,154,155                                                                                                                                                                                                                                    
ECHO: loadb CQUAD4,112,1,115,114,155,156                                                                                                                                                                                                                                    
ECHO: loadb CQUAD4,113,1,116,115,156,157                                                                                                                                                                                                                                    
ECHO: loadb CQUAD4,114,1,117,116,157,158                                                                                                                                                                                                                                    
ECHO: loadb CQUAD4,115,1,118,117,158,159                                                                                                                                                                                                                                    
ECHO: loadb CQUAD4,116,1,119,118,159,160                                                                                                                                                                                                                                    
ECHO: loadb CQUAD4,117,1,120,119,160,161                                                                                                                                                                                                                                    
ECHO: loadb CQUAD4,118,1,121,120,161,162                                                                                                                                                                                                                                    
ECHO: loadb CQUAD4,119,1,122,121,162,163                                                                                                                                                                                                                                    
ECHO: loadb CQUAD4,120,1,123,122,163,164                                                                                                                                                                                                                                    
ECHO: loadb CQUAD4,121,1,125,124,165,166                                                                                                                                                                                                                                    
ECHO: loadb CQUAD4,122,1,126,125,166,167                                                                                                                                                                                                                                    
ECHO: loadb CQUAD4,123,1,127,126,167,168                                                                                                                                                                                                                                    
ECHO: loadb CQUAD4,124,1,128,127,168,169                                                                                                                                                                                                                                    
ECHO: loadb CQUAD4,125,1,129,128,169,170                                                                                                                                                                                                                                    
ECHO: loadb CQUAD4,126,1,130,129,170,171                                                                                                                                                                                                                                    
ECHO: loadb CQUAD4,127,1,131,130,171,172                                                                                                                                                                                                                                    
ECHO: loadb CQUAD4,128,1,132,131,172,173                                                                                                                                                                                                                                    
ECHO: loadb CQUAD4,129,1,133,132,173,174                                                                                                                                                                                                                                    
ECHO: loadb CQUAD4,130,1,134,133,174,175                                                                                                                                                                                                                                    
ECHO: loadb CQUAD4,131,1,135,134,175,176                                                                                                                                                                                                                                    
ECHO: loadb CQUAD4,132,1,136,135,176,177                                                                                                                                                                                                                                    
ECHO: loadb CQUAD4,133,1,137,136,177,178                                                                                                                                                                                                                                    
ECHO: loadb CQUAD4,134,1,138,137,178,179                                                                                                                                                                                                                                    
ECHO: loadb CQUAD4,135,1,139,138,179,180                                                                                                                                                                                                                                    
ECHO: loadb CQUAD4,136,1,140,139,180,181                                                                                                                                                                                                                                    
ECHO: loadb CQUAD4,137,1,141,140,181,182                                                                                                                                                                                                                                    
ECHO: loadb CQUAD4,138,1,142,141,182,183                                                                                                                                                                                                                                    
ECHO: loadb CQUAD4,139,1,143,142,183,184                                                                                                                                                                                                                                    
ECHO: loadb CQUAD4,140,1,144,143,184,185                                                                                                                                                                                                                                    
ECHO: loadb CQUAD4,141,1,145,144,185,186                                                                                                                                                                                                                                    
ECHO: loadb CQUAD4,142,1,146,145,186,187                                                                                                                                                                                                                                    
ECHO: loadb CQUAD4,143,1,147,146,187,188                                                                                                                                                                                                                                    
ECHO: loadb CQUAD4,144,1,148,147,188,189                                                                                                                                                                                                                                    
ECHO: loadb CQUAD4,145,1,149,148,189,190                                                                                                                                                                                                                                    
ECHO: loadb CQUAD4,146,1,150,149,190,191                                                                                                                                                                                                                                    
ECHO: loadb CQUAD4,147,1,151,150,191,192                                                                                                                                                                                                                                    
ECHO: loadb CQUAD4,148,1,152,151,192,193                                                                                                                                                                                                                                    
ECHO: loadb CQUAD4,149,1,153,152,193,194                                                                                                                                                                                                                                    
ECHO: loadb CQUAD4,150,1,154,153,194,195                                                                                                                                                                                                                                    
ECHO: loadb CQUAD4,151,1,155,154,195,196                                                                                                                                                                                                                                    
ECHO: loadb CQUAD4,152,1,156,155,196,197                                                                                                                                                                                                                                    
ECHO: loadb CQUAD4,153,1,157,156,197,198                                                                                                                                                                                                                                    
ECHO: loadb CQUAD4,154,1,158,157,198,199                                                                                                                                                                                                                                    
ECHO: loadb CQUAD4,155,1,159,158,199,200                                                                                                                                                                                                                                    
ECHO: loadb CQUAD4,156,1,160,159,200,201                                                                                                                                                                                                                                    
ECHO: loadb CQUAD4,157,1,161,160,201,202                                                                                                                                                                                                                                    
ECHO: loadb CQUAD4,158,1,162,161,202,203                                                                                                                                                                                                                                    
ECHO: loadb CQUAD4,159,1,163,162,203,204                                                                                                                                                                                                                                    
ECHO: loadb CQUAD4,160,1,164,163,204,205                                                                                                                                                                                                                                    
ECHO: loadb CQUAD4,161,1,166,165,206,207                                                                                                                                                                                                                                    
ECHO: loadb CQUAD4,162,1,167,166,207,208                                                                                                                                                                                                                                    
ECHO: loadb CQUAD4,163,1,168,167,208,209                                                                                                                                                                                                                                    
ECHO: loadb CQUAD4,164,1,169,168,209,210                                                                                                                                                                                                                                    
ECHO: loadb CQUAD4,165,1,170,169,210,211                                                                                                                                                                                                                                    
ECHO: loadb CQUAD4,166,1,171,170,211,212                                                                                                                                                                                                                                    
ECHO: loadb CQUAD4,167,1,172,171,212,213                                                                                                                                                                                                                                    
ECHO: loadb CQUAD4,168,1,173,172,213,214                                                                                                                                                                                                                                    
ECHO: loadb CQUAD4,169,1,174,173,214,215                                                                                                                                                                                                                                    
ECHO: loadb CQUAD4,170,1,175,174,215,216                                                                                                                                                                                                                                    
ECHO: loadb CQUAD4,171,1,176,175,216,217                                                                                                                                                                                                                                    
ECHO: loadb CQUAD4,172,1,177,176,217,218                                                                                                                                                                                                                                    
ECHO: loadb CQUAD4,173,1,178,177,218,219                                                                                                                                                                                                                                    
ECHO: loadb CQUAD4,174,1,179,178,219,220                                                                                                                                                                                                                                    
ECHO: loadb CQUAD4,175,1,180,179,220,221                                                                                                                                                                                                                                    
ECHO: loadb CQUAD4,176,1,181,180,221,222                                                                                                                                                                                                                                    
ECHO: loadb CQUAD4,177,1,182,181,222,223                                                                                                                                                                                                                                    
ECHO: loadb CQUAD4,178,1,183,182,223,224                                                                                                                                                                                                                                    
ECHO: loadb CQUAD4,179,1,184,183,224,225                                                                                                                                                                                                                                    
ECHO: loadb CQUAD4,180,1,185,184,225,226                                                                                                                                                                                                                                    
ECHO: loadb CQUAD4,181,1,186,185,226,227                                                                                                                                                                                                                                    
ECHO: loadb CQUAD4,182,1,187,186,227,228                                                                                                                                                                                                                                    
ECHO: loadb CQUAD4,183,1,188,187,228,229                                                                                                                                                                                                                                    
ECHO: loadb CQUAD4,184,1,189,188,229,230                                                                                                                                                                                                                                    
ECHO: loadb CQUAD4,185,1,190,189,230,231                                                                                                                                                                                                                                    
ECHO: loadb CQUAD4,186,1,191,190,231,232                                                                                                                                                                                                                                    
ECHO: loadb CQUAD4,187,1,192,191,232,233                                                                                                                                                                                                                                    
ECHO: loadb CQUAD4,188,1,193,192,233,234                                                                                                                                                                                                                                    
ECHO: loadb CQUAD4,189,1,194,193,234,235                                                                                                                                                                                                                                    
ECHO: loadb CQUAD4,190,1,195,194,235,236                                                                                                                                                                                                                                    
ECHO: loadb CQUAD4,191,1,196,195,236,237                                                                                                                                                                                                                                    
ECHO: loadb CQUAD4,192,1,197,196,237,238                                                                                                                                                                                                                                    
ECHO: loadb CQUAD4,193,1,198,197,238,239                                                                                                                                                                                                                                    
ECHO: loadb CQUAD4,194,1,199,198,239,240                                                                                                                                                                                                                                    
ECHO: loadb CQUAD4,195,1,200,199,240,241                                                                                                                                                                                                                                    
ECHO: loadb CQUAD4,196,1,201,200,241,242                                                                                                                                                                                                                                    
ECHO: loadb CQUAD4,197,1,202,201,242,243                                                                                                                                                                                                                                    
ECHO: loadb CQUAD4,198,1,203,202,243,244                                                                                                                                                                                                                                    
ECHO: loadb CQUAD4,199,1,204,203,244,245                                                                                                                                                                                                                                    
ECHO: loadb CQUAD4,200,1,205,204,245,246                                                                                                                                                                                                                                    
ECHO: loadb CQUAD4,201,1,207,206,247,248                                                                                                                                                                                                                                    
ECHO: loadb CQUAD4,202,1,208,207,248,249                                                                                                                                                                                                                                    
ECHO: loadb CQUAD4,203,1,209,208,249,250                                                                                                                                                                                                                                    
ECHO: loadb CQUAD4,204,1,210,209,250,251                                                                                                                                                                                                                                    
ECHO: loadb CQUAD4,205,1,211,210,251,252                                                                                                                                                                                                                                    
ECHO: loadb CQUAD4,206,1,212,211,252,253                                                                                                                                                                                                                                    
ECHO: loadb CQUAD4,207,1,213,212,253,254                                                                                                                                                                                                                                    
ECHO: loadb CQUAD4,208,1,214,213,254,255                                                                                                                                                                                                                                    
ECHO: loadb CQUAD4,209,1,215,214,255,256                                                                                                                                                                                                                                    
ECHO: loadb CQUAD4,210,1,216,215,256,257                                                                                                                                                                                                                                    
ECHO: loadb CQUAD4,211,1,217,216,257,258                                                                                                                                                                                                                                    
ECHO: loadb CQUAD4,212,1,218,217,258,259                                                                                                                                                                                                                                    
ECHO: loadb CQUAD4,213,1,219,218,259,260                                                                                                                                                                                                                                    
ECHO: loadb CQUAD4,214,1,220,219,260,261                                                                                                                                                                                                                                    
ECHO: loadb CQUAD4,215,1,221,220,261,262                                                                                                                                                                                                                                    
ECHO: loadb CQUAD4,216,1,222,221,262,263                                                                                                                                                                                                                                    
ECHO: loadb CQUAD4,217,1,223,222,263,264                                                                                                                                                                                                                                    
ECHO: loadb CQUAD4,218,1,224,223,264,265                                                                                                                                                                                                                                    
ECHO: loadb CQUAD4,219,1,225,224,265,266                                                                                                                                                                                                                                    
ECHO: loadb CQUAD4,220,1,226,225,266,267                                                                                                                                                                                                                                    
ECHO: loadb CQUAD4,221,1,227,226,267,268                                                                                                                                                                                                                                    
ECHO: loadb CQUAD4,222,1,228,227,268,269                                                                                                                                                                                                                                    
ECHO: loadb CQUAD4,223,1,229,228,269,270                                                                                                                                                                                                                                    
ECHO: loadb CQUAD4,224,1,230,229,270,271                                                                                                                                                                                                                                    
ECHO: loadb CQUAD4,225,1,231,230,271,272                                                                                                                                                                                                                                    
ECHO: loadb CQUAD4,226,1,232,231,272,273                                                                                                                                                                                                                                    
ECHO: loadb CQUAD4,227,1,233,232,273,274                                                                                                                                                                                                                                    
ECHO: loadb CQUAD4,228,1,234,233,274,275                                                                                                                                                                                                                                    
ECHO: loadb CQUAD4,229,1,235,234,275,276                                                                                                                                                                                                                                    
ECHO: loadb CQUAD4,230,1,236,235,276,277                                                                                                                                                                                                                                    
ECHO: loadb CQUAD4,231,1,237,236,277,278                                                                                                                                                                                                                                    
ECHO: loadb CQUAD4,232,1,238,237,278,279                                                                                                                                                                                                                                    
ECHO: loadb CQUAD4,233,1,239,238,279,280                                                                                                                                                                                                                                    
ECHO: loadb CQUAD4,234,1,240,239,280,281                                                                                                                                                                                                                                    
ECHO: loadb CQUAD4,235,1,241,240,281,282                                                                                                                                                                                                                                    
ECHO: loadb CQUAD4,236,1,242,241,282,283                                                                                                                                                                                                                                    
ECHO: loadb CQUAD4,237,1,243,242,283,284                                                                                                                                                                                                                                    
ECHO: loadb CQUAD4,238,1,244,243,284,285                                                                                                                                                                                                                                    
ECHO: loadb CQUAD4,239,1,245,244,285,286                                                                                                                                                                                                                                    
ECHO: loadb CQUAD4,240,1,246,245,286,287                                                                                                                                                                                                                                    
ECHO: loadb CQUAD4,241,1,248,247,288,289                                                                                                                                                                                                                                    
ECHO: loadb CQUAD4,242,1,249,248,289,290                                                                                                                                                                                                                                    
ECHO: loadb CQUAD4,243,1,250,249,290,291                                                                                                                                                                                                                                    
ECHO: loadb CQUAD4,244,1,251,250,291,292                                                                                                                                                                                                                                    
ECHO: loadb CQUAD4,245,1,252,251,292,293                                                                                                                                                                                                                                    
ECHO: loadb CQUAD4,246,1,253,252,293,294                                                                                                                                                                                                                                    
ECHO: loadb CQUAD4,247,1,254,253,294,295                                                                                                                                                                                                                                    
ECHO: loadb CQUAD4,248,1,255,254,295,296                                                                                                                                                                                                                                    
ECHO: loadb CQUAD4,249,1,256,255,296,297                                                                                                                                                                                                                                    
ECHO: loadb CQUAD4,250,1,257,256,297,298                                                                                                                                                                                                                                    
ECHO: loadb CQUAD4,251,1,258,257,298,299                                                                                                                                                                                                                                    
ECHO: loadb CQUAD4,252,1,259,258,299,300                                                                                                                                                                                                                                    
ECHO: loadb CQUAD4,253,1,260,259,300,301                                                                                                                                                                                                                                    
ECHO: loadb CQUAD4,254,1,261,260,301,302                                                                                                                                                                                                                                    
ECHO: loadb CQUAD4,255,1,262,261,302,303                                                                                                                                                                                                                                    
ECHO: loadb CQUAD4,256,1,263,262,303,304                                                                                                                                                                                                                                    
ECHO: loadb CQUAD4,257,1,264,263,304,305                                                                                                                                                                                                                                    
ECHO: loadb CQUAD4,258,1,265,264,305,306                                                                                                                                                                                                                                    
ECHO: loadb CQUAD4,259,1,266,265,306,307                                                                                                                                                                                                                                    
ECHO: loadb CQUAD4,260,1,267,266,307,308                                                                                                                                                                                                                                    
ECHO: loadb CQUAD4,261,1,268,267,308,309                                                                                                                                                                                                                                    
ECHO: loadb CQUAD4,262,1,269,268,309,310                                                                                                                                                                                                                                    
ECHO: loadb CQUAD4,263,1,270,269,310,311                                                                                                                                                                                                                                    
ECHO: loadb CQUAD4,264,1,271,270,311,312                                                                                                                                                                                                                                    
ECHO: loadb CQUAD4,265,1,272,271,312,313                                                                                                                                                                                                                                    
ECHO: loadb CQUAD4,266,1,273,272,313,314                                                                                                                                                                                                                                    
ECHO: loadb CQUAD4,267,1,274,273,314,315                                                                                                                                                                                                                                    
ECHO: loadb CQUAD4,268,1,275,274,315,316                                                                                                                                                                                                                                    
ECHO: loadb CQUAD4,269,1,276,275,316,317                                                                                                                                                                                                                                    
ECHO: loadb CQUAD4,270,1,277,276,317,318                                                                                                                                                                                                                                    
ECHO: loadb CQUAD4,271,1,278,277,318,319                                                                                                                                                                                                                                    
ECHO: loadb CQUAD4,272,1,279,278,319,320                                                                                                                                                                                                                                    
ECHO: loadb CQUAD4,273,1,280,279,320,321                                                                                                                                                                                                                                    
ECHO: loadb CQUAD4,274,1,281,280,321,322                                                                                                                                                                                                                                    
ECHO: loadb CQUAD4,275,1,282,281,322,323                                                                                                                                                                                                                                    
ECHO: loadb CQUAD4,276,1,283,282,323,324                                                                                                                                                                                                                                    
ECHO: loadb CQUAD4,277,1,284,283,324,325                                                                                                                                                                                                                                    
ECHO: loadb CQUAD4,278,1,285,284,325,326                                                                                                                                                                                                                                    
ECHO: loadb CQUAD4,279,1,286,285,326,327                                                                                                                                                                                                                                    
ECHO: loadb CQUAD4,280,1,287,286,327,328                                                                                                                                                                                                                                    
ECHO: loadb CQUAD4,281,1,289,288,329,330                                                                                                                                                                                                                                    
ECHO: loadb CQUAD4,282,1,290,289,330,331                                                                                                                                                                                                                                    
ECHO: loadb CQUAD4,283,1,291,290,331,332                                                                                                                                                                                                                                    
ECHO: loadb CQUAD4,284,1,292,291,332,333                                                                                                                                                                                                                                    
ECHO: loadb CQUAD4,285,1,293,292,333,334                                                                                                                                                                                                                                    
ECHO: loadb CQUAD4,286,1,294,293,334,335                                                                                                                                                                                                                                    
ECHO: loadb CQUAD4,287,1,295,294,335,336                                                                                                                                                                                                                                    
ECHO: loadb CQUAD4,288,1,296,295,336,337                                                                                                                                                                                                                                    
ECHO: loadb CQUAD4,289,1,297,296,337,338                                                                                                                                                                                                                                    
ECHO: loadb CQUAD4,290,1,298,297,338,339                                                                                                                                                                                                                                    
ECHO: loadb CQUAD4,291,1,299,298,339,340                                                                                                                                                                                                                                    
ECHO: loadb CQUAD4,292,1,300,299,340,341                                                                                                                                                                                                                                    
ECHO: loadb CQUAD4,293,1,301,300,341,342                                                                                                                                                                                                                                    
ECHO: loadb CQUAD4,294,1,302,301,342,343                                                                                                                                                                                                                                    
ECHO: loadb CQUAD4,295,1,303,302,343,344                                                                                                                                                                                                                                    
ECHO: loadb CQUAD4,296,1,304,303,344,345                                                                                                                                                                                                                                    
ECHO: loadb CQUAD4,297,1,305,304,345,346                                                                                                                                                                                                                                    
ECHO: loadb CQUAD4,298,1,306,305,346,347                                                                                                                                                                                                                                    
ECHO: loadb CQUAD4,299,1,307,306,347,348                                                                                                                                                                                                                                    
ECHO: loadb CQUAD4,300,1,308,307,348,349                                                                                                                                                                                                                                    
ECHO: loadb CQUAD4,301,1,309,308,349,350                                                                                                                                                                                                                                    
ECHO: loadb CQUAD4,302,1,310,309,350,351                                                                                                                                                                                                                                    
ECHO: loadb CQUAD4,303,1,311,310,351,352                                                                                                                                                                                                                                    
ECHO: loadb CQUAD4,304,1,312,311,352,353                                                                                                                                                                                                                                    
ECHO: loadb CQUAD4,305,1,313,312,353,354                                                                                                                                                                                                                                    
ECHO: loadb CQUAD4,306,1,314,313,354,355                                                                                                                                                                                                                                    
ECHO: loadb CQUAD4,307,1,315,314,355,356                                                                                                                                                                                                                                    
ECHO: loadb CQUAD4,308,1,316,315,356,357                                                                                                                                                                                                                                    
ECHO: loadb CQUAD4,309,1,317,316,357,358                                                                                                                                                                                                                                    
ECHO: loadb CQUAD4,310,1,318,317,358,359                                                                                                                                                                                                                                    
ECHO: loadb CQUAD4,311,1,319,318,359,360                                                                                                                                                                                                                                    
ECHO: loadb CQUAD4,312,1,320,319,360,361                                                                                                                                                                                                                                    
ECHO: loadb CQUAD4,313,1,321,320,361,362                                                                                                                                                                                                                                    
ECHO: loadb CQUAD4,314,1,322,321,362,363                                                                                                                                                                                                                                    
ECHO: loadb CQUAD4,315,1,323,322,363,364                                                                                                                                                                                                                                    
ECHO: loadb CQUAD4,316,1,324,323,364,365                                                                                                                                                                                                                                    
ECHO: loadb CQUAD4,317,1,325,324,365,366                                                                                                                                                                                                                                    
ECHO: loadb CQUAD4,318,1,326,325,366,367                                                                                                                                                                                                                                    
ECHO: loadb CQUAD4,319,1,327,326,367,368                                                                                                                                                                                                                                    
ECHO: loadb CQUAD4,320,1,328,327,368,369                                                                                                                                                                                                                                    
ECHO: loadb CQUAD4,321,1,330,329,370,371                                                                                                                                                                                                                                    
ECHO: loadb CQUAD4,322,1,331,330,371,372                                                                                                                                                                                                                                    
ECHO: loadb CQUAD4,323,1,332,331,372,373                                                                                                                                                                                                                                    
ECHO: loadb CQUAD4,324,1,333,332,373,374                                                                                                                                                                                                                                    
ECHO: loadb CQUAD4,325,1,334,333,374,375                                                                                                                                                                                                                                    
ECHO: loadb CQUAD4,326,1,335,334,375,376                                                                                                                                                                                                                                    
ECHO: loadb CQUAD4,327,1,336,335,376,377                                                                                                                                                                                                                                    
ECHO: loadb CQUAD4,328,1,337,336,377,378                                                                                                                                                                                                                                    
ECHO: loadb CQUAD4,329,1,338,337,378,379                                                                                                                                                                                                                                    
ECHO: loadb CQUAD4,330,1,339,338,379,380                                                                                                                                                                                                                                    
ECHO: loadb CQUAD4,331,1,340,339,380,381                                                                                                                                                                                                                                    
ECHO: loadb CQUAD4,332,1,341,340,381,382                                                                                                                                                                                                                                    
ECHO: loadb CQUAD4,333,1,342,341,382,383                                                                                                                                                                                                                                    
ECHO: loadb CQUAD4,334,1,343,342,383,384                                                                                                                                                                                                                                    
ECHO: loadb CQUAD4,335,1,344,343,384,385                                                                                                                                                                                                                                    
ECHO: loadb CQUAD4,336,1,345,344,385,386                                                                                                                                                                                                                                    
ECHO: loadb CQUAD4,337,1,346,345,386,387                                                                                                                                                                                                                                    
ECHO: loadb CQUAD4,338,1,347,346,387,388                                                                                                                                                                                                                                    
ECHO: loadb CQUAD4,339,1,348,347,388,389                                                                                                                                                                                                                                    
ECHO: loadb CQUAD4,340,1,349,348,389,390                                                                                                                                                                                                                                    
ECHO: loadb CQUAD4,341,1,350,349,390,391                                                                                                                                                                                                                                    
ECHO: loadb CQUAD4,342,1,351,350,391,392                                                                                                                                                                                                                                    
ECHO: loadb CQUAD4,343,1,352,351,392,393                                                                                                                                                                                                                                    
ECHO: loadb CQUAD4,344,1,353,352,393,394                                                                                                                                                                                                                                    
ECHO: loadb CQUAD4,345,1,354,353,394,395                                                                                                                                                                                                                                    
ECHO: loadb CQUAD4,346,1,355,354,395,396                                                                                                                                                                                                                                    
ECHO: loadb CQUAD4,347,1,356,355,396,397                                                                                                                                                                                                                                    
ECHO: loadb CQUAD4,348,1,357,356,397,398                                                                                                                                                                                                                                    
ECHO: loadb CQUAD4,349,1,358,357,398,399                                                                                                                                                                                                                                    
ECHO: loadb CQUAD4,350,1,359,358,399,400                                                                                                                                                                                                                                    
ECHO: loadb CQUAD4,351,1,360,359,400,401                                                                                                                                                                                                                                    
ECHO: loadb CQUAD4,352,1,361,360,401,402                                                                                                                                                                                                                                    
ECHO: loadb CQUAD4,353,1,362,361,402,403                                                                                                                                                                                                                                    
ECHO: loadb CQUAD4,354,1,363,362,403,404                                                                                                                                                                                                                                    
ECHO: loadb CQUAD4,355,1,364,363,404,405                                                                                                                                                                                                                                    
ECHO: loadb CQUAD4,356,1,365,364,405,406                                                                                                                                                                                                                                    
ECHO: loadb CQUAD4,357,1,366,365,406,407                                                                                                                                                                                                                                    
ECHO: loadb CQUAD4,358,1,367,366,407,408                                                                                                                                                                                                                                    
ECHO: loadb CQUAD4,359,1,368,367,408,409                                                                                                                                                                                                                                    
ECHO: loadb CQUAD4,360,1,369,368,409,410                                                                                                                                                                                                                                    
ECHO: loadb CQUAD4,361,1,371,370,411,412                                                                                                                                                                                                                                    
ECHO: loadb CQUAD4,362,1,372,371,412,413                                                                                                                                                                                                                                    
ECHO: loadb CQUAD4,363,1,373,372,413,414                                                                                                                                                                                                                                    
ECHO: loadb CQUAD4,364,1,374,373,414,415                                                                                                                                                                                                                                    
ECHO: loadb CQUAD4,365,1,375,374,415,416                                                                                                                                                                                                                                    
ECHO: loadb CQUAD4,366,1,376,375,416,417                                                                                                                                                                                                                                    
ECHO: loadb CQUAD4,367,1,377,376,417,418                                                                                                                                                                                                                                    
ECHO: loadb CQUAD4,368,1,378,377,418,419                                                                                                                                                                                                                                    
ECHO: loadb CQUAD4,369,1,379,378,419,420                                                                                                                                                                                                                                    
ECHO: loadb CQUAD4,370,1,380,379,420,421                                                                                                                                                                                                                                    
ECHO: loadb CQUAD4,371,1,381,380,421,422                                                                                                                                                                                                                                    
ECHO: loadb CQUAD4,372,1,382,381,422,423                                                                                                                                                                                                                                    
ECHO: loadb CQUAD4,373,1,383,382,423,424                                                                                                                                                                                                                                    
ECHO: loadb CQUAD4,374,1,384,383,424,425                                                                                                                                                                                                                                    
ECHO: loadb CQUAD4,375,1,385,384,425,426                                                                                                                                                                                                                                    
ECHO: loadb CQUAD4,376,1,386,385,426,427                                                                                                                                                                                                                                    
ECHO: loadb CQUAD4,377,1,387,386,427,428                                                                                                                                                                                                                                    
ECHO: loadb CQUAD4,378,1,388,387,428,429                                                                                                                                                                                                                                    
ECHO: loadb CQUAD4,379,1,389,388,429,430                                                                                                                                                                                                                                    
ECHO: loadb CQUAD4,380,1,390,389,430,431                                                                                                                                                                                                                                    
ECHO: loadb CQUAD4,381,1,391,390,431,432                                                                                                                                                                                                                                    
ECHO: loadb CQUAD4,382,1,392,391,432,433                                                                                                                                                                                                                                    
ECHO: loadb CQUAD4,383,1,393,392,433,434                                                                                                                                                                                                                                    
ECHO: loadb CQUAD4,384,1,394,393,434,435                                                                                                                                                                                                                                    
ECHO: loadb CQUAD4,385,1,395,394,435,436                                                                                                                                                                                                                                    
ECHO: loadb CQUAD4,386,1,396,395,436,437                                                                                                                                                                                                                                    
ECHO: loadb CQUAD4,387,1,397,396,437,438                                                                                                                                                                                                                                    
ECHO: loadb CQUAD4,388,1,398,397,438,439                                                                                                                                                                                                                                    
ECHO: loadb CQUAD4,389,1,399,398,439,440                                                                                                                                                                                                                                    
ECHO: loadb CQUAD4,390,1,400,399,440,441                                                                                                                                                                                                                                    
ECHO: loadb CQUAD4,391,1,401,400,441,442                                                                                                                                                                                                                                    
ECHO: loadb CQUAD4,392,1,402,401,442,443                                                                                                                                                                                                                                    
ECHO: loadb CQUAD4,393,1,403,402,443,444                                                                                                                                                                                                                                    
ECHO: loadb CQUAD4,394,1,404,403,444,445                                                                                                                                                                                                                                    
ECHO: loadb CQUAD4,395,1,405,404,445,446                                                                                                                                                                                                                                    
ECHO: loadb CQUAD4,396,1,406,405,446,447                                                                                                                                                                                                                                    
ECHO: loadb CQUAD4,397,1,407,406,447,448                                                                                                                                                                                                                                    
ECHO: loadb CQUAD4,398,1,408,407,448,449                                                                                                                                                                                                                                    
ECHO: loadb CQUAD4,399,1,409,408,449,450                                                                                                                                                                                                                                    
ECHO: loadb CQUAD4,400,1,410,409,450,451                                                                                                                                                                                                                                    
ECHO: loadb CQUAD4,401,1,412,411,452,453                                                                                                                                                                                                                                    
ECHO: loadb CQUAD4,402,1,413,412,453,454                                                                                                                                                                                                                                    
ECHO: loadb CQUAD4,403,1,414,413,454,455                                                                                                                                                                                                                                    
ECHO: loadb CQUAD4,404,1,415,414,455,456                                                                                                                                                                                                                                    
ECHO: loadb CQUAD4,405,1,416,415,456,457                                                                                                                                                                                                                                    
ECHO: loadb CQUAD4,406,1,417,416,457,458                                                                                                                                                                                                                                    
ECHO: loadb CQUAD4,407,1,418,417,458,459                                                                                                                                                                                                                                    
ECHO: loadb CQUAD4,408,1,419,418,459,460                                                                                                                                                                                                                                    
ECHO: loadb CQUAD4,409,1,420,419,460,461                                                                                                                                                                                                                                    
ECHO: loadb CQUAD4,410,1,421,420,461,462                                                                                                                                                                                                                                    
ECHO: loadb CQUAD4,411,1,422,421,462,463                                                                                                                                                                                                                                    
ECHO: loadb CQUAD4,412,1,423,422,463,464                                                                                                                                                                                                                                    
ECHO: loadb CQUAD4,413,1,424,423,464,465                                                                                                                                                                                                                                    
ECHO: loadb CQUAD4,414,1,425,424,465,466                                                                                                                                                                                                                                    
ECHO: loadb CQUAD4,415,1,426,425,466,467                                                                                                                                                                                                                                    
ECHO: loadb CQUAD4,416,1,427,426,467,468                                                                                                                                                                                                                                    
ECHO: loadb CQUAD4,417,1,428,427,468,469                                                                                                                                                                                                                                    
ECHO: loadb CQUAD4,418,1,429,428,469,470                                                                                                                                                                                                                                    
ECHO: loadb CQUAD4,419,1,430,429,470,471                                                                                                                                                                                                                                    
ECHO: loadb CQUAD4,420,1,431,430,471,472                                                                                                                                                                                                                                    
ECHO: loadb CQUAD4,421,1,432,431,472,473                                                                                                                                                                                                                                    
ECHO: loadb CQUAD4,422,1,433,432,473,474                                                                                                                                                                                                                                    
ECHO: loadb CQUAD4,423,1,434,433,474,475                                                                                                                                                                                                                                    
ECHO: loadb CQUAD4,424,1,435,434,475,476                                                                                                                                                                                                                                    
ECHO: loadb CQUAD4,425,1,436,435,476,477                                                                                                                                                                                                                                    
ECHO: loadb CQUAD4,426,1,437,436,477,478                                                                                                                                                                                                                                    
ECHO: loadb CQUAD4,427,1,438,437,478,479                                                                                                                                                                                                                                    
ECHO: loadb CQUAD4,428,1,439,438,479,480                                                                                                                                                                                                                                    
ECHO: loadb CQUAD4,429,1,440,439,480,481                                                                                                                                                                                                                                    
ECHO: loadb CQUAD4,430,1,441,440,481,482                                                                                                                                                                                                                                    
ECHO: loadb CQUAD4,431,1,442,441,482,483                                                                                                                                                                                                                                    
ECHO: loadb CQUAD4,432,1,443,442,483,484                                                                                                                                                                                                                                    
ECHO: loadb CQUAD4,433,1,444,443,484,485                                                                                                                                                                                                                                    
ECHO: loadb CQUAD4,434,1,445,444,485,486                                                                                                                                                                                                                                    
ECHO: loadb CQUAD4,435,1,446,445,486,487                                                                                                                                                                                                                                    
ECHO: loadb CQUAD4,436,1,447,446,487,488                                                                                                                                                                                                                                    
ECHO: loadb CQUAD4,437,1,448,447,488,489                                                                                                                                                                                                                                    
ECHO: loadb CQUAD4,438,1,449,448,489,490                                                                                                                                                                                                                                    
ECHO: loadb CQUAD4,439,1,450,449,490,491                                                                                                                                                                                                                                    
ECHO: loadb CQUAD4,440,1,451,450,491,492                                                                                                                                                                                                                                    
ECHO: loadb CQUAD4,441,1,453,452,493,494                                                                                                                                                                                                                                    
ECHO: loadb CQUAD4,442,1,454,453,494,495                                                                                                                                                                                                                                    
ECHO: loadb CQUAD4,443,1,455,454,495,496                                                                                                                                                                                                                                    
ECHO: loadb CQUAD4,444,1,456,455,496,497                                                                                                                                                                                                                                    
ECHO: loadb CQUAD4,445,1,457,456,497,498                                                                                                                                                                                                                                    
ECHO: loadb CQUAD4,446,1,458,457,498,499                                                                                                                                                                                                                                    
ECHO: loadb CQUAD4,447,1,459,458,499,500                                                                                                                                                                                                                                    
ECHO: loadb CQUAD4,448,1,460,459,500,501                                                                                                                                                                                                                                    
ECHO: loadb CQUAD4,449,1,461,460,501,502                                                                                                                                                                                                                                    
ECHO: loadb CQUAD4,450,1,462,461,502,503                                                                                                                                                                                                                                    
ECHO: loadb CQUAD4,451,1,463,462,503,504                                                                                                                                                                                                                                    
ECHO: loadb CQUAD4,452,1,464,463,504,505                                                                                                                                                                                                                                    
ECHO: loadb CQUAD4,453,1,465,464,505,506                                                                                                                                                                                                                                    
ECHO: loadb CQUAD4,454,1,466,465,506,507                                                                                                                                                                                                                                    
ECHO: loadb CQUAD4,455,1,467,466,507,508                                                                                                                                                                                                                                    
ECHO: loadb CQUAD4,456,1,468,467,508,509                                                                                                                                                                                                                                    
ECHO: loadb CQUAD4,457,1,469,468,509,510                                                                                                                                                                                                                                    
ECHO: loadb CQUAD4,458,1,470,469,510,511                                                                                                                                                                                                                                    
ECHO: loadb CQUAD4,459,1,471,470,511,512                                                                                                                                                                                                                                    
ECHO: loadb CQUAD4,460,1,472,471,512,513                                                                                                                                                                                                                                    
ECHO: loadb CQUAD4,461,1,473,472,513,514                                                                                                                                                                                                                                    
ECHO: loadb CQUAD4,462,1,474,473,514,515                                                                                                                                                                                                                                    
ECHO: loadb CQUAD4,463,1,475,474,515,516                                                                                                                                                                                                                                    
ECHO: loadb CQUAD4,464,1,476,475,516,517                                                                                                                                                                                                                                    
ECHO: loadb CQUAD4,465,1,477,476,517,518                                                                                                                                                                                                                                    
ECHO: loadb CQUAD4,466,1,478,477,518,519                                                                                                                                                                                                                                    
ECHO: loadb CQUAD4,467,1,479,478,519,520                                                                                                                                                                                                                                    
ECHO: loadb CQUAD4,468,1,480,479,520,521                                                                                                                                                                                                                                    
ECHO: loadb CQUAD4,469,1,481,480,521,522                                                                                                                                                                                                                                    
ECHO: loadb CQUAD4,470,1,482,481,522,523                                                                                                                                                                                                                                    
ECHO: loadb CQUAD4,471,1,483,482,523,524                                                                                                                                                                                                                                    
ECHO: loadb CQUAD4,472,1,484,483,524,525                                                                                                                                                                                                                                    
ECHO: loadb CQUAD4,473,1,485,484,525,526                                                                                                                                                                                                                                    
ECHO: loadb CQUAD4,474,1,486,485,526,527                                                                                                                                                                                                                                    
ECHO: loadb CQUAD4,475,1,487,486,527,528                                                                                                                                                                                                                                    
ECHO: loadb CQUAD4,476,1,488,487,528,529                                                                                                                                                                                                                                    
ECHO: loadb CQUAD4,477,1,489,488,529,530                                                                                                                                                                                                                                    
ECHO: loadb CQUAD4,478,1,490,489,530,531                                                                                                                                                                                                                                    
ECHO: loadb CQUAD4,479,1,491,490,531,532                                                                                                                                                                                                                                    
ECHO: loadb CQUAD4,480,1,492,491,532,533                                                                                                                                                                                                                                    
ECHO: loadb CQUAD4,481,1,494,493,534,535                                                                                                                                                                                                                                    
ECHO: loadb CQUAD4,482,1,495,494,535,536                                                                                                                                                                                                                                    
ECHO: loadb CQUAD4,483,1,496,495,536,537                                                                                                                                                                                                                                    
ECHO: loadb CQUAD4,484,1,497,496,537,538                                                                                                                                                                                                                                    
ECHO: loadb CQUAD4,485,1,498,497,538,539                                                                                                                                                                                                                                    
ECHO: loadb CQUAD4,486,1,499,498,539,540                                                                                                                                                                                                                                    
ECHO: loadb CQUAD4,487,1,500,499,540,541                                                                                                                                                                                                                                    
ECHO: loadb CQUAD4,488,1,501,500,541,542                                                                                                                                                                                                                                    
ECHO: loadb CQUAD4,489,1,502,501,542,543                                                                                                                                                                                                                                    
ECHO: loadb CQUAD4,490,1,503,502,543,544                                                                                                                                                                                                                                    
ECHO: loadb CQUAD4,491,1,504,503,544,545                                                                                                                                                                                                                                    
ECHO: loadb CQUAD4,492,1,505,504,545,546                                                                                                                                                                                                                                    
ECHO: loadb CQUAD4,493,1,506,505,546,547                                                                                                                                                                                                                                    
ECHO: loadb CQUAD4,494,1,507,506,547,548                                                                                                                                                                                                                                    
ECHO: loadb CQUAD4,495,1,508,507,548,549                                                                                                                                                                                                                                    
ECHO: loadb CQUAD4,496,1,509,508,549,550                                                                                                                                                                                                                                    
ECHO: loadb CQUAD4,497,1,510,509,550,551                                                                                                                                                                                                                                    
ECHO: loadb CQUAD4,498,1,511,510,551,552                                                                                                                                                                                                                                    
ECHO: loadb CQUAD4,499,1,512,511,552,553                                                                                                                                                                                                                                    
ECHO: loadb CQUAD4,500,1,513,512,553,554                                                                                                                                                                                                                                    
ECHO: loadb CQUAD4,501,1,514,513,554,555                                                                                                                                                                                                                                    
ECHO: loadb CQUAD4,502,1,515,514,555,556                                                                                                                                                                                                                                    
ECHO: loadb CQUAD4,503,1,516,515,556,557                                                                                                                                                                                                                                    
ECHO: loadb CQUAD4,504,1,517,516,557,558                                                                                                                                                                                                                                    
ECHO: loadb CQUAD4,505,1,518,517,558,559                                                                                                                                                                                                                                    
ECHO: loadb CQUAD4,506,1,519,518,559,560                                                                                                                                                                                                                                    
ECHO: loadb CQUAD4,507,1,520,519,560,561                                                                                                                                                                                                                                    
ECHO: loadb CQUAD4,508,1,521,520,561,562                                                                                                                                                                                                                                    
ECHO: loadb CQUAD4,509,1,522,521,562,563                                                                                                                                                                                                                                    
ECHO: loadb CQUAD4,510,1,523,522,563,564                                                                                                                                                                                                                                    
ECHO: loadb CQUAD4,511,1,524,523,564,565                                                                                                                                                                                                                                    
ECHO: loadb CQUAD4,512,1,525,524,565,566                                                                                                                                                                                                                                    
ECHO: loadb CQUAD4,513,1,526,525,566,567                                                                                                                                                                                                                                    
ECHO: loadb CQUAD4,514,1,527,526,567,568                                                                                                                                                                                                                                    
ECHO: loadb CQUAD4,515,1,528,527,568,569                                                                                                                                                                                                                                    
ECHO: loadb CQUAD4,516,1,529,528,569,570                                                                                                                                                                                                                                    
ECHO: loadb CQUAD4,517,1,530,529,570,571                                                                                                                                                                                                                                    
ECHO: loadb CQUAD4,518,1,531,530,571,572                                                                                                                                                                                                                                    
ECHO: loadb CQUAD4,519,1,532,531,572,573                                                                                                                                                                                                                                    
ECHO: loadb CQUAD4,520,1,533,532,573,574                                                                                                                                                                                                                                    
ECHO: loadb CQUAD4,521,1,535,534,575,576                                                                                                                                                                                                                                    
ECHO: loadb CQUAD4,522,1,536,535,576,577                                                                                                                                                                                                                                    
ECHO: loadb CQUAD4,523,1,537,536,577,578                                                                                                                                                                                                                                    
ECHO: loadb CQUAD4,524,1,538,537,578,579                                                                                                                                                                                                                                    
ECHO: loadb CQUAD4,525,1,539,538,579,580                                                                                                                                                                                                                                    
ECHO: loadb CQUAD4,526,1,540,539,580,581                                                                                                                                                                                                                                    
ECHO: loadb CQUAD4,527,1,541,540,581,582                                                                                                                                                                                                                                    
ECHO: loadb CQUAD4,528,1,542,541,582,583                                                                                                                                                                                                                                    
ECHO: loadb CQUAD4,529,1,543,542,583,584                                                                                                                                                                                                                                    
ECHO: loadb CQUAD4,530,1,544,543,584,585                                                                                                                                                                                                                                    
ECHO: loadb CQUAD4,531,1,545,544,585,586                                                                                                                                                                                                                                    
ECHO: loadb CQUAD4,532,1,546,545,586,587                                                                                                                                                                                                                                    
ECHO: loadb CQUAD4,533,1,547,546,587,588                                                                                                                                                                                                                                    
ECHO: loadb CQUAD4,534,1,548,547,588,589                                                                                                                                                                                                                                    
ECHO: loadb CQUAD4,535,1,549,548,589,590                                                                                                                                                                                                                                    
ECHO: loadb CQUAD4,536,1,550,549,590,591                                                                                                                                                                                                                                    
ECHO: loadb CQUAD4,537,1,551,550,591,592                                                                                                                                                                                                                                    
ECHO: loadb CQUAD4,538,1,552,551,592,593                                                                                                                                                                                                                                    
ECHO: loadb CQUAD4,539,1,553,552,593,594                                                                                                                                                                                                                                    
ECHO: loadb CQUAD4,540,1,554,553,594,595                                                                                                                                                                                                                                    
ECHO: loadb CQUAD4,541,1,555,554,595,596                                                                                                                                                                                                                                    
ECHO: loadb CQUAD4,542,1,556,555,596,597                                                                                                                                                                                                                                    
ECHO: loadb CQUAD4,543,1,557,556,597,598                                                                                                                                                                                                                                    
ECHO: loadb CQUAD4,544,1,558,557,598,599                                                                                                                                                                                                                                    
ECHO: loadb CQUAD4,545,1,559,558,599,600                                                                                                                                                                                                                                    
ECHO: loadb CQUAD4,546,1,560,559,600,601                                                                                                                                                                                                                                    
ECHO: loadb CQUAD4,547,1,561,560,601,602                                                                                                                                                                                                                                    
ECHO: loadb CQUAD4,548,1,562,561,602,603                                                                                                                                                                                                                                    
ECHO: loadb CQUAD4,549,1,563,562,603,604                                                                                                                                                                                                                                    
ECHO: loadb CQUAD4,550,1,564,563,604,605                                                                                                                                                                                                                                    
ECHO: loadb CQUAD4,551,1,565,564,605,606                                                                                                                                                                                                                                    
ECHO: loadb CQUAD4,552,1,566,565,606,607                                                                                                                                                                                                                                    
ECHO: loadb CQUAD4,553,1,567,566,607,608                                                                                                                                                                                                                                    
ECHO: loadb CQUAD4,554,1,568,567,608,609                                                                                                                                                                                                                                    
ECHO: loadb CQUAD4,555,1,569,568,609,610                                                                                                                                                                                                                                    
ECHO: loadb CQUAD4,556,1,570,569,610,611                                                                                                                                                                                                                                    
ECHO: loadb CQUAD4,557,1,571,570,611,612                                                                                                                                                                                                                                    
ECHO: loadb CQUAD4,558,1,572,571,612,613                                                                                                                                                                                                                                    
ECHO: loadb CQUAD4,559,1,573,572,613,614                                                                                                                                                                                                                                    
ECHO: loadb CQUAD4,560,1,574,573,614,615                                                                                                                                                                                                                                    
ECHO: loadb CQUAD4,561,1,576,575,616,617                                                                                                                                                                                                                                    
ECHO: loadb CQUAD4,562,1,577,576,617,618                                                                                                                                                                                                                                    
ECHO: loadb CQUAD4,563,1,578,577,618,619                                                                                                                                                                                                                                    
ECHO: loadb CQUAD4,564,1,579,578,619,620                                                                                                                                                                                                                                    
ECHO: loadb CQUAD4,565,1,580,579,620,621                                                                                                                                                                                                                                    
ECHO: loadb CQUAD4,566,1,581,580,621,622                                                                                                                                                                                                                                    
ECHO: loadb CQUAD4,567,1,582,581,622,623                                                                                                                                                                                                                                    
ECHO: loadb CQUAD4,568,1,583,582,623,624                                                                                                                                                                                                                                    
ECHO: loadb CQUAD4,569,1,584,583,624,625                                                                                                                                                                                                                                    
ECHO: loadb CQUAD4,570,1,585,584,625,626                                                                                                                                                                                                                                    
ECHO: loadb CQUAD4,571,1,586,585,626,627                                                                                                                                                                                                                                    
ECHO: loadb CQUAD4,572,1,587,586,627,628                                                                                                                                                                                                                                    
ECHO: loadb CQUAD4,573,1,588,587,628,629                                                                                                                                                                                                                                    
ECHO: loadb CQUAD4,574,1,589,588,629,630                                                                                                                                                                                                                                    
ECHO: loadb CQUAD4,575,1,590,589,630,631                                                                                                                                                                                                                                    
ECHO: loadb CQUAD4,576,1,591,590,631,632                                                                                                                                                                                                                                    
ECHO: loadb CQUAD4,577,1,592,591,632,633                                                                                                                                                                                                                                    
ECHO: loadb CQUAD4,578,1,593,592,633,634                                                                                                                                                                                                                                    
ECHO: loadb CQUAD4,579,1,594,593,634,635                                                                                                                                                                                                                                    
ECHO: loadb CQUAD4,580,1,595,594,635,636                                                                                                                                                                                                                                    
ECHO: loadb CQUAD4,581,1,596,595,636,637                                                                                                                                                                                                                                    
ECHO: loadb CQUAD4,582,1,597,596,637,638                                                                                                                                                                                                                                    
ECHO: loadb CQUAD4,583,1,598,597,638,639                                                                                                                                                                                                                                    
ECHO: loadb CQUAD4,584,1,599,598,639,640                                                                                                                                                                                                                                    
ECHO: loadb CQUAD4,585,1,600,599,640,641                                                                                                                                                                                                                                    
ECHO: loadb CQUAD4,586,1,601,600,641,642                                                                                                                                                                                                                                    
ECHO: loadb CQUAD4,587,1,602,601,642,643                                                                                                                                                                                                                                    
ECHO: loadb CQUAD4,588,1,603,602,643,644                                                                                                                                                                                                                                    
ECHO: loadb CQUAD4,589,1,604,603,644,645                                                                                                                                                                                                                                    
ECHO: loadb CQUAD4,590,1,605,604,645,646                                                                                                                                                                                                                                    
ECHO: loadb CQUAD4,591,1,606,605,646,647                                                                                                                                                                                                                                    
ECHO: loadb CQUAD4,592,1,607,606,647,648                                                                                                                                                                                                                                    
ECHO: loadb CQUAD4,593,1,608,607,648,649                                                                                                                                                                                                                                    
ECHO: loadb CQUAD4,594,1,609,608,649,650                                                                                                                                                                                                                                    
ECHO: loadb CQUAD4,595,1,610,609,650,651                                                                                                                                                                                                                                    
ECHO: loadb CQUAD4,596,1,611,610,651,652                                                                                                                                                                                                                                    
ECHO: loadb CQUAD4,597,1,612,611,652,653                                                                                                                                                                                                                                    
ECHO: loadb CQUAD4,598,1,613,612,653,654                                                                                                                                                                                                                                    
ECHO: loadb CQUAD4,599,1,614,613,654,655                                                                                                                                                                                                                                    
ECHO: loadb CQUAD4,600,1,615,614,655,656                                                                                                                                                                                                                                    
ECHO: loadb CQUAD4,601,1,617,616,657,658                                                                                                                                                                                                                                    
ECHO: loadb CQUAD4,602,1,618,617,658,659                                                                                                                                                                                                                                    
ECHO: loadb CQUAD4,603,1,619,618,659,660                                                                                                                                                                                                                                    
ECHO: loadb CQUAD4,604,1,620,619,660,661                                                                                                                                                                                                                                    
ECHO: loadb CQUAD4,605,1,621,620,661,662                                                                                                                                                                                                                                    
ECHO: loadb CQUAD4,606,1,622,621,662,663                                                                                                                                                                                                                                    
ECHO: loadb CQUAD4,607,1,623,622,663,664                                                                                                                                                                                                                                    
ECHO: loadb CQUAD4,608,1,624,623,664,665                                                                                                                                                                                                                                    
ECHO: loadb CQUAD4,609,1,625,624,665,666                                                                                                                                                                                                                                    
ECHO: loadb CQUAD4,610,1,626,625,666,667                                                                                                                                                                                                                                    
ECHO: loadb CQUAD4,611,1,627,626,667,668                                                                                                                                                                                                                                    
ECHO: loadb CQUAD4,612,1,628,627,668,669                                                                                                                                                                                                                                    
ECHO: loadb CQUAD4,613,1,629,628,669,670                                                                                                                                                                                                                                    
ECHO: loadb CQUAD4,614,1,630,629,670,671                                                                                                                                                                                                                                    
ECHO: loadb CQUAD4,615,1,631,630,671,672                                                                                                                                                                                                                                    
ECHO: loadb CQUAD4,616,1,632,631,672,673                                                                                                                                                                                                                                    
ECHO: loadb CQUAD4,617,1,633,632,673,674                                                                                                                                                                                                                                    
ECHO: loadb CQUAD4,618,1,634,633,674,675                                                                                                                                                                                                                                    
ECHO: loadb CQUAD4,619,1,635,634,675,676                                                                                                                                                                                                                                    
ECHO: loadb CQUAD4,620,1,636,635,676,677                                                                                                                                                                                                                                    
ECHO: loadb CQUAD4,621,1,637,636,677,678                                                                                                                                                                                                                                    
ECHO: loadb CQUAD4,622,1,638,637,678,679                                                                                                                                                                                                                                    
ECHO: loadb CQUAD4,623,1,639,638,679,680                                                                                                                                                                                                                                    
ECHO: loadb CQUAD4,624,1,640,639,680,681                                                                                                                                                                                                                                    
ECHO: loadb CQUAD4,625,1,641,640,681,682                                                                                                                                                                                                                                    
ECHO: loadb CQUAD4,626,1,642,641,682,683                                                                                                                                                                                                                                    
ECHO: loadb CQUAD4,627,1,643,642,683,684                                                                                                                                                                                                                                    
ECHO: loadb CQUAD4,628,1,644,643,684,685                                                                                                                                                                                                                                    
ECHO: loadb CQUAD4,629,1,645,644,685,686                                                                                                                                                                                                                                    
ECHO: loadb CQUAD4,630,1,646,645,686,687                                                                                                                                                                                                                                    
ECHO: loadb CQUAD4,631,1,647,646,687,688                                                                                                                                                                                                                                    
ECHO: loadb CQUAD4,632,1,648,647,688,689                                                                                                                                                                                                                                    
ECHO: loadb CQUAD4,633,1,649,648,689,690                                                                                                                                                                                                                                    
ECHO: loadb CQUAD4,634,1,650,649,690,691                                                                                                                                                                                                                                    
ECHO: loadb CQUAD4,635,1,651,650,691,692                                                                                                                                                                                                                                    
ECHO: loadb CQUAD4,636,1,652,651,692,693                                                                                                                                                                                                                                    
ECHO: loadb CQUAD4,637,1,653,652,693,694                                                                                                                                                                                                                                    
ECHO: loadb CQUAD4,638,1,654,653,694,695                                                                                                                                                                                                                                    
ECHO: loadb CQUAD4,639,1,655,654,695,696                                                                                                                                                                                                                                    
ECHO: loadb CQUAD4,640,1,656,655,696,697                                                                                                                                                                                                                                    
ECHO: loadb CQUAD4,641,1,658,657,698,699                                                                                                                                                                                                                                    
ECHO: loadb CQUAD4,642,1,659,658,699,700                                                                                                                                                                                                                                    
ECHO: loadb CQUAD4,643,1,660,659,700,701                                                                                                                                                                                                                                    
ECHO: loadb CQUAD4,644,1,661,660,701,702                                                                                                                                                                                                                                    
ECHO: loadb CQUAD4,645,1,662,661,702,703                                                                                                                                                                                                                                    
ECHO: loadb CQUAD4,646,1,663,662,703,704                                                                                                                                                                                                                                    
ECHO: loadb CQUAD4,647,1,664,663,704,705                                                                                                                                                                                                                                    
ECHO: loadb CQUAD4,648,1,665,664,705,706                                                                                                                                                                                                                                    
ECHO: loadb CQUAD4,649,1,666,665,706,707                                                                                                                                                                                                                                    
ECHO: loadb CQUAD4,650,1,667,666,707,708                                                                                                                                                                                                                                    
ECHO: loadb CQUAD4,651,1,668,667,708,709                                                                                                                                                                                                                                    
ECHO: loadb CQUAD4,652,1,669,668,709,710                                                                                                                                                                                                                                    
ECHO: loadb CQUAD4,653,1,670,669,710,711                                                                                                                                                                                                                                    
ECHO: loadb CQUAD4,654,1,671,670,711,712                                                                                                                                                                                                                                    
ECHO: loadb CQUAD4,655,1,672,671,712,713                                                                                                                                                                                                                                    
ECHO: loadb CQUAD4,656,1,673,672,713,714                                                                                                                                                                                                                                    
ECHO: loadb CQUAD4,657,1,674,673,714,715                                                                                                                                                                                                                                    
ECHO: loadb CQUAD4,658,1,675,674,715,716                                                                                                                                                                                                                                    
ECHO: loadb CQUAD4,659,1,676,675,716,717                                                                                                                                                                                                                                    
ECHO: loadb CQUAD4,660,1,677,676,717,718                                                                                                                                                                                                                                    
ECHO: loadb CQUAD4,661,1,678,677,718,719                                                                                                                                                                                                                                    
ECHO: loadb CQUAD4,662,1,679,678,719,720                                                                                                                                                                                                                                    
ECHO: loadb CQUAD4,663,1,680,679,720,721                                                                                                                                                                                                                                    
ECHO: loadb CQUAD4,664,1,681,680,721,722                                                                                                                                                                                                                                    
ECHO: loadb CQUAD4,665,1,682,681,722,723                                                                                                                                                                                                                                    
ECHO: loadb CQUAD4,666,1,683,682,723,724                                                                                                                                                                                                                                    
ECHO: loadb CQUAD4,667,1,684,683,724,725                                                                                                                                                                                                                                    
ECHO: loadb CQUAD4,668,1,685,684,725,726                                                                                                                                                                                                                                    
ECHO: loadb CQUAD4,669,1,686,685,726,727                                                                                                                                                                                                                                    
ECHO: loadb CQUAD4,670,1,687,686,727,728                                                                                                                                                                                                                                    
ECHO: loadb CQUAD4,671,1,688,687,728,729                                                                                                                                                                                                                                    
ECHO: loadb CQUAD4,672,1,689,688,729,730                                                                                                                                                                                                                                    
ECHO: loadb CQUAD4,673,1,690,689,730,731                                                                                                                                                                                                                                    
ECHO: loadb CQUAD4,674,1,691,690,731,732                                                                                                                                                                                                                                    
ECHO: loadb CQUAD4,675,1,692,691,732,733                                                                                                                                                                                                                                    
ECHO: loadb CQUAD4,676,1,693,692,733,734                                                                                                                                                                                                                                    
ECHO: loadb CQUAD4,677,1,694,693,734,735                                                                                                                                                                                                                                    
ECHO: loadb CQUAD4,678,1,695,694,735,736                                                                                                                                                                                                                                    
ECHO: loadb CQUAD4,679,1,696,695,736,737                                                                                                                                                                                                                                    
ECHO: loadb CQUAD4,680,1,697,696,737,738                                                                                                                                                                                                                                    
ECHO: loadb CQUAD4,681,1,699,698,739,740                                                                                                                                                                                                                                    
ECHO: loadb CQUAD4,682,1,700,699,740,741                                                                                                                                                                                                                                    
ECHO: loadb CQUAD4,683,1,701,700,741,742                                                                                                                                                                                                                                    
ECHO: loadb CQUAD4,684,1,702,701,742,743                                                                                                                                                                                                                                    
ECHO: loadb CQUAD4,685,1,703,702,743,744                                                                                                                                                                                                                                    
ECHO: loadb CQUAD4,686,1,704,703,744,745                                                                                                                                                                                                                                    
ECHO: loadb CQUAD4,687,1,705,704,745,746                                                                                                                                                                                                                                    
ECHO: loadb CQUAD4,688,1,706,705,746,747                                                                                                                                                                                                                                    
ECHO: loadb CQUAD4,689,1,707,706,747,748                                                                                                                                                                                                                                    
ECHO: loadb CQUAD4,690,1,708,707,748,749                                                                                                                                                                                                                                    
ECHO: loadb CQUAD4,691,1,709,708,749,750                                                                                                                                                                                                                                    
ECHO: loadb CQUAD4,692,1,710,709,750,751                                                                                                                                                                                                                                    
ECHO: loadb CQUAD4,693,1,711,710,751,752                                                                                                                                                                                                                                    
ECHO: loadb CQUAD4,694,1,712,711,752,753                                                                                                                                                                                                                                    
ECHO: loadb CQUAD4,695,1,713,712,753,754                                                                                                                                                                                                                                    
ECHO: loadb CQUAD4,696,1,714,713,754,755                                                                                                                                                                                                                                    
ECHO: loadb CQUAD4,697,1,715,714,755,756                                                                                                                                                                                                                                    
ECHO: loadb CQUAD4,698,1,716,715,756,757                                                                                                                                                                                                                                    
ECHO: loadb CQUAD4,699,1,717,716,757,758                                                                                                                                                                                                                                    
ECHO: loadb CQUAD4,700,1,718,717,758,759                                                                                                                                                                                                                                    
ECHO: loadb CQUAD4,701,1,719,718,759,760                                                                                                                                                                                                                                    
ECHO: loadb CQUAD4,702,1,720,719,760,761                                                                                                                                                                                                                                    
ECHO: loadb CQUAD4,703,1,721,720,761,762                                                                                                                                                                                                                                    
ECHO: loadb CQUAD4,704,1,722,721,762,763                                                                                                                                                                                                                                    
ECHO: loadb CQUAD4,705,1,723,722,763,764                                                                                                                                                                                                                                    
ECHO: loadb CQUAD4,706,1,724,723,764,765                                                                                                                                                                                                                                    
ECHO: loadb CQUAD4,707,1,725,724,765,766                                                                                                                                                                                                                                    
ECHO: loadb CQUAD4,708,1,726,725,766,767                                                                                                                                                                                                                                    
ECHO: loadb CQUAD4,709,1,727,726,767,768                                                                                                                                                                                                                                    
ECHO: loadb CQUAD4,710,1,728,727,768,769                                                                                                                                                                                                                                    
ECHO: loadb CQUAD4,711,1,729,728,769,770                                                                                                                                                                                                                                    
ECHO: loadb CQUAD4,712,1,730,729,770,771                                                                                                                                                                                                                                    
ECHO: loadb CQUAD4,713,1,731,730,771,772                                                                                                                                                                                                                                    
ECHO: loadb CQUAD4,714,1,732,731,772,773                                                                                                                                                                                                                                    
ECHO: loadb CQUAD4,715,1,733,732,773,774                                                                                                                                                                                                                                    
ECHO: loadb CQUAD4,716,1,734,733,774,775                                                                                                                                                                                                                                    
ECHO: loadb CQUAD4,717,1,735,734,775,776                                                                                                                                                                                                                                    
ECHO: loadb CQUAD4,718,1,736,735,776,777                                                                                                                                                                                                                                    
ECHO: loadb CQUAD4,719,1,737,736,777,778                                                                                                                                                                                                                                    
ECHO: loadb CQUAD4,720,1,738,737,778,779                                                                                                                                                                                                                                    
ECHO: loadb CQUAD4,721,1,740,739,780,781                                                                                                                                                                                                                                    
ECHO: loadb CQUAD4,722,1,741,740,781,782                                                                                                                                                                                                                                    
ECHO: loadb CQUAD4,723,1,742,741,782,783                                                                                                                                                                                                                                    
ECHO: loadb CQUAD4,724,1,743,742,783,784                                                                                                                                                                                                                                    
ECHO: loadb CQUAD4,725,1,744,743,784,785                                                                                                                                                                                                                                    
ECHO: loadb CQUAD4,726,1,745,744,785,786                                                                                                                                                                                                                                    
ECHO: loadb CQUAD4,727,1,746,745,786,787                                                                                                                                                                                                                                    
ECHO: loadb CQUAD4,728,1,747,746,787,788                                                                                                                                                                                                                                    
ECHO: loadb CQUAD4,729,1,748,747,788,789                                                                                                                                                                                                                                    
ECHO: loadb CQUAD4,730,1,749,748,789,790                                                                                                                                                                                                                                    
ECHO: loadb CQUAD4,731,1,750,749,790,791                                                                                                                                                                                                                                    
ECHO: loadb CQUAD4,732,1,751,750,791,792                                                                                                                                                                                                                                    
ECHO: loadb CQUAD4,733,1,752,751,792,793                                                                                                                                                                                                                                    
ECHO: loadb CQUAD4,734,1,753,752,793,794                                                                                                                                                                                                                                    
ECHO: loadb CQUAD4,735,1,754,753,794,795                                                                                                                                                                                                                                    
ECHO: loadb CQUAD4,736,1,755,754,795,796                                                                                                                                                                                                                                    
ECHO: loadb CQUAD4,737,1,756,755,796,797                                                                                                                                                                                                                                    
ECHO: loadb CQUAD4,738,1,757,756,797,798                                                                                                                                                                                                                                    
ECHO: loadb CQUAD4,739,1,758,757,798,799                                                                                                                                                                                                                                    
ECHO: loadb CQUAD4,740,1,759,758,799,800                                                                                                                                                                                                                                    
ECHO: loadb CQUAD4,741,1,760,759,800,801                                                                                                                                                                                                                                    
ECHO: loadb CQUAD4,742,1,761,760,801,802                                                                                                                                                                                                                                    
ECHO: loadb CQUAD4,743,1,762,761,802,803                                                                                                                                                                                                                                    
ECHO: loadb CQUAD4,744,1,763,762,803,804                                                                                                                                                                                                                                    
ECHO: loadb CQUAD4,745,1,764,763,804,805                                                                                                                                                                                                                                    
ECHO: loadb CQUAD4,746,1,765,764,805,806                                                                                                                                                                                                                                    
ECHO: loadb CQUAD4,747,1,766,765,806,807                                                                                                                                                                                                                                    
ECHO: loadb CQUAD4,748,1,767,766,807,808                                                                                                                                                                                                                                    
ECHO: loadb CQUAD4,749,1,768,767,808,809                                                                                                                                                                                                                                    
ECHO: loadb CQUAD4,750,1,769,768,809,810                                                                                                                                                                                                                                    
ECHO: loadb CQUAD4,751,1,770,769,810,811                                                                                                                                                                                                                                    
ECHO: loadb CQUAD4,752,1,771,770,811,812                                                                                                                                                                                                                                    
ECHO: loadb CQUAD4,753,1,772,771,812,813                                                                                                                                                                                                                                    
ECHO: loadb CQUAD4,754,1,773,772,813,814                                                                                                                                                                                                                                    
ECHO: loadb CQUAD4,755,1,774,773,814,815                                                                                                                                                                                                                                    
ECHO: loadb CQUAD4,756,1,775,774,815,816                                                                                                                                                                                                                                    
ECHO: loadb CQUAD4,757,1,776,775,816,817                                                                                                                                                                                                                                    
ECHO: loadb CQUAD4,758,1,777,776,817,818                                                                                                                                                                                                                                    
ECHO: loadb CQUAD4,759,1,778,777,818,819                                                                                                                                                                                                                                    
ECHO: loadb CQUAD4,760,1,779,778,819,820                                                                                                                                                                                                                                    
ECHO: loadb CQUAD4,761,1,781,780,821,822                                                                                                                                                                                                                                    
ECHO: loadb CQUAD4,762,1,782,781,822,823                                                                                                                                                                                                                                    
ECHO: loadb CQUAD4,763,1,783,782,823,824                                                                                                                                                                                                                                    
ECHO: loadb CQUAD4,764,1,784,783,824,825                                                                                                                                                                                                                                    
ECHO: loadb CQUAD4,765,1,785,784,825,826                                                                                                                                                                                                                                    
ECHO: loadb CQUAD4,766,1,786,785,826,827                                                                                                                                                                                                                                    
ECHO: loadb CQUAD4,767,1,787,786,827,828                                                                                                                                                                                                                                    
ECHO: loadb CQUAD4,768,1,788,787,828,829                                                                                                                                                                                                                                    
ECHO: loadb CQUAD4,769,1,789,788,829,830                                                                                                                                                                                                                                    
ECHO: loadb CQUAD4,770,1,790,789,830,831                                                                                                                                                                                                                                    
ECHO: loadb CQUAD4,771,1,791,790,831,832                                                                                                                                                                                                                                    
ECHO: loadb CQUAD4,772,1,792,791,832,833                                                                                                                                                                                                                                    
ECHO: loadb CQUAD4,773,1,793,792,833,834                                                                                                                                                                                                                                    
ECHO: loadb CQUAD4,774,1,794,793,834,835                                                                                                                                                                                                                                    
ECHO: loadb CQUAD4,775,1,795,794,835,836                                                                                                                                                                                                                                    
ECHO: loadb CQUAD4,776,1,796,795,836,837                                                                                                                                                                                                                                    
ECHO: loadb CQUAD4,777,1,797,796,837,838                                                                                                                                                                                                                                    
ECHO: loadb CQUAD4,778,1,798,797,838,839                                                                                                                                                                                                                                    
ECHO: loadb CQUAD4,779,1,799,798,839,840                                                                                                                                                                                                                                    
ECHO: loadb CQUAD4,780,1,800,799,840,841                                                                                                                                                                                                                                    
ECHO: loadb CQUAD4,781,1,801,800,841,842                                                                                                                                                                                                                                    
ECHO: loadb CQUAD4,782,1,802,801,842,843                                                                                                                                                                                                                                    
ECHO: loadb CQUAD4,783,1,803,802,843,844                                                                                                                                                                                                                                    
ECHO: loadb CQUAD4,784,1,804,803,844,845                                                                                                                                                                                                                                    
ECHO: loadb CQUAD4,785,1,805,804,845,846                                                                                                                                                                                                                                    
ECHO: loadb CQUAD4,786,1,806,805,846,847                                                                                                                                                                                                                                    
ECHO: loadb CQUAD4,787,1,807,806,847,848                                                                                                                                                                                                                                    
ECHO: loadb CQUAD4,788,1,808,807,848,849                                                                                                                                                                                                                                    
ECHO: loadb CQUAD4,789,1,809,808,849,850                                                                                                                                                                                                                                    
ECHO: loadb CQUAD4,790,1,810,809,850,851                                                                                                                                                                                                                                    
ECHO: loadb CQUAD4,791,1,811,810,851,852                                                                                                                                                                                                                                    
ECHO: loadb CQUAD4,792,1,812,811,852,853                                                                                                                                                                                                                                    
ECHO: loadb CQUAD4,793,1,813,812,853,854                                                                                                                                                                                                                                    
ECHO: loadb CQUAD4,794,1,814,813,854,855                                                                                                                                                                                                                                    
ECHO: loadb CQUAD4,795,1,815,814,855,856                                                                                                                                                                                                                                    
ECHO: loadb CQUAD4,796,1,816,815,856,857                                                                                                                                                                                                                                    
ECHO: loadb CQUAD4,797,1,817,816,857,858                                                                                                                                                                                                                                    
ECHO: loadb CQUAD4,798,1,818,817,858,859                                                                                                                                                                                                                                    
ECHO: loadb CQUAD4,799,1,819,818,859,860                                                                                                                                                                                                                                    
ECHO: loadb CQUAD4,800,1,820,819,860,861                                                                                                                                                                                                                                    
ECHO: loadb CQUAD4,801,1,822,821,862,863                                                                                                                                                                                                                                    
ECHO: loadb CQUAD4,802,1,823,822,863,864                                                                                                                                                                                                                                    
ECHO: loadb CQUAD4,803,1,824,823,864,865                                                                                                                                                                                                                                    
ECHO: loadb CQUAD4,804,1,825,824,865,866                                                                                                                                                                                                                                    
ECHO: loadb CQUAD4,805,1,826,825,866,867                                                                                                                                                                                                                                    
ECHO: loadb CQUAD4,806,1,827,826,867,868                                                                                                                                                                                                                                    
ECHO: loadb CQUAD4,807,1,828,827,868,869                                                                                                                                                                                                                                    
ECHO: loadb CQUAD4,808,1,829,828,869,870                                                                                                                                                                                                                                    
ECHO: loadb CQUAD4,809,1,830,829,870,871                                                                                                                                                                                                                                    
ECHO: loadb CQUAD4,810,1,831,830,871,872                                                                                                                                                                                                                                    
ECHO: loadb CQUAD4,811,1,832,831,872,873                                                                                                                                                                                                                                    
ECHO: loadb CQUAD4,812,1,833,832,873,874                                                                                                                                                                                                                                    
ECHO: loadb CQUAD4,813,1,834,833,874,875                                                                                                                                                                                                                                    
ECHO: loadb CQUAD4,814,1,835,834,875,876                                                                                                                                                                                                                                    
ECHO: loadb CQUAD4,815,1,836,835,876,877                                                                                                                                                                                                                                    
ECHO: loadb CQUAD4,816,1,837,836,877,878                                                                                                                                                                                                                                    
ECHO: loadb CQUAD4,817,1,838,837,878,879                                                                                                                                                                                                                                    
ECHO: loadb CQUAD4,818,1,839,838,879,880                                                                                                                                                                                                                                    
ECHO: loadb CQUAD4,819,1,840,839,880,881                                                                                                                                                                                                                                    
ECHO: loadb CQUAD4,820,1,841,840,881,882                                                                                                                                                                                                                                    
ECHO: loadb CQUAD4,821,1,842,841,882,883                                                                                                                                                                                                                                    
ECHO: loadb CQUAD4,822,1,843,842,883,884                                                                                                                                                                                                                                    
ECHO: loadb CQUAD4,823,1,844,843,884,885                                                                                                                                                                                                                                    
ECHO: loadb CQUAD4,824,1,845,844,885,886                                                                                                                                                                                                                                    
ECHO: loadb CQUAD4,825,1,846,845,886,887                                                                                                                                                                                                                                    
ECHO: loadb CQUAD4,826,1,847,846,887,888                                                                                                                                                                                                                                    
ECHO: loadb CQUAD4,827,1,848,847,888,889                                                                                                                                                                                                                                    
ECHO: loadb CQUAD4,828,1,849,848,889,890                                                                                                                                                                                                                                    
ECHO: loadb CQUAD4,829,1,850,849,890,891                                                                                                                                                                                                                                    
ECHO: loadb CQUAD4,830,1,851,850,891,892                                                                                                                                                                                                                                    
ECHO: loadb CQUAD4,831,1,852,851,892,893                                                                                                                                                                                                                                    
ECHO: loadb CQUAD4,832,1,853,852,893,894                                                                                                                                                                                                                                    
ECHO: loadb CQUAD4,833,1,854,853,894,895                                                                                                                                                                                                                                    
ECHO: loadb CQUAD4,834,1,855,854,895,896                                                                                                                                                                                                                                    
ECHO: loadb CQUAD4,835,1,856,855,896,897                                                                                                                                                                                                                                    
ECHO: loadb CQUAD4,836,1,857,856,897,898                                                                                                                                                                                                                                    
ECHO: loadb CQUAD4,837,1,858,857,898,899                                                                                                                                                                                                                                    
ECHO: loadb CQUAD4,838,1,859,858,899,900                                                                                                                                                                                                                                    
ECHO: loadb CQUAD4,839,1,860,859,900,901                                                                                                                                                                                                                                    
ECHO: loadb CQUAD4,840,1,861,860,901,902                                                                                                                                                                                                                                    
ECHO: loadb CQUAD4,841,1,863,862,903,904                                                                                                                                                                                                                                    
ECHO: loadb CQUAD4,842,1,864,863,904,905                                                                                                                                                                                                                                    
ECHO: loadb CQUAD4,843,1,865,864,905,906                                                                                                                                                                                                                                    
ECHO: loadb CQUAD4,844,1,866,865,906,907                                                                                                                                                                                                                                    
ECHO: loadb CQUAD4,845,1,867,866,907,908                                                                                                                                                                                                                                    
ECHO: loadb CQUAD4,846,1,868,867,908,909                                                                                                                                                                                                                                    
ECHO: loadb CQUAD4,847,1,869,868,909,910                                                                                                                                                                                                                                    
ECHO: loadb CQUAD4,848,1,870,869,910,911                                                                                                                                                                                                                                    
ECHO: loadb CQUAD4,849,1,871,870,911,912                                                                                                                                                                                                                                    
ECHO: loadb CQUAD4,850,1,872,871,912,913                                                                                                                                                                                                                                    
ECHO: loadb CQUAD4,851,1,873,872,913,914                                                                                                                                                                                                                                    
ECHO: loadb CQUAD4,852,1,874,873,914,915                                                                                                                                                                                                                                    
ECHO: loadb CQUAD4,853,1,875,874,915,916                                                                                                                                                                                                                                    
ECHO: loadb CQUAD4,854,1,876,875,916,917                                                                                                                                                                                                                                    
ECHO: loadb CQUAD4,855,1,877,876,917,918                                                                                                                                                                                                                                    
ECHO: loadb CQUAD4,856,1,878,877,918,919                                                                                                                                                                                                                                    
ECHO: loadb CQUAD4,857,1,879,878,919,920                                                                                                                                                                                                                                    
ECHO: loadb CQUAD4,858,1,880,879,920,921                                                                                                                                                                                                                                    
ECHO: loadb CQUAD4,859,1,881,880,921,922                                                                                                                                                                                                                                    
ECHO: loadb CQUAD4,860,1,882,881,922,923                                                                                                                                                                                                                                    
ECHO: loadb CQUAD4,861,1,883,882,923,924                                                                                                                                                                                                                                    
ECHO: loadb CQUAD4,862,1,884,883,924,925                                                                                                                                                                                                                                    
ECHO: loadb CQUAD4,863,1,885,884,925,926                                                                                                                                                                                                                                    
ECHO: loadb CQUAD4,864,1,886,885,926,927                                                                                                                                                                                                                                    
ECHO: loadb CQUAD4,865,1,887,886,927,928                                                                                                                                                                                                                                    
ECHO: loadb CQUAD4,866,1,888,887,928,929                                                                                                                                                                                                                                    
ECHO: loadb CQUAD4,867,1,889,888,929,930                                                                                                                                                                                                                                    
ECHO: loadb CQUAD4,868,1,890,889,930,931                                                                                                                                                                                                                                    
ECHO: loadb CQUAD4,869,1,891,890,931,932                                                                                                                                                                                                                                    
ECHO: loadb CQUAD4,870,1,892,891,932,933                                                                                                                                                                                                                                    
ECHO: loadb CQUAD4,871,1,893,892,933,934                                                                                                                                                                                                                                    
ECHO: loadb CQUAD4,872,1,894,893,934,935                                                                                                                                                                                                                                    
ECHO: loadb CQUAD4,873,1,895,894,935,936                                                                                                                                                                                                                                    
ECHO: loadb CQUAD4,874,1,896,895,936,937                                                                                                                                                                                                                                    
ECHO: loadb CQUAD4,875,1,897,896,937,938                                                                                                                                                                                                                                    
ECHO: loadb CQUAD4,876,1,898,897,938,939                                                                                                                                                                                                                                    
ECHO: loadb CQUAD4,877,1,899,898,939,940                                                                                                                                                                                                                                    
ECHO: loadb CQUAD4,878,1,900,899,940,941                                                                                                                                                                                                                                    
ECHO: loadb CQUAD4,879,1,901,900,941,942                                                                                                                                                                                                                                    
ECHO: loadb CQUAD4,880,1,902,901,942,943                                                                                                                                                                                                                                    
ECHO: loadb CQUAD4,881,1,904,903,944,945                                                                                                                                                                                                                                    
ECHO: loadb CQUAD4,882,1,905,904,945,946                                                                                                                                                                                                                                    
ECHO: loadb CQUAD4,883,1,906,905,946,947                                                                                                                                                                                                                                    
ECHO: loadb CQUAD4,884,1,907,906,947,948                                                                                                                                                                                                                                    
ECHO: loadb CQUAD4,885,1,908,907,948,949                                                                                                                                                                                                                                    
ECHO: loadb CQUAD4,886,1,909,908,949,950                                                                                                                                                                                                                                    
ECHO: loadb CQUAD4,887,1,910,909,950,951                                                                                                                                                                                                                                    
ECHO: loadb CQUAD4,888,1,911,910,951,952                                                                                                                                                                                                                                    
ECHO: loadb CQUAD4,889,1,912,911,952,953                                                                                                                                                                                                                                    
ECHO: loadb CQUAD4,890,1,913,912,953,954                                                                                                                                                                                                                                    
ECHO: loadb CQUAD4,891,1,914,913,954,955                                                                                                                                                                                                                                    
ECHO: loadb CQUAD4,892,1,915,914,955,956                                                                                                                                                                                                                                    
ECHO: loadb CQUAD4,893,1,916,915,956,957                                                                                                                                                                                                                                    
ECHO: loadb CQUAD4,894,1,917,916,957,958                                                                                                                                                                                                                                    
ECHO: loadb CQUAD4,895,1,918,917,958,959                                                                                                                                                                                                                                    
ECHO: loadb CQUAD4,896,1,919,918,959,960                                                                                                                                                                                                                                    
ECHO: loadb CQUAD4,897,1,920,919,960,961                                                                                                                                                                                                                                    
ECHO: loadb CQUAD4,898,1,921,920,961,962                                                                                                                                                                                                                                    
ECHO: loadb CQUAD4,899,1,922,921,962,963                                                                                                                                                                                                                                    
ECHO: loadb CQUAD4,900,1,923,922,963,964                                                                                                                                                                                                                                    
ECHO: loadb CQUAD4,901,1,924,923,964,965                                                                                                                                                                                                                                    
ECHO: loadb CQUAD4,902,1,925,924,965,966                                                                                                                                                                                                                                    
ECHO: loadb CQUAD4,903,1,926,925,966,967                                                                                                                                                                                                                                    
ECHO: loadb CQUAD4,904,1,927,926,967,968                                                                                                                                                                                                                                    
ECHO: loadb CQUAD4,905,1,928,927,968,969                                                                                                                                                                                                                                    
ECHO: loadb CQUAD4,906,1,929,928,969,970                                                                                                                                                                                                                                    
ECHO: loadb CQUAD4,907,1,930,929,970,971                                                                                                                                                                                                                                    
ECHO: loadb CQUAD4,908,1,931,930,971,972                                                                                                                                                                                                                                    
ECHO: loadb CQUAD4,909,1,932,931,972,973                                                                                                                                                                                                                                    
ECHO: loadb CQUAD4,910,1,933,932,973,974                                                                                                                                                                                                                                    
ECHO: loadb CQUAD4,911,1,934,933,974,975                                                                                                                                                                                                                                    
ECHO: loadb CQUAD4,912,1,935,934,975,976                                                                                                                                                                                                                                    
ECHO: loadb CQUAD4,913,1,936,935,976,977                                                                                                                                                                                                                                    
ECHO: loadb CQUAD4,914,1,937,936,977,978                                                                                                                                                                                                                                    
ECHO: loadb CQUAD4,915,1,938,937,978,979                                                                                                                                                                                                                                    
ECHO: loadb CQUAD4,916,1,939,938,979,980                                                                                                                                                                                                                                    
ECHO: loadb CQUAD4,917,1,940,939,980,981                                                                                                                                                                                                                                    
ECHO: loadb CQUAD4,918,1,941,940,981,982                                                                                                                                                                                                                                    
ECHO: loadb CQUAD4,919,1,942,941,982,983                                                                                                                                                                                                                                    
ECHO: loadb CQUAD4,920,1,943,942,983,984                                                                                                                                                                                                                                    
ECHO: loadb CQUAD4,921,1,945,944,985,986                                                                                                                                                                                                                                    
ECHO: loadb CQUAD4,922,1,946,945,986,987                                                                                                                                                                                                                                    
ECHO: loadb CQUAD4,923,1,947,946,987,988                                                                                                                                                                                                                                    
ECHO: loadb CQUAD4,924,1,948,947,988,989                                                                                                                                                                                                                                    
ECHO: loadb CQUAD4,925,1,949,948,989,990                                                                                                                                                                                                                                    
ECHO: loadb CQUAD4,926,1,950,949,990,991                                                                                                                                                                                                                                    
ECHO: loadb CQUAD4,927,1,951,950,991,992                                                                                                                                                                                                                                    
ECHO: loadb CQUAD4,928,1,952,951,992,993                                                                                                                                                                                                                                    
ECHO: loadb CQUAD4,929,1,953,952,993,994                                                                                                                                                                                                                                    
ECHO: loadb CQUAD4,930,1,954,953,994,995                                                                                                                                                                                                                                    
ECHO: loadb CQUAD4,931,1,955,954,995,996                                                                                                                                                                                                                                    
ECHO: loadb CQUAD4,932,1,956,955,996,997                                                                                                                                                                                                                                    
ECHO: loadb CQUAD4,933,1,957,956,997,998                                                                                                                                                                                                                                    
ECHO: loadb CQUAD4,934,1,958,957,998,999                                                                                                                                                                                                                                    
ECHO: loadb CQUAD4,935,1,959,958,999,1000                                                                                                                                                                                                                                   
ECHO: loadb CQUAD4,936,1,960,959,1000,1001                                                                                                                                                                                                                                  
ECHO: loadb CQUAD4,937,1,961,960,1001,1002                                                                                                                                                                                                                                  
ECHO: loadb CQUAD4,938,1,962,961,1002,1003                                                                                                                                                                                                                                  
ECHO: loadb CQUAD4,939,1,963,962,1003,1004                                                                                                                                                                                                                                  
ECHO: loadb CQUAD4,940,1,964,963,1004,1005                                                                                                                                                                                                                                  
ECHO: loadb CQUAD4,941,1,965,964,1005,1006                                                                                                                                                                                                                                  
ECHO: loadb CQUAD4,942,1,966,965,1006,1007                                                                                                                                                                                                                                  
ECHO: loadb CQUAD4,943,1,967,966,1007,1008                                                                                                                                                                                                                                  
ECHO: loadb CQUAD4,944,1,968,967,1008,1009                                                                                                                                                                                                                                  
ECHO: loadb CQUAD4,945,1,969,968,1009,1010                                                                                                                                                                                                                                  
ECHO: loadb CQUAD4,946,1,970,969,1010,1011                                                                                                                                                                                                                                  
ECHO: loadb CQUAD4,947,1,971,970,1011,1012                                                                                                                                                                                                                                  
ECHO: loadb CQUAD4,948,1,972,971,1012,1013                                                                                                                                                                                                                                  
ECHO: loadb CQUAD4,949,1,973,972,1013,1014                                                                                                                                                                                                                                  
ECHO: loadb CQUAD4,950,1,974,973,1014,1015                                                                                                                                                                                                                                  
ECHO: loadb CQUAD4,951,1,975,974,1015,1016                                                                                                                                                                                                                                  
ECHO: loadb CQUAD4,952,1,976,975,1016,1017                                                                                                                                                                                                                                  
ECHO: loadb CQUAD4,953,1,977,976,1017,1018                                                                                                                                                                                                                                  
ECHO: loadb CQUAD4,954,1,978,977,1018,1019                                                                                                                                                                                                                                  
ECHO: loadb CQUAD4,955,1,979,978,1019,1020                                                                                                                                                                                                                                  
ECHO: loadb CQUAD4,956,1,980,979,1020,1021                                                                                                                                                                                                                                  
ECHO: loadb CQUAD4,957,1,981,980,1021,1022                                                                                                                                                                                                                                  
ECHO: loadb CQUAD4,958,1,982,981,1022,1023                                                                                                                                                                                                                                  
ECHO: loadb CQUAD4,959,1,983,982,1023,1024                                                                                                                                                                                                                                  
ECHO: loadb CQUAD4,960,1,984,983,1024,1025                                                                                                                                                                                                                                  
ECHO: loadb CQUAD4,961,1,986,985,1026,1027                                                                                                                                                                                                                                  
ECHO: loadb CQUAD4,962,1,987,986,1027,1028                                                                                                                                                                                                                                  
ECHO: loadb CQUAD4,963,1,988,987,1028,1029                                                                                                                                                                                                                                  
ECHO: loadb CQUAD4,964,1,989,988,1029,1030                                                                                                                                                                                                                                  
ECHO: loadb CQUAD4,965,1,990,989,1030,1031                                                                                                                                                                                                                                  
ECHO: loadb CQUAD4,966,1,991,990,1031,1032                                                                                                                                                                                                                                  
ECHO: loadb CQUAD4,967,1,992,991,1032,1033                                                                                                                                                                                                                                  
ECHO: loadb CQUAD4,968,1,993,992,1033,1034                                                                                                                                                                                                                                  
ECHO: loadb CQUAD4,969,1,994,993,1034,1035                                                                                                                                                                                                                                  
ECHO: loadb CQUAD4,970,1,995,994,1035,1036                                                                                                                                                                                                                                  
ECHO: loadb CQUAD4,971,1,996,995,1036,1037                                                                                                                                                                                                                                  
ECHO: loadb CQUAD4,972,1,997,996,1037,1038                                                                                                                                                                                                                                  
ECHO: loadb CQUAD4,973,1,998,997,1038,1039                                                                                                                                                                                                                                  
ECHO: loadb CQUAD4,974,1,999,998,1039,1040                                                                                                                                                                                                                                  
ECHO: loadb CQUAD4,975,1,1000,999,1040,1041                                                                                                                                                                                                                                 
ECHO: loadb CQUAD4,976,1,1001,1000,1041,1042                                                                                                                                                                                                                                
ECHO: loadb CQUAD4,977,1,1002,1001,1042,1043                                                                                                                                                                                                                                
ECHO: loadb CQUAD4,978,1,1003,1002,1043,1044                                                                                                                                                                                                                                
ECHO: loadb CQUAD4,979,1,1004,1003,1044,1045                                                                                                                                                                                                                                
ECHO: loadb CQUAD4,980,1,1005,1004,1045,1046                                                                                                                                                                                                                                
ECHO: loadb CQUAD4,981,1,1006,1005,1046,1047                                                                                                                                                                                                                                
ECHO: loadb CQUAD4,982,1,1007,1006,1047,1048                                                                                                                                                                                                                                
ECHO: loadb CQUAD4,983,1,1008,1007,1048,1049                                                                                                                                                                                                                                
ECHO: loadb CQUAD4,984,1,1009,1008,1049,1050                                                                                                                                                                                                                                
ECHO: loadb CQUAD4,985,1,1010,1009,1050,1051                                                                                                                                                                                                                                
ECHO: loadb CQUAD4,986,1,1011,1010,1051,1052                                                                                                                                                                                                                                
ECHO: loadb CQUAD4,987,1,1012,1011,1052,1053                                                                                                                                                                                                                                
ECHO: loadb CQUAD4,988,1,1013,1012,1053,1054                                                                                                                                                                                                                                
ECHO: loadb CQUAD4,989,1,1014,1013,1054,1055                                                                                                                                                                                                                                
ECHO: loadb CQUAD4,990,1,1015,1014,1055,1056                                                                                                                                                                                                                                
ECHO: loadb CQUAD4,991,1,1016,1015,1056,1057                                                                                                                                                                                                                                
ECHO: loadb CQUAD4,992,1,1017,1016,1057,1058                                                                                                                                                                                                                                
ECHO: loadb CQUAD4,993,1,1018,1017,1058,1059                                                                                                                                                                                                                                
ECHO: loadb CQUAD4,994,1,1019,1018,1059,1060                                                                                                                                                                                                                                
ECHO: loadb CQUAD4,995,1,1020,1019,1060,1061                                                                                                                                                                                                                                
ECHO: loadb CQUAD4,996,1,1021,1020,1061,1062                                                                                                                                                                                                                                
ECHO: loadb CQUAD4,997,1,1022,1021,1062,1063                                                                                                                                                                                                                                
ECHO: loadb CQUAD4,998,1,1023,1022,1063,1064                                                                                                                                                                                                                                
ECHO: loadb CQUAD4,999,1,1024,1023,1064,1065                                                                                                                                                                                                                                
ECHO: loadb CQUAD4,1000,1,1025,1024,1065,1066                                                                                                                                                                                                                               
ECHO: loadb CQUAD4,1001,1,1027,1026,1067,1068                                                                                                                                                                                                                               
ECHO: loadb CQUAD4,1002,1,1028,1027,1068,1069                                                                                                                                                                                                                               
ECHO: loadb CQUAD4,1003,1,1029,1028,1069,1070                                                                                                                                                                                                                               
ECHO: loadb CQUAD4,1004,1,1030,1029,1070,1071                                                                                                                                                                                                                               
ECHO: loadb CQUAD4,1005,1,1031,1030,1071,1072                                                                                                                                                                                                                               
ECHO: loadb CQUAD4,1006,1,1032,1031,1072,1073                                                                                                                                                                                                                               
ECHO: loadb CQUAD4,1007,1,1033,1032,1073,1074                                                                                                                                                                                                                               
ECHO: loadb CQUAD4,1008,1,1034,1033,1074,1075                                                                                                                                                                                                                               
ECHO: loadb CQUAD4,1009,1,1035,1034,1075,1076                                                                                                                                                                                                                               
ECHO: loadb CQUAD4,1010,1,1036,1035,1076,1077                                                                                                                                                                                                                               
ECHO: loadb CQUAD4,1011,1,1037,1036,1077,1078                                                                                                                                                                                                                               
ECHO: loadb CQUAD4,1012,1,1038,1037,1078,1079                                                                                                                                                                                                                               
ECHO: loadb CQUAD4,1013,1,1039,1038,1079,1080                                                                                                                                                                                                                               
ECHO: loadb CQUAD4,1014,1,1040,1039,1080,1081                                                                                                                                                                                                                               
ECHO: loadb CQUAD4,1015,1,1041,1040,1081,1082                                                                                                                                                                                                                               
ECHO: loadb CQUAD4,1016,1,1042,1041,1082,1083                                                                                                                                                                                                                               
ECHO: loadb CQUAD4,1017,1,1043,1042,1083,1084                                                                                                                                                                                                                               
ECHO: loadb CQUAD4,1018,1,1044,1043,1084,1085                                                                                                                                                                                                                               
ECHO: loadb CQUAD4,1019,1,1045,1044,1085,1086                                                                                                                                                                                                                               
ECHO: loadb CQUAD4,1020,1,1046,1045,1086,1087                                                                                                                                                                                                                               
ECHO: loadb CQUAD4,1021,1,1047,1046,1087,1088                                                                                                                                                                                                                               
ECHO: loadb CQUAD4,1022,1,1048,1047,1088,1089                                                                                                                                                                                                                               
ECHO: loadb CQUAD4,1023,1,1049,1048,1089,1090                                                                                                                                                                                                                               
ECHO: loadb CQUAD4,1024,1,1050,1049,1090,1091                                                                                                                                                                                                                               
ECHO: loadb CQUAD4,1025,1,1051,1050,1091,1092                                                                                                                                                                                                                               
ECHO: loadb CQUAD4,1026,1,1052,1051,1092,1093                                                                                                                                                                                                                               
ECHO: loadb CQUAD4,1027,1,1053,1052,1093,1094                                                                                                                                                                                                                               
ECHO: loadb CQUAD4,1028,1,1054,1053,1094,1095                                                                                                                                                                                                                               
ECHO: loadb CQUAD4,1029,1,1055,1054,1095,1096                                                                                                                                                                                                                               
ECHO: loadb CQUAD4,1030,1,1056,1055,1096,1097                                                                                                                                                                                                                               
ECHO: loadb CQUAD4,1031,1,1057,1056,1097,1098                                                                                                                                                                                                                               
ECHO: loadb CQUAD4,1032,1,1058,1057,1098,1099                                                                                                                                                                                                                               
ECHO: loadb CQUAD4,1033,1,1059,1058,1099,1100                                                                                                                                                                                                                               
ECHO: loadb CQUAD4,1034,1,1060,1059,1100,1101                                                                                                                                                                                                                               
ECHO: loadb CQUAD4,1035,1,1061,1060,1101,1102                                                                                                                                                                                                                               
ECHO: loadb CQUAD4,1036,1,1062,1061,1102,1103                                                                                                                                                                                                                               
ECHO: loadb CQUAD4,1037,1,1063,1062,1103,1104                                                                                                                                                                                                                               
ECHO: loadb CQUAD4,1038,1,1064,1063,1104,1105                                                                                                                                                                                                                               
ECHO: loadb CQUAD4,1039,1,1065,1064,1105,1106                                                                                                                                                                                                                               
ECHO: loadb CQUAD4,1040,1,1066,1065,1106,1107                                                                                                                                                                                                                               
ECHO: loadb CQUAD4,1041,1,1068,1067,1108,1109                                                                                                                                                                                                                               
ECHO: loadb CQUAD4,1042,1,1069,1068,1109,1110                                                                                                                                                                                                                               
ECHO: loadb CQUAD4,1043,1,1070,1069,1110,1111                                                                                                                                                                                                                               
ECHO: loadb CQUAD4,1044,1,1071,1070,1111,1112                                                                                                                                                                                                                               
ECHO: loadb CQUAD4,1045,1,1072,1071,1112,1113                                                                                                                                                                                                                               
ECHO: loadb CQUAD4,1046,1,1073,1072,1113,1114                                                                                                                                                                                                                               
ECHO: loadb CQUAD4,1047,1,1074,1073,1114,1115                                                                                                                                                                                                                               
ECHO: loadb CQUAD4,1048,1,1075,1074,1115,1116                                                                                                                                                                                                                               
ECHO: loadb CQUAD4,1049,1,1076,1075,1116,1117                                                                                                                                                                                                                               
ECHO: loadb CQUAD4,1050,1,1077,1076,1117,1118                                                                                                                                                                                                                               
ECHO: loadb CQUAD4,1051,1,1078,1077,1118,1119                                                                                                                                                                                                                               
ECHO: loadb CQUAD4,1052,1,1079,1078,1119,1120                                                                                                                                                                                                                               
ECHO: loadb CQUAD4,1053,1,1080,1079,1120,1121                                                                                                                                                                                                                               
ECHO: loadb CQUAD4,1054,1,1081,1080,1121,1122                                                                                                                                                                                                                               
ECHO: loadb CQUAD4,1055,1,1082,1081,1122,1123                                                                                                                                                                                                                               
ECHO: loadb CQUAD4,1056,1,1083,1082,1123,1124                                                                                                                                                                                                                               
ECHO: loadb CQUAD4,1057,1,1084,1083,1124,1125                                                                                                                                                                                                                               
ECHO: loadb CQUAD4,1058,1,1085,1084,1125,1126                                                                                                                                                                                                                               
ECHO: loadb CQUAD4,1059,1,1086,1085,1126,1127                                                                                                                                                                                                                               
ECHO: loadb CQUAD4,1060,1,1087,1086,1127,1128                                                                                                                                                                                                                               
ECHO: loadb CQUAD4,1061,1,1088,1087,1128,1129                                                                                                                                                                                                                               
ECHO: loadb CQUAD4,1062,1,1089,1088,1129,1130                                                                                                                                                                                                                               
ECHO: loadb CQUAD4,1063,1,1090,1089,1130,1131                                                                                                                                                                                                                               
ECHO: loadb CQUAD4,1064,1,1091,1090,1131,1132                                                                                                                                                                                                                               
ECHO: loadb CQUAD4,1065,1,1092,1091,1132,1133                                                                                                                                                                                                                               
ECHO: loadb CQUAD4,1066,1,1093,1092,1133,1134                                                                                                                                                                                                                               
ECHO: loadb CQUAD4,1067,1,1094,1093,1134,1135                                                                                                                                                                                                                               
ECHO: loadb CQUAD4,1068,1,1095,1094,1135,1136                                                                                                                                                                                                                               
ECHO: loadb CQUAD4,1069,1,1096,1095,1136,1137                                                                                                                                                                                                                               
ECHO: loadb CQUAD4,1070,1,1097,1096,1137,1138                                                                                                                                                                                                                               
ECHO: loadb CQUAD4,1071,1,1098,1097,1138,1139                                                                                                                                                                                                                               
ECHO: loadb CQUAD4,1072,1,1099,1098,1139,1140                                                                                                                                                                                                                               
ECHO: loadb CQUAD4,1073,1,1100,1099,1140,1141                                                                                                                                                                                                                               
ECHO: loadb CQUAD4,1074,1,1101,1100,1141,1142                                                                                                                                                                                                                               
ECHO: loadb CQUAD4,1075,1,1102,1101,1142,1143                                                                                                                                                                                                                               
ECHO: loadb CQUAD4,1076,1,1103,1102,1143,1144                                                                                                                                                                                                                               
ECHO: loadb CQUAD4,1077,1,1104,1103,1144,1145                                                                                                                                                                                                                               
ECHO: loadb CQUAD4,1078,1,1105,1104,1145,1146                                                                                                                                                                                                                               
ECHO: loadb CQUAD4,1079,1,1106,1105,1146,1147                                                                                                                                                                                                                               
ECHO: loadb CQUAD4,1080,1,1107,1106,1147,1148                                                                                                                                                                                                                               
ECHO: loadb CQUAD4,1081,1,1109,1108,1149,1150                                                                                                                                                                                                                               
ECHO: loadb CQUAD4,1082,1,1110,1109,1150,1151                                                                                                                                                                                                                               
ECHO: loadb CQUAD4,1083,1,1111,1110,1151,1152                                                                                                                                                                                                                               
ECHO: loadb CQUAD4,1084,1,1112,1111,1152,1153                                                                                                                                                                                                                               
ECHO: loadb CQUAD4,1085,1,1113,1112,1153,1154                                                                                                                                                                                                                               
ECHO: loadb CQUAD4,1086,1,1114,1113,1154,1155                                                                                                                                                                                                                               
ECHO: loadb CQUAD4,1087,1,1115,1114,1155,1156                                                                                                                                                                                                                               
ECHO: loadb CQUAD4,1088,1,1116,1115,1156,1157                                                                                                                                                                                                                               
ECHO: loadb CQUAD4,1089,1,1117,1116,1157,1158                                                                                                                                                                                                                               
ECHO: loadb CQUAD4,1090,1,1118,1117,1158,1159                                                                                                                                                                                                                               
ECHO: loadb CQUAD4,1091,1,1119,1118,1159,1160                                                                                                                                                                                                                               
ECHO: loadb CQUAD4,1092,1,1120,1119,1160,1161                                                                                                                                                                                                                               
ECHO: loadb CQUAD4,1093,1,1121,1120,1161,1162                                                                                                                                                                                                                               
ECHO: loadb CQUAD4,1094,1,1122,1121,1162,1163                                                                                                                                                                                                                               
ECHO: loadb CQUAD4,1095,1,1123,1122,1163,1164                                                                                                                                                                                                                               
ECHO: loadb CQUAD4,1096,1,1124,1123,1164,1165                                                                                                                                                                                                                               
ECHO: loadb CQUAD4,1097,1,1125,1124,1165,1166                                                                                                                                                                                                                               
ECHO: loadb CQUAD4,1098,1,1126,1125,1166,1167                                                                                                                                                                                                                               
ECHO: loadb CQUAD4,1099,1,1127,1126,1167,1168                                                                                                                                                                                                                               
ECHO: loadb CQUAD4,1100,1,1128,1127,1168,1169                                                                                                                                                                                                                               
ECHO: loadb CQUAD4,1101,1,1129,1128,1169,1170                                                                                                                                                                                                                               
ECHO: loadb CQUAD4,1102,1,1130,1129,1170,1171                                                                                                                                                                                                                               
ECHO: loadb CQUAD4,1103,1,1131,1130,1171,1172                                                                                                                                                                                                                               
ECHO: loadb CQUAD4,1104,1,1132,1131,1172,1173                                                                                                                                                                                                                               
ECHO: loadb CQUAD4,1105,1,1133,1132,1173,1174                                                                                                                                                                                                                               
ECHO: loadb CQUAD4,1106,1,1134,1133,1174,1175                                                                                                                                                                                                                               
ECHO: loadb CQUAD4,1107,1,1135,1134,1175,1176                                                                                                                                                                                                                               
ECHO: loadb CQUAD4,1108,1,1136,1135,1176,1177                                                                                                                                                                                                                               
ECHO: loadb CQUAD4,1109,1,1137,1136,1177,1178                                                                                                                                                                                                                               
ECHO: loadb CQUAD4,1110,1,1138,1137,1178,1179                                                                                                                                                                                                                               
ECHO: loadb CQUAD4,1111,1,1139,1138,1179,1180                                                                                                                                                                                                                               
ECHO: loadb CQUAD4,1112,1,1140,1139,1180,1181                                                                                                                                                                                                                               
ECHO: loadb CQUAD4,1113,1,1141,1140,1181,1182                                                                                                                                                                                                                               
ECHO: loadb CQUAD4,1114,1,1142,1141,1182,1183                                                                                                                                                                                                                               
ECHO: loadb CQUAD4,1115,1,1143,1142,1183,1184                                                                                                                                                                                                                               
ECHO: loadb CQUAD4,1116,1,1144,1143,1184,1185                                                                                                                                                                                                                               
ECHO: loadb CQUAD4,1117,1,1145,1144,1185,1186                                                                                                                                                                                                                               
ECHO: loadb CQUAD4,1118,1,1146,1145,1186,1187                                                                                                                                                                                                                               
ECHO: loadb CQUAD4,1119,1,1147,1146,1187,1188                                                                                                                                                                                                                               
ECHO: loadb CQUAD4,1120,1,1148,1147,1188,1189                                                                                                                                                                                                                               
ECHO: loadb CQUAD4,1121,1,1150,1149,1190,1191                                                                                                                                                                                                                               
ECHO: loadb CQUAD4,1122,1,1151,1150,1191,1192                                                                                                                                                                                                                               
ECHO: loadb CQUAD4,1123,1,1152,1151,1192,1193                                                                                                                                                                                                                               
ECHO: loadb CQUAD4,1124,1,1153,1152,1193,1194                                                                                                                                                                                                                               
ECHO: loadb CQUAD4,1125,1,1154,1153,1194,1195                                                                                                                                                                                                                               
ECHO: loadb CQUAD4,1126,1,1155,1154,1195,1196                                                                                                                                                                                                                               
ECHO: loadb CQUAD4,1127,1,1156,1155,1196,1197                                                                                                                                                                                                                               
ECHO: loadb CQUAD4,1128,1,1157,1156,1197,1198                                                                                                                                                                                                                               
ECHO: loadb CQUAD4,1129,1,1158,1157,1198,1199                                                                                                                                                                                                                               
ECHO: loadb CQUAD4,1130,1,1159,1158,1199,1200                                                                                                                                                                                                                               
ECHO: loadb CQUAD4,1131,1,1160,1159,1200,1201                                                                                                                                                                                                                               
ECHO: loadb CQUAD4,1132,1,1161,1160,1201,1202                                                                                                                                                                                                                               
ECHO: loadb CQUAD4,1133,1,1162,1161,1202,1203                                                                                                                                                                                                                               
ECHO: loadb CQUAD4,1134,1,1163,1162,1203,1204                                                                                                                                                                                                                               
ECHO: loadb CQUAD4,1135,1,1164,1163,1204,1205                                                                                                                                                                                                                               
ECHO: loadb CQUAD4,1136,1,1165,1164,1205,1206                                                                                                                                                                                                                               
ECHO: loadb CQUAD4,1137,1,1166,1165,1206,1207                                                                                                                                                                                                                               
ECHO: loadb CQUAD4,1138,1,1167,1166,1207,1208                                                                                                                                                                                                                               
ECHO: loadb CQUAD4,1139,1,1168,1167,1208,1209                                                                                                                                                                                                                               
ECHO: loadb CQUAD4,1140,1,1169,1168,1209,1210                                                                                                                                                                                                                               
ECHO: loadb CQUAD4,1141,1,1170,1169,1210,1211                                                                                                                                                                                                                               
ECHO: loadb CQUAD4,1142,1,1171,1170,1211,1212                                                                                                                                                                                                                               
ECHO: loadb CQUAD4,1143,1,1172,1171,1212,1213                                                                                                                                                                                                                               
ECHO: loadb CQUAD4,1144,1,1173,1172,1213,1214                                                                                                                                                                                                                               
ECHO: loadb CQUAD4,1145,1,1174,1173,1214,1215                                                                                                                                                                                                                               
ECHO: loadb CQUAD4,1146,1,1175,1174,1215,1216                                                                                                                                                                                                                               
ECHO: loadb CQUAD4,1147,1,1176,1175,1216,1217                                                                                                                                                                                                                               
ECHO: loadb CQUAD4,1148,1,1177,1176,1217,1218                                                                                                                                                                                                                               
ECHO: loadb CQUAD4,1149,1,1178,1177,1218,1219                                                                                                                                                                                                                               
ECHO: loadb CQUAD4,1150,1,1179,1178,1219,1220                                                                                                                                                                                                                               
ECHO: loadb CQUAD4,1151,1,1180,1179,1220,1221                                                                                                                                                                                                                               
ECHO: loadb CQUAD4,1152,1,1181,1180,1221,1222                                                                                                                                                                                                                               
ECHO: loadb CQUAD4,1153,1,1182,1181,1222,1223                                                                                                                                                                                                                               
ECHO: loadb CQUAD4,1154,1,1183,1182,1223,1224                                                                                                                                                                                                                               
ECHO: loadb CQUAD4,1155,1,1184,1183,1224,1225                                                                                                                                                                                                                               
ECHO: loadb CQUAD4,1156,1,1185,1184,1225,1226                                                                                                                                                                                                                               
ECHO: loadb CQUAD4,1157,1,1186,1185,1226,1227                                                                                                                                                                                                                               
ECHO: loadb CQUAD4,1158,1,1187,1186,1227,1228                                                                                                                                                                                                                               
ECHO: loadb CQUAD4,1159,1,1188,1187,1228,1229                                                                                                                                                                                                                               
ECHO: loadb CQUAD4,1160,1,1189,1188,1229,1230                                                                                                                                                                                                                               
ECHO: loadb CQUAD4,1161,1,1191,1190,1231,1232                                                                                                                                                                                                                               
ECHO: loadb CQUAD4,1162,1,1192,1191,1232,1233                                                                                                                                                                                                                               
ECHO: loadb CQUAD4,1163,1,1193,1192,1233,1234                                                                                                                                                                                                                               
ECHO: loadb CQUAD4,1164,1,1194,1193,1234,1235                                                                                                                                                                                                                               
ECHO: loadb CQUAD4,1165,1,1195,1194,1235,1236                                                                                                                                                                                                                               
ECHO: loadb CQUAD4,1166,1,1196,1195,1236,1237                                                                                                                                                                                                                               
ECHO: loadb CQUAD4,1167,1,1197,1196,1237,1238                                                                                                                                                                                                                               
ECHO: loadb CQUAD4,1168,1,1198,1197,1238,1239                                                                                                                                                                                                                               
ECHO: loadb CQUAD4,1169,1,1199,1198,1239,1240                                                                                                                                                                                                                               
ECHO: loadb CQUAD4,1170,1,1200,1199,1240,1241                                                                                                                                                                                                                               
ECHO: loadb CQUAD4,1171,1,1201,1200,1241,1242                                                                                                                                                                                                                               
ECHO: loadb CQUAD4,1172,1,1202,1201,1242,1243                                                                                                                                                                                                                               
ECHO: loadb CQUAD4,1173,1,1203,1202,1243,1244                                                                                                                                                                                                                               
ECHO: loadb CQUAD4,1174,1,1204,1203,1244,1245                                                                                                                                                                                                                               
ECHO: loadb CQUAD4,1175,1,1205,1204,1245,1246                                                                                                                                                                                                                               
ECHO: loadb CQUAD4,1176,1,1206,1205,1246,1247                                                                                                                                                                                                                               
ECHO: loadb CQUAD4,1177,1,1207,1206,1247,1248                                                                                                                                                                                                                               
ECHO: loadb CQUAD4,1178,1,1208,1207,1248,1249                                                                                                                                                                                                                               
ECHO: loadb CQUAD4,1179,1,1209,1208,1249,1250                                                                                                                                                                                                                               
ECHO: loadb CQUAD4,1180,1,1210,1209,1250,1251                                                                                                                                                                                                                               
ECHO: loadb CQUAD4,1181,1,1211,1210,1251,1252                                                                                                                                                                                                                               
ECHO: loadb CQUAD4,1182,1,1212,1211,1252,1253                                                                                                                                                                                                                               
ECHO: loadb CQUAD4,1183,1,1213,1212,1253,1254                                                                                                                                                                                                                               
ECHO: loadb CQUAD4,1184,1,1214,1213,1254,1255                                                                                                                                                                                                                               
ECHO: loadb CQUAD4,1185,1,1215,1214,1255,1256                                                                                                                                                                                                                               
ECHO: loadb CQUAD4,1186,1,1216,1215,1256,1257                                                                                                                                                                                                                               
ECHO: loadb CQUAD4,1187,1,1217,1216,1257,1258                                                                                                                                                                                                                               
ECHO: loadb CQUAD4,1188,1,1218,1217,1258,1259                                                                                                                                                                                                                               
ECHO: loadb CQUAD4,1189,1,1219,1218,1259,1260                                                                                                                                                                                                                               
ECHO: loadb CQUAD4,1190,1,1220,1219,1260,1261                                                                                                                                                                                                                               
ECHO: loadb CQUAD4,1191,1,1221,1220,1261,1262                                                                                                                                                                                                                               
ECHO: loadb CQUAD4,1192,1,1222,1221,1262,1263                                                                                                                                                                                                                               
ECHO: loadb CQUAD4,1193,1,1223,1222,1263,1264                                                                                                                                                                                                                               
ECHO: loadb CQUAD4,1194,1,1224,1223,1264,1265                                                                                                                                                                                                                               
ECHO: loadb CQUAD4,1195,1,1225,1224,1265,1266                                                                                                                                                                                                                               
ECHO: loadb CQUAD4,1196,1,1226,1225,1266,1267                                                                                                                                                                                                                               
ECHO: loadb CQUAD4,1197,1,1227,1226,1267,1268                                                                                                                                                                                                                               
ECHO: loadb CQUAD4,1198,1,1228,1227,1268,1269                                                                                                                                                                                                                               
ECHO: loadb CQUAD4,1199,1,1229,1228,1269,1270                                                                                                                                                                                                                               
ECHO: loadb CQUAD4,1200,1,1230,1229,1270,1271                                                                                                                                                                                                                               
ECHO: loadb CQUAD4,1201,1,1232,1231,1272,1273                                                                                                                                                                                                                               
ECHO: loadb CQUAD4,1202,1,1233,1232,1273,1274                                                                                                                                                                                                                               
ECHO: loadb CQUAD4,1203,1,1234,1233,1274,1275                                                                                                                                                                                                                               
ECHO: loadb CQUAD4,1204,1,1235,1234,1275,1276                                                                                                                                                                                                                               
ECHO: loadb CQUAD4,1205,1,1236,1235,1276,1277                                                                                                                                                                                                                               
ECHO: loadb CQUAD4,1206,1,1237,1236,1277,1278                                                                                                                                                                                                                               
ECHO: loadb CQUAD4,1207,1,1238,1237,1278,1279                                                                                                                                                                                                                               
ECHO: loadb CQUAD4,1208,1,1239,1238,1279,1280                                                                                                                                                                                                                               
ECHO: loadb CQUAD4,1209,1,1240,1239,1280,1281                                                                                                                                                                                                                               
ECHO: loadb CQUAD4,1210,1,1241,1240,1281,1282                                                                                                                                                                                                                               
ECHO: loadb CQUAD4,1211,1,1242,1241,1282,1283                                                                                                                                                                                                                               
ECHO: loadb CQUAD4,1212,1,1243,1242,1283,1284                                                                                                                                                                                                                               
ECHO: loadb CQUAD4,1213,1,1244,1243,1284,1285                                                                                                                                                                                                                               
ECHO: loadb CQUAD4,1214,1,1245,1244,1285,1286                                                                                                                                                                                                                               
ECHO: loadb CQUAD4,1215,1,1246,1245,1286,1287                                                                                                                                                                                                                               
ECHO: loadb CQUAD4,1216,1,1247,1246,1287,1288                                                                                                                                                                                                                               
ECHO: loadb CQUAD4,1217,1,1248,1247,1288,1289                                                                                                                                                                                                                               
ECHO: loadb CQUAD4,1218,1,1249,1248,1289,1290                                                                                                                                                                                                                               
ECHO: loadb CQUAD4,1219,1,1250,1249,1290,1291                                                                                                                                                                                                                               
ECHO: loadb CQUAD4,1220,1,1251,1250,1291,1292                                                                                                                                                                                                                               
ECHO: loadb CQUAD4,1221,1,1252,1251,1292,1293                                                                                                                                                                                                                               
ECHO: loadb CQUAD4,1222,1,1253,1252,1293,1294                                                                                                                                                                                                                               
ECHO: loadb CQUAD4,1223,1,1254,1253,1294,1295                                                                                                                                                                                                                               
ECHO: loadb CQUAD4,1224,1,1255,1254,1295,1296                                                                                                                                                                                                                               
ECHO: loadb CQUAD4,1225,1,1256,1255,1296,1297                                                                                                                                                                                                                               
ECHO: loadb CQUAD4,1226,1,1257,1256,1297,1298                                                                                                                                                                                                                               
ECHO: loadb CQUAD4,1227,1,1258,1257,1298,1299                                                                                                                                                                                                                               
ECHO: loadb CQUAD4,1228,1,1259,1258,1299,1300                                                                                                                                                                                                                               
ECHO: loadb CQUAD4,1229,1,1260,1259,1300,1301                                                                                                                                                                                                                               
ECHO: loadb CQUAD4,1230,1,1261,1260,1301,1302                                                                                                                                                                                                                               
ECHO: loadb CQUAD4,1231,1,1262,1261,1302,1303                                                                                                                                                                                                                               
ECHO: loadb CQUAD4,1232,1,1263,1262,1303,1304                                                                                                                                                                                                                               
ECHO: loadb CQUAD4,1233,1,1264,1263,1304,1305                                                                                                                                                                                                                               
ECHO: loadb CQUAD4,1234,1,1265,1264,1305,1306                                                                                                                                                                                                                               
ECHO: loadb CQUAD4,1235,1,1266,1265,1306,1307                                                                                                                                                                                                                               
ECHO: loadb CQUAD4,1236,1,1267,1266,1307,1308                                                                                                                                                                                                                               
ECHO: loadb CQUAD4,1237,1,1268,1267,1308,1309                                                                                                                                                                                                                               
ECHO: loadb CQUAD4,1238,1,1269,1268,1309,1310                                                                                                                                                                                                                               
ECHO: loadb CQUAD4,1239,1,1270,1269,1310,1311                                                                                                                                                                                                                               
ECHO: loadb CQUAD4,1240,1,1271,1270,1311,1312                                                                                                                                                                                                                               
ECHO: loadb CQUAD4,1241,1,1273,1272,1313,1314                                                                                                                                                                                                                               
ECHO: loadb CQUAD4,1242,1,1274,1273,1314,1315                                                                                                                                                                                                                               
ECHO: loadb CQUAD4,1243,1,1275,1274,1315,1316                                                                                                                                                                                                                               
ECHO: loadb CQUAD4,1244,1,1276,1275,1316,1317                                                                                                                                                                                                                               
ECHO: loadb CQUAD4,1245,1,1277,1276,1317,1318                                                                                                                                                                                                                               
ECHO: loadb CQUAD4,1246,1,1278,1277,1318,1319                                                                                                                                                                                                                               
ECHO: loadb CQUAD4,1247,1,1279,1278,1319,1320                                                                                                                                                                                                                               
ECHO: loadb CQUAD4,1248,1,1280,1279,1320,1321                                                                                                                                                                                                                               
ECHO: loadb CQUAD4,1249,1,1281,1280,1321,1322                                                                                                                                                                                                                               
ECHO: loadb CQUAD4,1250,1,1282,1281,1322,1323                                                                                                                                                                                                                               
ECHO: loadb CQUAD4,1251,1,1283,1282,1323,1324                                                                                                                                                                                                                               
ECHO: loadb CQUAD4,1252,1,1284,1283,1324,1325                                                                                                                                                                                                                               
ECHO: loadb CQUAD4,1253,1,1285,1284,1325,1326                                                                                                                                                                                                                               
ECHO: loadb CQUAD4,1254,1,1286,1285,1326,1327                                                                                                                                                                                                                               
ECHO: loadb CQUAD4,1255,1,1287,1286,1327,1328                                                                                                                                                                                                                               
ECHO: loadb CQUAD4,1256,1,1288,1287,1328,1329                                                                                                                                                                                                                               
ECHO: loadb CQUAD4,1257,1,1289,1288,1329,1330                                                                                                                                                                                                                               
ECHO: loadb CQUAD4,1258,1,1290,1289,1330,1331                                                                                                                                                                                                                               
ECHO: loadb CQUAD4,1259,1,1291,1290,1331,1332                                                                                                                                                                                                                               
ECHO: loadb CQUAD4,1260,1,1292,1291,1332,1333                                                                                                                                                                                                                               
ECHO: loadb CQUAD4,1261,1,1293,1292,1333,1334                                                                                                                                                                                                                               
ECHO: loadb CQUAD4,1262,1,1294,1293,1334,1335                                                                                                                                                                                                                               
ECHO: loadb CQUAD4,1263,1,1295,1294,1335,1336                                                                                                                                                                                                                               
ECHO: loadb CQUAD4,1264,1,1296,1295,1336,1337                                                                                                                                                                                                                               
ECHO: loadb CQUAD4,1265,1,1297,1296,1337,1338                                                                                                                                                                                                                               
ECHO: loadb CQUAD4,1266,1,1298,1297,1338,1339                                                                                                                                                                                                                               
ECHO: loadb CQUAD4,1267,1,1299,1298,1339,1340                                                                                                                                                                                                                               
ECHO: loadb CQUAD4,1268,1,1300,1299,1340,1341                                                                                                                                                                                                                               
ECHO: loadb CQUAD4,1269,1,1301,1300,1341,1342                                                                                                                                                                                                                               
ECHO: loadb CQUAD4,1270,1,1302,1301,1342,1343                                                                                                                                                                                                                               
ECHO: loadb CQUAD4,1271,1,1303,1302,1343,1344                                                                                                                                                                                                                               
ECHO: loadb CQUAD4,1272,1,1304,1303,1344,1345                                                                                                                                                                                                                               
ECHO: loadb CQUAD4,1273,1,1305,1304,1345,1346                                                                                                                                                                                                                               
ECHO: loadb CQUAD4,1274,1,1306,1305,1346,1347                                                                                                                                                                                                                               
ECHO: loadb CQUAD4,1275,1,1307,1306,1347,1348                                                                                                                                                                                                                               
ECHO: loadb CQUAD4,1276,1,1308,1307,1348,1349                                                                                                                                                                                                                               
ECHO: loadb CQUAD4,1277,1,1309,1308,1349,1350                                                                                                                                                                                                                               
ECHO: loadb CQUAD4,1278,1,1310,1309,1350,1351                                                                                                                                                                                                                               
ECHO: loadb CQUAD4,1279,1,1311,1310,1351,1352                                                                                                                                                                                                                               
ECHO: loadb CQUAD4,1280,1,1312,1311,1352,1353                                                                                                                                                                                                                               
ECHO: loadb CQUAD4,1281,1,1314,1313,1354,1355                                                                                                                                                                                                                               
ECHO: loadb CQUAD4,1282,1,1315,1314,1355,1356                                                                                                                                                                                                                               
ECHO: loadb CQUAD4,1283,1,1316,1315,1356,1357                                                                                                                                                                                                                               
ECHO: loadb CQUAD4,1284,1,1317,1316,1357,1358                                                                                                                                                                                                                               
ECHO: loadb CQUAD4,1285,1,1318,1317,1358,1359                                                                                                                                                                                                                               
ECHO: loadb CQUAD4,1286,1,1319,1318,1359,1360                                                                                                                                                                                                                               
ECHO: loadb CQUAD4,1287,1,1320,1319,1360,1361                                                                                                                                                                                                                               
ECHO: loadb CQUAD4,1288,1,1321,1320,1361,1362                                                                                                                                                                                                                               
ECHO: loadb CQUAD4,1289,1,1322,1321,1362,1363                                                                                                                                                                                                                               
ECHO: loadb CQUAD4,1290,1,1323,1322,1363,1364                                                                                                                                                                                                                               
ECHO: loadb CQUAD4,1291,1,1324,1323,1364,1365                                                                                                                                                                                                                               
ECHO: loadb CQUAD4,1292,1,1325,1324,1365,1366                                                                                                                                                                                                                               
ECHO: loadb CQUAD4,1293,1,1326,1325,1366,1367                                                                                                                                                                                                                               
ECHO: loadb CQUAD4,1294,1,1327,1326,1367,1368                                                                                                                                                                                                                               
ECHO: loadb CQUAD4,1295,1,1328,1327,1368,1369                                                                                                                                                                                                                               
ECHO: loadb CQUAD4,1296,1,1329,1328,1369,1370                                                                                                                                                                                                                               
ECHO: loadb CQUAD4,1297,1,1330,1329,1370,1371                                                                                                                                                                                                                               
ECHO: loadb CQUAD4,1298,1,1331,1330,1371,1372                                                                                                                                                                                                                               
ECHO: loadb CQUAD4,1299,1,1332,1331,1372,1373                                                                                                                                                                                                                               
ECHO: loadb CQUAD4,1300,1,1333,1332,1373,1374                                                                                                                                                                                                                               
ECHO: loadb CQUAD4,1301,1,1334,1333,1374,1375                                                                                                                                                                                                                               
ECHO: loadb CQUAD4,1302,1,1335,1334,1375,1376                                                                                                                                                                                                                               
ECHO: loadb CQUAD4,1303,1,1336,1335,1376,1377                                                                                                                                                                                                                               
ECHO: loadb CQUAD4,1304,1,1337,1336,1377,1378                                                                                                                                                                                                                               
ECHO: loadb CQUAD4,1305,1,1338,1337,1378,1379                                                                                                                                                                                                                               
ECHO: loadb CQUAD4,1306,1,1339,1338,1379,1380                                                                                                                                                                                                                               
ECHO: loadb CQUAD4,1307,1,1340,1339,1380,1381                                                                                                                                                                                                                               
ECHO: loadb CQUAD4,1308,1,1341,1340,1381,1382                                                                                                                                                                                                                               
ECHO: loadb CQUAD4,1309,1,1342,1341,1382,1383                                                                                                                                                                                                                               
ECHO: loadb CQUAD4,1310,1,1343,1342,1383,1384                                                                                                                                                                                                                               
ECHO: loadb CQUAD4,1311,1,1344,1343,1384,1385                                                                                                                                                                                                                               
ECHO: loadb CQUAD4,1312,1,1345,1344,1385,1386                                                                                                                                                                                                                               
ECHO: loadb CQUAD4,1313,1,1346,1345,1386,1387                                                                                                                                                                                                                               
ECHO: loadb CQUAD4,1314,1,1347,1346,1387,1388                                                                                                                                                                                                                               
ECHO: loadb CQUAD4,1315,1,1348,1347,1388,1389                                                                                                                                                                                                                               
ECHO: loadb CQUAD4,1316,1,1349,1348,1389,1390                                                                                                                                                                                                                               
ECHO: loadb CQUAD4,1317,1,1350,1349,1390,1391                                                                                                                                                                                                                               
ECHO: loadb CQUAD4,1318,1,1351,1350,1391,1392                                                                                                                                                                                                                               
ECHO: loadb CQUAD4,1319,1,1352,1351,1392,1393                                                                                                                                                                                                                               
ECHO: loadb CQUAD4,1320,1,1353,1352,1393,1394                                                                                                                                                                                                                               
ECHO: loadb CQUAD4,1321,1,1355,1354,1395,1396                                                                                                                                                                                                                               
ECHO: loadb CQUAD4,1322,1,1356,1355,1396,1397                                                                                                                                                                                                                               
ECHO: loadb CQUAD4,1323,1,1357,1356,1397,1398                                                                                                                                                                                                                               
ECHO: loadb CQUAD4,1324,1,1358,1357,1398,1399                                                                                                                                                                                                                               
ECHO: loadb CQUAD4,1325,1,1359,1358,1399,1400                                                                                                                                                                                                                               
ECHO: loadb CQUAD4,1326,1,1360,1359,1400,1401                                                                                                                                                                                                                               
ECHO: loadb CQUAD4,1327,1,1361,1360,1401,1402                                                                                                                                                                                                                               
ECHO: loadb CQUAD4,1328,1,1362,1361,1402,1403                                                                                                                                                                                                                               
ECHO: loadb CQUAD4,1329,1,1363,1362,1403,1404                                                                                                                                                                                                                               
ECHO: loadb CQUAD4,1330,1,1364,1363,1404,1405                                                                                                                                                                                                                               
ECHO: loadb CQUAD4,1331,1,1365,1364,1405,1406                                                                                                                                                                                                                               
ECHO: loadb CQUAD4,1332,1,1366,1365,1406,1407                                                                                                                                                                                                                               
ECHO: loadb CQUAD4,1333,1,1367,1366,1407,1408                                                                                                                                                                                                                               
ECHO: loadb CQUAD4,1334,1,1368,1367,1408,1409                                                                                                                                                                                                                               
ECHO: loadb CQUAD4,1335,1,1369,1368,1409,1410                                                                                                                                                                                                                               
ECHO: loadb CQUAD4,1336,1,1370,1369,1410,1411                                                                                                                                                                                                                               
ECHO: loadb CQUAD4,1337,1,1371,1370,1411,1412                                                                                                                                                                                                                               
ECHO: loadb CQUAD4,1338,1,1372,1371,1412,1413                                                                                                                                                                                                                               
ECHO: loadb CQUAD4,1339,1,1373,1372,1413,1414                                                                                                                                                                                                                               
ECHO: loadb CQUAD4,1340,1,1374,1373,1414,1415                                                                                                                                                                                                                               
ECHO: loadb CQUAD4,1341,1,1375,1374,1415,1416                                                                                                                                                                                                                               
ECHO: loadb CQUAD4,1342,1,1376,1375,1416,1417                                                                                                                                                                                                                               
ECHO: loadb CQUAD4,1343,1,1377,1376,1417,1418                                                                                                                                                                                                                               
ECHO: loadb CQUAD4,1344,1,1378,1377,1418,1419                                                                                                                                                                                                                               
ECHO: loadb CQUAD4,1345,1,1379,1378,1419,1420                                                                                                                                                                                                                               
ECHO: loadb CQUAD4,1346,1,1380,1379,1420,1421                                                                                                                                                                                                                               
ECHO: loadb CQUAD4,1347,1,1381,1380,1421,1422                                                                                                                                                                                                                               
ECHO: loadb CQUAD4,1348,1,1382,1381,1422,1423                                                                                                                                                                                                                               
ECHO: loadb CQUAD4,1349,1,1383,1382,1423,1424                                                                                                                                                                                                                               
ECHO: loadb CQUAD4,1350,1,1384,1383,1424,1425                                                                                                                                                                                                                               
ECHO: loadb CQUAD4,1351,1,1385,1384,1425,1426                                                                                                                                                                                                                               
ECHO: loadb CQUAD4,1352,1,1386,1385,1426,1427                                                                                                                                                                                                                               
ECHO: loadb CQUAD4,1353,1,1387,1386,1427,1428                                                                                                                                                                                                                               
ECHO: loadb CQUAD4,1354,1,1388,1387,1428,1429                                                                                                                                                                                                                               
ECHO: loadb CQUAD4,1355,1,1389,1388,1429,1430                                                                                                                                                                                                                               
ECHO: loadb CQUAD4,1356,1,1390,1389,1430,1431                                                                                                                                                                                                                               
ECHO: loadb CQUAD4,1357,1,1391,1390,1431,1432                                                                                                                                                                                                                               
ECHO: loadb CQUAD4,1358,1,1392,1391,1432,1433                                                                                                                                                                                                                               
ECHO: loadb CQUAD4,1359,1,1393,1392,1433,1434                                                                                                                                                                                                                               
ECHO: loadb CQUAD4,1360,1,1394,1393,1434,1435                                                                                                                                                                                                                               
ECHO: loadb CQUAD4,1361,1,1396,1395,1436,1437                                                                                                                                                                                                                               
ECHO: loadb CQUAD4,1362,1,1397,1396,1437,1438                                                                                                                                                                                                                               
ECHO: loadb CQUAD4,1363,1,1398,1397,1438,1439                                                                                                                                                                                                                               
ECHO: loadb CQUAD4,1364,1,1399,1398,1439,1440                                                                                                                                                                                                                               
ECHO: loadb CQUAD4,1365,1,1400,1399,1440,1441                                                                                                                                                                                                                               
ECHO: loadb CQUAD4,1366,1,1401,1400,1441,1442                                                                                                                                                                                                                               
ECHO: loadb CQUAD4,1367,1,1402,1401,1442,1443                                                                                                                                                                                                                               
ECHO: loadb CQUAD4,1368,1,1403,1402,1443,1444                                                                                                                                                                                                                               
ECHO: loadb CQUAD4,1369,1,1404,1403,1444,1445                                                                                                                                                                                                                               
ECHO: loadb CQUAD4,1370,1,1405,1404,1445,1446                                                                                                                                                                                                                               
ECHO: loadb CQUAD4,1371,1,1406,1405,1446,1447                                                                                                                                                                                                                               
ECHO: loadb CQUAD4,1372,1,1407,1406,1447,1448                                                                                                                                                                                                                               
ECHO: loadb CQUAD4,1373,1,1408,1407,1448,1449                                                                                                                                                                                                                               
ECHO: loadb CQUAD4,1374,1,1409,1408,1449,1450                                                                                                                                                                                                                               
ECHO: loadb CQUAD4,1375,1,1410,1409,1450,1451                                                                                                                                                                                                                               
ECHO: loadb CQUAD4,1376,1,1411,1410,1451,1452                                                                                                                                                                                                                               
ECHO: loadb CQUAD4,1377,1,1412,1411,1452,1453                                                                                                                                                                                                                               
ECHO: loadb CQUAD4,1378,1,1413,1412,1453,1454                                                                                                                                                                                                                               
ECHO: loadb CQUAD4,1379,1,1414,1413,1454,1455                                                                                                                                                                                                                               
ECHO: loadb CQUAD4,1380,1,1415,1414,1455,1456                                                                                                                                                                                                                               
ECHO: loadb CQUAD4,1381,1,1416,1415,1456,1457                                                                                                                                                                                                                               
ECHO: loadb CQUAD4,1382,1,1417,1416,1457,1458                                                                                                                                                                                                                               
ECHO: loadb CQUAD4,1383,1,1418,1417,1458,1459                                                                                                                                                                                                                               
ECHO: loadb CQUAD4,1384,1,1419,1418,1459,1460                                                                                                                                                                                                                               
ECHO: loadb CQUAD4,1385,1,1420,1419,1460,1461                                                                                                                                                                                                                               
ECHO: loadb CQUAD4,1386,1,1421,1420,1461,1462                                                                                                                                                                                                                               
ECHO: loadb CQUAD4,1387,1,1422,1421,1462,1463                                                                                                                                                                                                                               
ECHO: loadb CQUAD4,1388,1,1423,1422,1463,1464                                                                                                                                                                                                                               
ECHO: loadb CQUAD4,1389,1,1424,1423,1464,1465                                                                                                                                                                                                                               
ECHO: loadb CQUAD4,1390,1,1425,1424,1465,1466                                                                                                                                                                                                                               
ECHO: loadb CQUAD4,1391,1,1426,1425,1466,1467                                                                                                                                                                                                                               
ECHO: loadb CQUAD4,1392,1,1427,1426,1467,1468                                                                                                                                                                                                                               
ECHO: loadb CQUAD4,1393,1,1428,1427,1468,1469                                                                                                                                                                                                                               
ECHO: loadb CQUAD4,1394,1,1429,1428,1469,1470                                                                                                                                                                                                                               
ECHO: loadb CQUAD4,1395,1,1430,1429,1470,1471                                                                                                                                                                                                                               
ECHO: loadb CQUAD4,1396,1,1431,1430,1471,1472                                                                                                                                                                                                                               
ECHO: loadb CQUAD4,1397,1,1432,1431,1472,1473                                                                                                                                                                                                                               
ECHO: loadb CQUAD4,1398,1,1433,1432,1473,1474                                                                                                                                                                                                                               
ECHO: loadb CQUAD4,1399,1,1434,1433,1474,1475                                                                                                                                                                                                                               
ECHO: loadb CQUAD4,1400,1,1435,1434,1475,1476                                                                                                                                                                                                                               
ECHO: loadb CQUAD4,1401,1,1437,1436,1477,1478                                                                                                                                                                                                                               
ECHO: loadb CQUAD4,1402,1,1438,1437,1478,1479                                                                                                                                                                                                                               
ECHO: loadb CQUAD4,1403,1,1439,1438,1479,1480                                                                                                                                                                                                                               
ECHO: loadb CQUAD4,1404,1,1440,1439,1480,1481                                                                                                                                                                                                                               
ECHO: loadb CQUAD4,1405,1,1441,1440,1481,1482                                                                                                                                                                                                                               
ECHO: loadb CQUAD4,1406,1,1442,1441,1482,1483                                                                                                                                                                                                                               
ECHO: loadb CQUAD4,1407,1,1443,1442,1483,1484                                                                                                                                                                                                                               
ECHO: loadb CQUAD4,1408,1,1444,1443,1484,1485                                                                                                                                                                                                                               
ECHO: loadb CQUAD4,1409,1,1445,1444,1485,1486                                                                                                                                                                                                                               
ECHO: loadb CQUAD4,1410,1,1446,1445,1486,1487                                                                                                                                                                                                                               
ECHO: loadb CQUAD4,1411,1,1447,1446,1487,1488                                                                                                                                                                                                                               
ECHO: loadb CQUAD4,1412,1,1448,1447,1488,1489                                                                                                                                                                                                                               
ECHO: loadb CQUAD4,1413,1,1449,1448,1489,1490                                                                                                                                                                                                                               
ECHO: loadb CQUAD4,1414,1,1450,1449,1490,1491                                                                                                                                                                                                                               
ECHO: loadb CQUAD4,1415,1,1451,1450,1491,1492                                                                                                                                                                                                                               
ECHO: loadb CQUAD4,1416,1,1452,1451,1492,1493                                                                                                                                                                                                                               
ECHO: loadb CQUAD4,1417,1,1453,1452,1493,1494                                                                                                                                                                                                                               
ECHO: loadb CQUAD4,1418,1,1454,1453,1494,1495                                                                                                                                                                                                                               
ECHO: loadb CQUAD4,1419,1,1455,1454,1495,1496                                                                                                                                                                                                                               
ECHO: loadb CQUAD4,1420,1,1456,1455,1496,1497                                                                                                                                                                                                                               
ECHO: loadb CQUAD4,1421,1,1457,1456,1497,1498                                                                                                                                                                                                                               
ECHO: loadb CQUAD4,1422,1,1458,1457,1498,1499                                                                                                                                                                                                                               
ECHO: loadb CQUAD4,1423,1,1459,1458,1499,1500                                                                                                                                                                                                                               
ECHO: loadb CQUAD4,1424,1,1460,1459,1500,1501                                                                                                                                                                                                                               
ECHO: loadb CQUAD4,1425,1,1461,1460,1501,1502                                                                                                                                                                                                                               
ECHO: loadb CQUAD4,1426,1,1462,1461,1502,1503                                                                                                                                                                                                                               
ECHO: loadb CQUAD4,1427,1,1463,1462,1503,1504                                                                                                                                                                                                                               
ECHO: loadb CQUAD4,1428,1,1464,1463,1504,1505                                                                                                                                                                                                                               
ECHO: loadb CQUAD4,1429,1,1465,1464,1505,1506                                                                                                                                                                                                                               
ECHO: loadb CQUAD4,1430,1,1466,1465,1506,1507                                                                                                                                                                                                                               
ECHO: loadb CQUAD4,1431,1,1467,1466,1507,1508                                                                                                                                                                                                                               
ECHO: loadb CQUAD4,1432,1,1468,1467,1508,1509                                                                                                                                                                                                                               
ECHO: loadb CQUAD4,1433,1,1469,1468,1509,1510                                                                                                                                                                                                                               
ECHO: loadb CQUAD4,1434,1,1470,1469,1510,1511                                                                                                                                                                                                                               
ECHO: loadb CQUAD4,1435,1,1471,1470,1511,1512                                                                                                                                                                                                                               
ECHO: loadb CQUAD4,1436,1,1472,1471,1512,1513                                                                                                                                                                                                                               
ECHO: loadb CQUAD4,1437,1,1473,1472,1513,1514                                                                                                                                                                                                                               
ECHO: loadb CQUAD4,1438,1,1474,1473,1514,1515                                                                                                                                                                                                                               
ECHO: loadb CQUAD4,1439,1,1475,1474,1515,1516                                                                                                                                                                                                                               
ECHO: loadb CQUAD4,1440,1,1476,1475,1516,1517                                                                                                                                                                                                                               
ECHO: loadb CQUAD4,1441,1,1478,1477,1518,1519                                                                                                                                                                                                                               
ECHO: loadb CQUAD4,1442,1,1479,1478,1519,1520                                                                                                                                                                                                                               
ECHO: loadb CQUAD4,1443,1,1480,1479,1520,1521                                                                                                                                                                                                                               
ECHO: loadb CQUAD4,1444,1,1481,1480,1521,1522                                                                                                                                                                                                                               
ECHO: loadb CQUAD4,1445,1,1482,1481,1522,1523                                                                                                                                                                                                                               
ECHO: loadb CQUAD4,1446,1,1483,1482,1523,1524                                                                                                                                                                                                                               
ECHO: loadb CQUAD4,1447,1,1484,1483,1524,1525                                                                                                                                                                                                                               
ECHO: loadb CQUAD4,1448,1,1485,1484,1525,1526                                                                                                                                                                                                                               
ECHO: loadb CQUAD4,1449,1,1486,1485,1526,1527                                                                                                                                                                                                                               
ECHO: loadb CQUAD4,1450,1,1487,1486,1527,1528                                                                                                                                                                                                                               
ECHO: loadb CQUAD4,1451,1,1488,1487,1528,1529                                                                                                                                                                                                                               
ECHO: loadb CQUAD4,1452,1,1489,1488,1529,1530                                                                                                                                                                                                                               
ECHO: loadb CQUAD4,1453,1,1490,1489,1530,1531                                                                                                                                                                                                                               
ECHO: loadb CQUAD4,1454,1,1491,1490,1531,1532                                                                                                                                                                                                                               
ECHO: loadb CQUAD4,1455,1,1492,1491,1532,1533                                                                                                                                                                                                                               
ECHO: loadb CQUAD4,1456,1,1493,1492,1533,1534                                                                                                                                                                                                                               
ECHO: loadb CQUAD4,1457,1,1494,1493,1534,1535                                                                                                                                                                                                                               
ECHO: loadb CQUAD4,1458,1,1495,1494,1535,1536                                                                                                                                                                                                                               
ECHO: loadb CQUAD4,1459,1,1496,1495,1536,1537                                                                                                                                                                                                                               
ECHO: loadb CQUAD4,1460,1,1497,1496,1537,1538                                                                                                                                                                                                                               
ECHO: loadb CQUAD4,1461,1,1498,1497,1538,1539                                                                                                                                                                                                                               
ECHO: loadb CQUAD4,1462,1,1499,1498,1539,1540                                                                                                                                                                                                                               
ECHO: loadb CQUAD4,1463,1,1500,1499,1540,1541                                                                                                                                                                                                                               
ECHO: loadb CQUAD4,1464,1,1501,1500,1541,1542                                                                                                                                                                                                                               
ECHO: loadb CQUAD4,1465,1,1502,1501,1542,1543                                                                                                                                                                                                                               
ECHO: loadb CQUAD4,1466,1,1503,1502,1543,1544                                                                                                                                                                                                                               
ECHO: loadb CQUAD4,1467,1,1504,1503,1544,1545                                                                                                                                                                                                                               
ECHO: loadb CQUAD4,1468,1,1505,1504,1545,1546                                                                                                                                                                                                                               
ECHO: loadb CQUAD4,1469,1,1506,1505,1546,1547                                                                                                                                                                                                                               
ECHO: loadb CQUAD4,1470,1,1507,1506,1547,1548                                                                                                                                                                                                                               
ECHO: loadb CQUAD4,1471,1,1508,1507,1548,1549                                                                                                                                                                                                                               
ECHO: loadb CQUAD4,1472,1,1509,1508,1549,1550                                                                                                                                                                                                                               
ECHO: loadb CQUAD4,1473,1,1510,1509,1550,1551                                                                                                                                                                                                                               
ECHO: loadb CQUAD4,1474,1,1511,1510,1551,1552                                                                                                                                                                                                                               
ECHO: loadb CQUAD4,1475,1,1512,1511,1552,1553                                                                                                                                                                                                                               
ECHO: loadb CQUAD4,1476,1,1513,1512,1553,1554                                                                                                                                                                                                                               
ECHO: loadb CQUAD4,1477,1,1514,1513,1554,1555                                                                                                                                                                                                                               
ECHO: loadb CQUAD4,1478,1,1515,1514,1555,1556                                                                                                                                                                                                                               
ECHO: loadb CQUAD4,1479,1,1516,1515,1556,1557                                                                                                                                                                                                                               
ECHO: loadb CQUAD4,1480,1,1517,1516,1557,1558                                                                                                                                                                                                                               
ECHO: loadb CQUAD4,1481,1,1519,1518,1559,1560                                                                                                                                                                                                                               
ECHO: loadb CQUAD4,1482,1,1520,1519,1560,1561                                                                                                                                                                                                                               
ECHO: loadb CQUAD4,1483,1,1521,1520,1561,1562                                                                                                                                                                                                                               
ECHO: loadb CQUAD4,1484,1,1522,1521,1562,1563                                                                                                                                                                                                                               
ECHO: loadb CQUAD4,1485,1,1523,1522,1563,1564                                                                                                                                                                                                                               
ECHO: loadb CQUAD4,1486,1,1524,1523,1564,1565                                                                                                                                                                                                                               
ECHO: loadb CQUAD4,1487,1,1525,1524,1565,1566                                                                                                                                                                                                                               
ECHO: loadb CQUAD4,1488,1,1526,1525,1566,1567                                                                                                                                                                                                                               
ECHO: loadb CQUAD4,1489,1,1527,1526,1567,1568                                                                                                                                                                                                                               
ECHO: loadb CQUAD4,1490,1,1528,1527,1568,1569                                                                                                                                                                                                                               
ECHO: loadb CQUAD4,1491,1,1529,1528,1569,1570                                                                                                                                                                                                                               
ECHO: loadb CQUAD4,1492,1,1530,1529,1570,1571                                                                                                                                                                                                                               
ECHO: loadb CQUAD4,1493,1,1531,1530,1571,1572                                                                                                                                                                                                                               
ECHO: loadb CQUAD4,1494,1,1532,1531,1572,1573                                                                                                                                                                                                                               
ECHO: loadb CQUAD4,1495,1,1533,1532,1573,1574                                                                                                                                                                                                                               
ECHO: loadb CQUAD4,1496,1,1534,1533,1574,1575                                                                                                                                                                                                                               
ECHO: loadb CQUAD4,1497,1,1535,1534,1575,1576                                                                                                                                                                                                                               
ECHO: loadb CQUAD4,1498,1,1536,1535,1576,1577                                                                                                                                                                                                                               
ECHO: loadb CQUAD4,1499,1,1537,1536,1577,1578                                                                                                                                                                                                                               
ECHO: loadb CQUAD4,1500,1,1538,1537,1578,1579                                                                                                                                                                                                                               
ECHO: loadb CQUAD4,1501,1,1539,1538,1579,1580                                                                                                                                                                                                                               
ECHO: loadb CQUAD4,1502,1,1540,1539,1580,1581                                                                                                                                                                                                                               
ECHO: loadb CQUAD4,1503,1,1541,1540,1581,1582                                                                                                                                                                                                                               
ECHO: loadb CQUAD4,1504,1,1542,1541,1582,1583                                                                                                                                                                                                                               
ECHO: loadb CQUAD4,1505,1,1543,1542,1583,1584                                                                                                                                                                                                                               
ECHO: loadb CQUAD4,1506,1,1544,1543,1584,1585                                                                                                                                                                                                                               
ECHO: loadb CQUAD4,1507,1,1545,1544,1585,1586                                                                                                                                                                                                                               
ECHO: loadb CQUAD4,1508,1,1546,1545,1586,1587                                                                                                                                                                                                                               
ECHO: loadb CQUAD4,1509,1,1547,1546,1587,1588                                                                                                                                                                                                                               
ECHO: loadb CQUAD4,1510,1,1548,1547,1588,1589                                                                                                                                                                                                                               
ECHO: loadb CQUAD4,1511,1,1549,1548,1589,1590                                                                                                                                                                                                                               
ECHO: loadb CQUAD4,1512,1,1550,1549,1590,1591                                                                                                                                                                                                                               
ECHO: loadb CQUAD4,1513,1,1551,1550,1591,1592                                                                                                                                                                                                                               
ECHO: loadb CQUAD4,1514,1,1552,1551,1592,1593                                                                                                                                                                                                                               
ECHO: loadb CQUAD4,1515,1,1553,1552,1593,1594                                                                                                                                                                                                                               
ECHO: loadb CQUAD4,1516,1,1554,1553,1594,1595                                                                                                                                                                                                                               
ECHO: loadb CQUAD4,1517,1,1555,1554,1595,1596                                                                                                                                                                                                                               
ECHO: loadb CQUAD4,1518,1,1556,1555,1596,1597                                                                                                                                                                                                                               
ECHO: loadb CQUAD4,1519,1,1557,1556,1597,1598                                                                                                                                                                                                                               
ECHO: loadb CQUAD4,1520,1,1558,1557,1598,1599                                                                                                                                                                                                                               
ECHO: loadb CQUAD4,1521,1,1560,1559,1600,1601                                                                                                                                                                                                                               
ECHO: loadb CQUAD4,1522,1,1561,1560,1601,1602                                                                                                                                                                                                                               
ECHO: loadb CQUAD4,1523,1,1562,1561,1602,1603                                                                                                                                                                                                                               
ECHO: loadb CQUAD4,1524,1,1563,1562,1603,1604                                                                                                                                                                                                                               
ECHO: loadb CQUAD4,1525,1,1564,1563,1604,1605                                                                                                                                                                                                                               
ECHO: loadb CQUAD4,1526,1,1565,1564,1605,1606                                                                                                                                                                                                                               
ECHO: loadb CQUAD4,1527,1,1566,1565,1606,1607                                                                                                                                                                                                                               
ECHO: loadb CQUAD4,1528,1,1567,1566,1607,1608                                                                                                                                                                                                                               
ECHO: loadb CQUAD4,1529,1,1568,1567,1608,1609                                                                                                                                                                                                                               
ECHO: loadb CQUAD4,1530,1,1569,1568,1609,1610                                                                                                                                                                                                                               
ECHO: loadb CQUAD4,1531,1,1570,1569,1610,1611                                                                                                                                                                                                                               
ECHO: loadb CQUAD4,1532,1,1571,1570,1611,1612                                                                                                                                                                                                                               
ECHO: loadb CQUAD4,1533,1,1572,1571,1612,1613                                                                                                                                                                                                                               
ECHO: loadb CQUAD4,1534,1,1573,1572,1613,1614                                                                                                                                                                                                                               
ECHO: loadb CQUAD4,1535,1,1574,1573,1614,1615                                                                                                                                                                                                                               
ECHO: loadb CQUAD4,1536,1,1575,1574,1615,1616                                                                                                                                                                                                                               
ECHO: loadb CQUAD4,1537,1,1576,1575,1616,1617                                                                                                                                                                                                                               
ECHO: loadb CQUAD4,1538,1,1577,1576,1617,1618                                                                                                                                                                                                                               
ECHO: loadb CQUAD4,1539,1,1578,1577,1618,1619                                                                                                                                                                                                                               
ECHO: loadb CQUAD4,1540,1,1579,1578,1619,1620                                                                                                                                                                                                                               
ECHO: loadb CQUAD4,1541,1,1580,1579,1620,1621                                                                                                                                                                                                                               
ECHO: loadb CQUAD4,1542,1,1581,1580,1621,1622                                                                                                                                                                                                                               
ECHO: loadb CQUAD4,1543,1,1582,1581,1622,1623                                                                                                                                                                                                                               
ECHO: loadb CQUAD4,1544,1,1583,1582,1623,1624                                                                                                                                                                                                                               
ECHO: loadb CQUAD4,1545,1,1584,1583,1624,1625                                                                                                                                                                                                                               
ECHO: loadb CQUAD4,1546,1,1585,1584,1625,1626                                                                                                                                                                                                                               
ECHO: loadb CQUAD4,1547,1,1586,1585,1626,1627                                                                                                                                                                                                                               
ECHO: loadb CQUAD4,1548,1,1587,1586,1627,1628                                                                                                                                                                                                                               
ECHO: loadb CQUAD4,1549,1,1588,1587,1628,1629                                                                                                                                                                                                                               
ECHO: loadb CQUAD4,1550,1,1589,1588,1629,1630                                                                                                                                                                                                                               
ECHO: loadb CQUAD4,1551,1,1590,1589,1630,1631                                                                                                                                                                                                                               
ECHO: loadb CQUAD4,1552,1,1591,1590,1631,1632                                                                                                                                                                                                                               
ECHO: loadb CQUAD4,1553,1,1592,1591,1632,1633                                                                                                                                                                                                                               
ECHO: loadb CQUAD4,1554,1,1593,1592,1633,1634                                                                                                                                                                                                                               
ECHO: loadb CQUAD4,1555,1,1594,1593,1634,1635                                                                                                                                                                                                                               
ECHO: loadb CQUAD4,1556,1,1595,1594,1635,1636                                                                                                                                                                                                                               
ECHO: loadb CQUAD4,1557,1,1596,1595,1636,1637                                                                                                                                                                                                                               
ECHO: loadb CQUAD4,1558,1,1597,1596,1637,1638                                                                                                                                                                                                                               
ECHO: loadb CQUAD4,1559,1,1598,1597,1638,1639                                                                                                                                                                                                                               
ECHO: loadb CQUAD4,1560,1,1599,1598,1639,1640                                                                                                                                                                                                                               
ECHO: loadb CQUAD4,1561,1,1601,1600,1641,1642                                                                                                                                                                                                                               
ECHO: loadb CQUAD4,1562,1,1602,1601,1642,1643                                                                                                                                                                                                                               
ECHO: loadb CQUAD4,1563,1,1603,1602,1643,1644                                                                                                                                                                                                                               
ECHO: loadb CQUAD4,1564,1,1604,1603,1644,1645                                                                                                                                                                                                                               
ECHO: loadb CQUAD4,1565,1,1605,1604,1645,1646                                                                                                                                                                                                                               
ECHO: loadb CQUAD4,1566,1,1606,1605,1646,1647                                                                                                                                                                                                                               
ECHO: loadb CQUAD4,1567,1,1607,1606,1647,1648                                                                                                                                                                                                                               
ECHO: loadb CQUAD4,1568,1,1608,1607,1648,1649                                                                                                                                                                                                                               
ECHO: loadb CQUAD4,1569,1,1609,1608,1649,1650                                                                                                                                                                                                                               
ECHO: loadb CQUAD4,1570,1,1610,1609,1650,1651                                                                                                                                                                                                                               
ECHO: loadb CQUAD4,1571,1,1611,1610,1651,1652                                                                                                                                                                                                                               
ECHO: loadb CQUAD4,1572,1,1612,1611,1652,1653                                                                                                                                                                                                                               
ECHO: loadb CQUAD4,1573,1,1613,1612,1653,1654                                                                                                                                                                                                                               
ECHO: loadb CQUAD4,1574,1,1614,1613,1654,1655                                                                                                                                                                                                                               
ECHO: loadb CQUAD4,1575,1,1615,1614,1655,1656                                                                                                                                                                                                                               
ECHO: loadb CQUAD4,1576,1,1616,1615,1656,1657                                                                                                                                                                                                                               
ECHO: loadb CQUAD4,1577,1,1617,1616,1657,1658                                                                                                                                                                                                                               
ECHO: loadb CQUAD4,1578,1,1618,1617,1658,1659                                                                                                                                                                                                                               
ECHO: loadb CQUAD4,1579,1,1619,1618,1659,1660                                                                                                                                                                                                                               
ECHO: loadb CQUAD4,1580,1,1620,1619,1660,1661                                                                                                                                                                                                                               
ECHO: loadb CQUAD4,1581,1,1621,1620,1661,1662                                                                                                                                                                                                                               
ECHO: loadb CQUAD4,1582,1,1622,1621,1662,1663                                                                                                                                                                                                                               
ECHO: loadb CQUAD4,1583,1,1623,1622,1663,1664                                                                                                                                                                                                                               
ECHO: loadb CQUAD4,1584,1,1624,1623,1664,1665                                                                                                                                                                                                                               
ECHO: loadb CQUAD4,1585,1,1625,1624,1665,1666                                                                                                                                                                                                                               
ECHO: loadb CQUAD4,1586,1,1626,1625,1666,1667                                                                                                                                                                                                                               
ECHO: loadb CQUAD4,1587,1,1627,1626,1667,1668                                                                                                                                                                                                                               
ECHO: loadb CQUAD4,1588,1,1628,1627,1668,1669                                                                                                                                                                                                                               
ECHO: loadb CQUAD4,1589,1,1629,1628,1669,1670                                                                                                                                                                                                                               
ECHO: loadb CQUAD4,1590,1,1630,1629,1670,1671                                                                                                                                                                                                                               
ECHO: loadb CQUAD4,1591,1,1631,1630,1671,1672                                                                                                                                                                                                                               
ECHO: loadb CQUAD4,1592,1,1632,1631,1672,1673                                                                                                                                                                                                                               
ECHO: loadb CQUAD4,1593,1,1633,1632,1673,1674                                                                                                                                                                                                                               
ECHO: loadb CQUAD4,1594,1,1634,1633,1674,1675                                                                                                                                                                                                                               
ECHO: loadb CQUAD4,1595,1,1635,1634,1675,1676                                                                                                                                                                                                                               
ECHO: loadb CQUAD4,1596,1,1636,1635,1676,1677                                                                                                                                                                                                                               
ECHO: loadb CQUAD4,1597,1,1637,1636,1677,1678                                                                                                                                                                                                                               
ECHO: loadb CQUAD4,1598,1,1638,1637,1678,1679                                                                                                                                                                                                                               
ECHO: loadb CQUAD4,1599,1,1639,1638,1679,1680                                                                                                                                                                                                                               
ECHO: loadb CQUAD4,1600,1,1640,1639,1680,1681                                                                                                                                                                                                                               
ECHO: loadb SPC1,1,123456,1,2,3,4,5,6,7,8                                                                                                                                                                                                                                   
ECHO: loadb SPC1,1,123456,9,10,11,12,13,14,15,16                                                                                                                                                                                                                            
ECHO: loadb SPC1,1,123456,17,18,19,20,21,22,23,24                                                                                                                                                                                                                           
ECHO: loadb SPC1,1,123456,25,26,27,28,29,30,31,32                                                                                                                                                                                                                           
ECHO: loadb SPC1,1,123456,33,34,35,36,37,38,39,40                                                                                                                                                                                                                           
ECHO: loadb SPC1,1,123456,41                                                                                                                                                                                                                                                
ECHO: loadb ENDDATA                                                                                                                                                                                                                                                         




 >> LINK  0 END


 >> LINK  1 BEGIN

               DEALLOCATED  1.47E+01 MB MEMORY FROM ARRAY STF3


 *INFORMATION: AUTOSPC Summary, Stage 1 after identification of AUTOSPC's at the grid level                                                 

                                     AUTOSPC_RAT = 1.000000E-08

                       Number of DOF's identified for AUTOSPC in component  1         =            0
                       Number of DOF's identified for AUTOSPC in component  2         =            0
                       Number of DOF's identified for AUTOSPC in component  3         =            0
                       Number of DOF's identified for AUTOSPC in component  4         =            0
                       Number of DOF's identified for AUTOSPC in component  5         =            0
                       Number of DOF's identified for AUTOSPC in component  6         =           80
                                                                                        ------------
                       Total number of DOF's identified in this stage                 =           80

               DEALLOCATED  4.03E-02 MB MEMORY FROM ARRAY STFKEY
               DEALLOCATED  1.47E+01 MB MEMORY FROM ARRAY STF3

 >> LINK  1 END


 >> LINK  2 BEGIN



 *INFORMATION: AUTOSPC Summary, Overall: after identification of all AUTOSPC's                                                               

                                     AUTOSPC_RAT = 1.000000E-08

                       Number of DOF's identified for AUTOSPC in component  1         =            0
                       Number of DOF's identified for AUTOSPC in component  2         =            0
                       Number of DOF's identified for AUTOSPC in component  3         =            0
                       Number of DOF's identified for AUTOSPC in component  4         =            0
                       Number of DOF's identified for AUTOSPC in component  5         =            0
                       Number of DOF's identified for AUTOSPC in component  6         =           80
                                                                                        ------------
                       Total number of DOF's identified overall                       =           80


 >> LINK  2 END


 >> LINK  4 BEGIN


                           E I G E N V A L U E   A N A L Y S I S   S U M M A R Y   (LANCZOS  Mode 3 DGB, Shift eigen = -1.00E+00)
                                                                      (SPARSE solution)

                                NUMBER OF EIGENVALUES EXTRACTED  . . . . . .         6

                                LARGEST OFF-DIAGONAL GENERALIZED MASS TERM     7.2E-08 (Vecs renormed to 1.0 for gen masses)

                                                                       . . .         3
                                          MODE PAIR . . . . . . . . . .
                                                                       . . .         2

                                NUMBER OF OFF DIAGONAL GENERALIZED MASS
                                TERMS FAILING CRITERION OF  1.0E-04. . . . .         0



                                            R E A L   E I G E N V A L U E S
    MODE  EXTRACTION      EIGENVALUE           RADIANS              CYCLES            GENERALIZED         GENERALIZED        
   NUMBER   ORDER                                                                        MASS              STIFFNESS

        1       1        2.521719E+05        5.021672E+02        7.992239E+01        1.000000E+00        2.521719E+05
        2       2        7.109552E+05        8.431816E+02        1.341965E+02        1.000000E+00        7.109552E+05
        3       3        2.270447E+06        1.506800E+03        2.398147E+02        1.000000E+00        2.270447E+06
        4       4        4.233942E+06        2.057655E+03        3.274859E+02        1.000000E+00        4.233942E+06
        5       5        5.244677E+06        2.290126E+03        3.644849E+02        1.000000E+00        5.244677E+06
        6       6        1.069406E+07        3.270177E+03        5.204648E+02        1.000000E+00        1.069406E+07



 >> LINK  4 END


 >> LINK  5 BEGIN


 >> LINK  5 END


 >> LINK  9 BEGIN


                                                    SPC Force Summary on AUTOSPC'd DOF's
                                                 (in global coordinate system at each grid)
        For detailed information on the SPC forces for the AUTOSPC DOF's, set field 7 (AUTOSPC_SPCF) on the PARAM AUTOSPC entry to Y

                              T1             T2             T3             R1             R2             R3

 ABS AUTOSPC FORCES  :   0.000000E+00   0.000000E+00   0.000000E+00   0.000000E+00   0.000000E+00   5.597361E-04
 AUTOSPC FORCE TOTALS:   0.000000E+00   0.000000E+00   0.000000E+00   0.000000E+00   0.000000E+00   2.250021E-04
     (for output set)

                                                    SPC Force Summary on AUTOSPC'd DOF's
                                                 (in global coordinate system at each grid)
        For detailed information on the SPC forces for the AUTOSPC DOF's, set field 7 (AUTOSPC_SPCF) on the PARAM AUTOSPC entry to Y

                              T1             T2             T3             R1             R2             R3

 ABS AUTOSPC FORCES  :   0.000000E+00   0.000000E+00   0.000000E+00   0.000000E+00   0.000000E+00   3.369364E-04
 AUTOSPC FORCE TOTALS:   0.000000E+00   0.000000E+00   0.000000E+00   0.000000E+00   0.000000E+00   1.567569E-03
     (for output set)

                                                    SPC Force Summary on AUTOSPC'd DOF's
                                                 (in global coordinate system at each grid)
        For detailed information on the SPC forces for the AUTOSPC DOF's, set field 7 (AUTOSPC_SPCF) on the PARAM AUTOSPC entry to Y

                              T1             T2             T3             R1             R2             R3

 ABS AUTOSPC FORCES  :   0.000000E+00   0.000000E+00   0.000000E+00   0.000000E+00   0.000000E+00   6.866719E-04
 AUTOSPC FORCE TOTALS:   0.000000E+00   0.000000E+00   0.000000E+00   0.000000E+00   0.000000E+00   1.651389E-04
     (for output set)

                                                    SPC Force Summary on AUTOSPC'd DOF's
                                                 (in global coordinate system at each grid)
        For detailed information on the SPC forces for the AUTOSPC DOF's, set field 7 (AUTOSPC_SPCF) on the PARAM AUTOSPC entry to Y

                              T1             T2             T3             R1             R2             R3

 ABS AUTOSPC FORCES  :   0.000000E+00   0.000000E+00   0.000000E+00   0.000000E+00   0.000000E+00   4.834544E-04
 AUTOSPC FORCE TOTALS:   0.000000E+00   0.000000E+00   0.000000E+00   0.000000E+00   0.000000E+00  -8.903685E-04
     (for output set)

                                                    SPC Force Summary on AUTOSPC'd DOF's
                                                 (in global coordinate system at each grid)
        For detailed information on the SPC forces for the AUTOSPC DOF's, set field 7 (AUTOSPC_SPCF) on the PARAM AUTOSPC entry to Y

                              T1             T2             T3             R1             R2             R3

 ABS AUTOSPC FORCES  :   0.000000E+00   0.000000E+00   0.000000E+00   0.000000E+00   0.000000E+00   8.866920E-04
 AUTOSPC FORCE TOTALS:   0.000000E+00   0.000000E+00   0.000000E+00   0.000000E+00   0.000000E+00   8.082757E-04
     (for output set)

                                                    SPC Force Summary on AUTOSPC'd DOF's
                                                 (in global coordinate system at each grid)
        For detailed information on the SPC forces for the AUTOSPC DOF's, set field 7 (AUTOSPC_SPCF) on the PARAM AUTOSPC entry to Y

                              T1             T2             T3             R1             R2             R3

 ABS AUTOSPC FORCES  :   0.000000E+00   0.000000E+00   0.000000E+00   0.000000E+00   0.000000E+00   8.396591E-04
 AUTOSPC FORCE TOTALS:   0.000000E+00   0.000000E+00   0.000000E+00   0.000000E+00   0.000000E+00   9.622947E-04
     (for output set)

 >> LINK  9 END

    Total CPU time =  4.76E+01 seconds

 >> MYSTRAN END    :  4/24/2026 at 16:27: 9.  8
